generic_name,brand_name_raw,yj_code,family_key,strength_extracted,form_extracted,present_siblings_in_family,source_xml_hash
メピバカイン塩酸塩,1%カルボカイン注,1214402A2028,メピバカイン塩酸塩|カルボカイン注,1.0%,注射剤,0.5%カルボカイン注,97cc64f1536f
プロポフォール注射剤,1%ディプリバン注,1119402A2029,プロポフォール注射剤|ディプリバン注,1.0%,注射剤,1%ディプリバン注,5d36d34f4d9e
プロポフォール注射剤,1%ディプリバン注−キット,1119402G2021,プロポフォール注射剤|ディプリバン注−キット,1.0%,注射剤,1%ディプリバン注−キット,742150972d4d
クロルジアゼポキシド錠,10mgコントール錠,1124028F2036,クロルジアゼポキシド錠|コントール錠,10.0mg,錠,5mgコントール錠,cc943678d506
ジアゼパム錠・散,10mgセルシン錠,1124017F5037,ジアゼパム錠・散|セルシン錠,10.0mg,錠,2mgセルシン錠,65f98d9ddd0b
メピバカイン塩酸塩,2%カルボカイン注,1214402A3024,メピバカイン塩酸塩|カルボカイン注,2.0%,注射剤,0.5%カルボカイン注,97cc64f1536f
グルタラール製剤,20%グルタルアルデヒド−兼一,732170AQ2171,グルタラール製剤|グルタルアルデヒド−兼一,20.0%,(不明),2%グルタルアルデヒド−兼一,0e545f4e4626
精製ブドウ糖,20%ブドウ糖注射液「ニッシン」,3231401H1173,精製ブドウ糖|ブドウ糖注射液「ニッシン」,20.0%,注射剤,5%ブドウ糖注射液「ニッシン」,104c210acff8
グルタラール製剤,20％ステリキット,732170AQ2180,グルタラール製剤|ステリキット,20.0%,(不明),2％ステリキット,91278359354d
リオチロニンナトリウム,25mcgチロナミン錠,2431003F2031,リオチロニンナトリウム|チロナミン錠,25.0mcg,錠,5mcgチロナミン錠; チロナミン錠5μg,9a7d0bc34139
精製ブドウ糖,50%ブドウ糖注射液「ニッシン」,3231401H7104,精製ブドウ糖|ブドウ糖注射液「ニッシン」,50.0%,注射剤,5%ブドウ糖注射液「ニッシン」,104c210acff8
フルスルチアミン塩酸塩錠,50mgアリナミンF糖衣錠,3122007F3027,フルスルチアミン塩酸塩錠|アリナミンF糖衣錠,50.0mg,錠,25mgアリナミンF糖衣錠,b52e4f6c039f
ジアゼパム錠・散,5mgセルシン錠,1124017F4049,ジアゼパム錠・散|セルシン錠,5.0mg,錠,2mgセルシン錠,65f98d9ddd0b
フルオロウラシル,5−FU注1000mg,4223401A3022,フルオロウラシル|5−FU注,1000.0mg,注射剤,5−FU注250mg,00ba070ebe6b
精製ブドウ糖,5％糖液キットH(100mL),3231400G4024,精製ブドウ糖|糖液キットH(),5.0%/100.0ml,液剤,5％糖液キットH(50mL),3232215a1537
-,ACD-A液 500mL,333950AX1030,-|ACD-A液,500.0ml,液剤,ACD-A液 250mL,6b70535f2035
デキサメタゾンメタスルホ安息香酸エステルナトリウム点眼液,D・E・X点眼液0.05%「ニットー」,1315701Q2070,デキサメタゾンメタスルホ安息香酸エステルナトリウム点眼液|D・E・X点眼液「ニットー」,0.05%,点眼剤,D・E・X点眼液0.02%「ニットー」,96e35a6164a4
デキサメタゾンメタスルホ安息香酸エステルナトリウム点眼液,D・E・X点眼液0.1%「ニットー」,1315701Q3106,デキサメタゾンメタスルホ安息香酸エステルナトリウム点眼液|D・E・X点眼液「ニットー」,0.1%,点眼剤,D・E・X点眼液0.02%「ニットー」,96e35a6164a4
ガドキセト酸ナトリウム,EOB・プリモビスト注シリンジ（10mL）,7290415G2027,ガドキセト酸ナトリウム|EOB・プリモビスト注シリンジ(),10.0ml,注射剤,EOB・プリモビスト注シリンジ（5mL）,2038a3870ccc
ヒト絨毛性性腺刺激ホルモン,HCGモチダ注射用1万単位,2413402X5079,ヒト絨毛性性腺刺激ホルモン|HCGモチダ注射用1万単位,,注射剤,,94eaa3510b74
ヒト絨毛性性腺刺激ホルモン,HCGモチダ注射用5千単位,2413402X4153,ヒト絨毛性性腺刺激ホルモン|HCGモチダ注射用5千単位,,注射剤,,94eaa3510b74
ヒト下垂体性性腺刺激ホルモン,HMG注射用150IU「フェリング」,2413400D2082,ヒト下垂体性性腺刺激ホルモン|HMG注射用150IU「フェリング」,,注射剤,,f9931985abc2
ヒト下垂体性性腺刺激ホルモン,HMG注射用150単位「F」,2413400D4123,ヒト下垂体性性腺刺激ホルモン|HMG注射用「F」,150.0単位,注射剤,HMG注射用75単位「F」,8fb7f13f53e4
ヒト下垂体性性腺刺激ホルモン,HMG注用150単位「あすか」,2413400D2090,ヒト下垂体性性腺刺激ホルモン|HMG注用「あすか」,150.0単位,注射剤,HMG注用75単位「あすか」,d4d40c964306
補正用1モル塩化カリウム液,KCL注20mEqキット「テルモ」,3319402G4024,補正用1モル塩化カリウム液|KCL注20mEqキット「テルモ」,,注射剤,,6e24e5f44308
電解質輸液（開始液）,KN1号輸液（500mL）,3319501A3045,電解質輸液（開始液）|KN1号輸液(),500.0ml,液剤,KN1号輸液（200mL）,62e86e176e68
電解質輸液（維持液）,KN3号輸液（500mL）,3319513A3064,電解質輸液（維持液）|KN3号輸液(),500.0ml,液剤,KN3号輸液（200mL）,c89ca069c244
デキストラン硫酸エステルナトリウム　イオウ18,MDSコーワ錠300,2189003F2035,デキストラン硫酸エステルナトリウム　イオウ18|MDSコーワ錠300,,錠,,2054d1871b06
モルヒネ硫酸塩水和物,MSコンチン錠30mg,8114004G2023,モルヒネ硫酸塩水和物|MSコンチン錠,30.0mg,錠,MSコンチン錠10mg,77e83471d8b4
モルヒネ硫酸塩水和物,MSコンチン錠60mg,8114004G3020,モルヒネ硫酸塩水和物|MSコンチン錠,60.0mg,錠,MSコンチン錠10mg,77e83471d8b4
モルヒネ硫酸塩水和物徐放性カプセル,MSツワイスロンカプセル30mg,8114004N5021,モルヒネ硫酸塩水和物徐放性カプセル|MSツワイスロンカプセル,30.0mg,カプセル,MSツワイスロンカプセル10mg,fe1eefee6533
モルヒネ硫酸塩水和物徐放性カプセル,MSツワイスロンカプセル60mg,8114004N6028,モルヒネ硫酸塩水和物徐放性カプセル|MSツワイスロンカプセル,60.0mg,カプセル,MSツワイスロンカプセル10mg,fe1eefee6533
乾燥人血液凝固第Ⅸ因子複合体,PPSB−HT静注用500単位「タケダ」,6343409X7067,乾燥人血液凝固第Ⅸ因子複合体|PPSB−HT静注用「タケダ」,500.0単位,注射剤,PPSB−HT静注用200単位「タケダ」,e879c8ffc7c2
開始液,YDソリタ－T1号輸液（500mL）,3319500A3083,開始液|YDソリタ-T1号輸液(),500.0ml,液剤,YDソリタ－T1号輸液（200mL）,a5eeac189abd
維持液7.5%糖加,YDソリタ－T3号G輸液（500mL）,3319511A4053,維持液7.5%糖加|YDソリタ-T3号G輸液(),500.0ml,液剤,YDソリタ－T3号G輸液（200mL）,4143023628e0
維持液,YDソリタ－T3号輸液（500mL）,3319510A4113,維持液|YDソリタ-T3号輸液(),500.0ml,液剤,YDソリタ－T3号輸液（200mL）,828289dbba1e
精製下垂体性性腺刺激ホルモン,uFSH注用150単位「あすか」,2413403D3023,精製下垂体性性腺刺激ホルモン|uFSH注用「あすか」,150.0単位,注射剤,uFSH注用75単位「あすか」,dd977cb6f32c
レボホリナートカルシウム水和物,アイソボリン点滴静注用100mg,3929407D2108,レボホリナートカルシウム水和物|アイソボリン点滴静注用,100.0mg,注射剤,アイソボリン点滴静注用25mg,e859d53348a9
日本薬局方一硝酸イソソルビド錠,アイトロール錠20㎎,2171023F2020,日本薬局方一硝酸イソソルビド錠|アイトロール錠,20.0mg,錠,アイトロール錠10㎎,d905d0072cb4
コンドロイチン硫酸エステルナトリウム点眼液,アイドロイチン3％点眼液,1319709Q4027,コンドロイチン硫酸エステルナトリウム点眼液|アイドロイチン点眼液,3.0%,点眼剤,アイドロイチン1％点眼液,5ca014b9e871
一酸化窒素,"アイノフロー吸入用4,880ppm EVO",2190700G2027,"一酸化窒素|アイノフロー吸入用4,880ppmEVO",,吸入剤,,42b8189269d2
スプラタストトシル酸塩,アイピーディカプセル100,4490016M2020,スプラタストトシル酸塩|アイピーディカプセル100,,カプセル,,9ddfbf7cc1f0
ニポカリマブ（遺伝子組換え）,アイマービー点滴静注1200mg,6399434A2023,ニポカリマブ（遺伝子組換え）|アイマービー点滴静注,1200.0mg,注射剤,アイマービー点滴静注300mg,7d4296fc0024
"イルベサルタン
アムロジピンベシル酸塩",アイミクス配合錠HD,2149118F2026,"イルベサルタン
アムロジピンベシル酸塩|アイミクス配合錠HD",,錠,,1a11bd669352
インスリン　イコデク（遺伝子組換え）,アウィクリ注 フレックスタッチ 総量700単位,2492424G2029,インスリン　イコデク（遺伝子組換え）|アウィクリ注フレックスタッチ総量,700.0単位,注射剤,アウィクリ注 フレックスタッチ 総量300単位,7e67bd0de5f5
アカルボース錠,アカルボース錠100mg「NIG」,3969003F2146,アカルボース錠|アカルボース錠「NIG」,100.0mg,錠,アカルボース錠50mg「NIG」,a8160c1b2367
アカルボース,アカルボース錠100mg「サワイ」,3969003F2090,アカルボース|アカルボース錠「サワイ」,100.0mg,錠,アカルボース錠50mg「サワイ」,92519de29209
アガルシダーゼ ベータ（遺伝子組換え）［アガルシダーゼ ベータ後続1］,アガルシダーゼ ベータBS点滴静注35mg「JCR」,3959420A2025,アガルシダーゼ ベータ（遺伝子組換え）［アガルシダーゼ ベータ後続1］|アガルシダーゼベータBS点滴静注「JCR」,35.0mg,注射剤,アガルシダーゼ ベータBS点滴静注5mg「JCR」,1017c73a90e6
ビペリデン塩酸塩,アキネトン細粒1％,1162001C1043,ビペリデン塩酸塩|アキネトン細粒,1.0%,(不明),,64ef09500c8e
アトゲパント水和物,アクイプタ錠10mg,1190036F1021,アトゲパント水和物|アクイプタ錠,10.0mg,錠,アクイプタ錠60mg,b42a39c96b0f
アトゲパント水和物,アクイプタ錠30mg,1190036F2028,アトゲパント水和物|アクイプタ錠,30.0mg,錠,アクイプタ錠60mg,b42a39c96b0f
-,アクチット輸液（500mLバッグ）,3319550A5092,-|アクチット輸液(バッグ),500.0ml,液剤,アクチット輸液（200mLバッグ）,ef41f7d0fe4a
アルテプラーゼ（遺伝子組換え）,アクチバシン注1200万,3959402D2023,アルテプラーゼ（遺伝子組換え）|アクチバシン注1200万,,注射剤,,2edfa332eaef
アルテプラーゼ（遺伝子組換え）,アクチバシン注2400万,3959402D3020,アルテプラーゼ（遺伝子組換え）|アクチバシン注2400万,,注射剤,,2edfa332eaef
トシリズマブ（遺伝子組換え）,アクテムラ点滴静注用200mg,6399421A1020,トシリズマブ（遺伝子組換え）|アクテムラ点滴静注用,200.0mg,注射剤,アクテムラ点滴静注用80mg,0f556510a345
トシリズマブ（遺伝子組換え）,アクテムラ点滴静注用400mg,6399421A3022,トシリズマブ（遺伝子組換え）|アクテムラ点滴静注用,400.0mg,注射剤,アクテムラ点滴静注用80mg,0f556510a345
トシリズマブ（遺伝子組換え）,アクテムラ皮下注162mgオートインジェクター,6399421G2029,トシリズマブ（遺伝子組換え）|アクテムラ皮下注オートインジェクター,162.0mg,注射剤,,7fe7e252e43e
ピオグリタゾン塩酸塩口腔内崩壊錠,アクトスOD錠30,3969007F4023,ピオグリタゾン塩酸塩口腔内崩壊錠|アクトスOD錠30,,OD錠,,6dd012c8707a
ピオグリタゾン塩酸塩錠,アクトス錠30,3969007F2020,ピオグリタゾン塩酸塩錠|アクトス錠30,,錠,,06f8270453d0
注射用ネダプラチン,アクプラ静注用100mg,4291405F3028,注射用ネダプラチン|アクプラ静注用,100.0mg,注射剤,アクプラ静注用10mg,1f18aafa43d7
注射用ネダプラチン,アクプラ静注用50mg,4291405F2021,注射用ネダプラチン|アクプラ静注用,50.0mg,注射剤,アクプラ静注用10mg,1f18aafa43d7
マルトース加酢酸維持液,アクマルト輸液,3319550A5084,マルトース加酢酸維持液|アクマルト輸液,,液剤,アクマルト輸液,332cf2ec4bbb
ブドウ糖加酢酸リンゲル液,アクメインD輸液,3319551A4120,ブドウ糖加酢酸リンゲル液|アクメインD輸液,,液剤,アクメインD輸液,1efaa70fcd9b
ブドウ糖加酢酸リンゲル液,アクメインD輸液,3319551A2071,ブドウ糖加酢酸リンゲル液|アクメインD輸液,,液剤,アクメインD輸液,1efaa70fcd9b
テトラサイクリン塩酸塩カプセル,アクロマイシンVカプセル250mg,6152002M2020,テトラサイクリン塩酸塩カプセル|アクロマイシンVカプセル,250.0mg,カプセル,アクロマイシンVカプセル50mg,94aaca41ec8d
アンチトロンビン ガンマ（遺伝子組換え）,アコアラン静注用1800,6343444D2028,アンチトロンビン ガンマ（遺伝子組換え）|アコアラン静注用1800,,注射剤,,0e0ded4b7ffc
アズトレオナム,アザクタム注射用1g,6122400D2024,アズトレオナム|アザクタム注射用,1.0g,注射剤,アザクタム注射用0.5g,2ab054af29d9
アザシチジン,アザシチジン注射用150mg「NK」,4291419D2022,アザシチジン|アザシチジン注射用「NK」,150.0mg,注射剤,アザシチジン注射用100mg「NK」,ea77061eea9b
注射用アザシチジン,アザシチジン注射用150mg「オーハラ」,4291419D2030,注射用アザシチジン|アザシチジン注射用「オーハラ」,150.0mg,注射剤,アザシチジン注射用100mg「オーハラ」,5ea0870476f4
サラゾスルファピリジン,アザルフィジンEN錠500mg,6219001H1056,サラゾスルファピリジン|アザルフィジンEN錠,500.0mg,錠,アザルフィジンEN錠250mg,e88b0af478ce
アシクロビル,アシクロビルクリーム5%「ラクール」,6250701N1057,アシクロビル|アシクロビルクリーム「ラクール」,5.0%,クリーム,,0003c31f685e
アシクロビル,アシクロビル錠400mg「サワイ」,6250002F2234,アシクロビル|アシクロビル錠「サワイ」,400.0mg,錠,アシクロビル錠200mg「サワイ」,9053e04e5b56
アシクロビル錠,アシクロビル錠400mg「トーワ」,6250002F2269,アシクロビル錠|アシクロビル錠「トーワ」,400.0mg,錠,アシクロビル錠200mg「トーワ」,3451597fc77c
アレルゲンエキス,アシテアダニ舌下錠300単位（IR）,4490030F2020,アレルゲンエキス|アシテアダニ舌下錠(IR),300.0単位,錠,アシテアダニ舌下錠100単位（IR）,901b99f66967
ニザチジン,アシノン錠150mg,2325005F1031,ニザチジン|アシノン錠,150.0mg,錠,アシノン錠75mg,05c0d3c7af7a
アジスロマイシン水和物,アジスロマイシン小児用錠100mg「タカタ」,6149004F3020,アジスロマイシン水和物|アジスロマイシン小児用錠「タカタ」,100.0mg,錠,,e0671212167e
アジスロマイシン錠,アジスロマイシン錠500mg「トーワ」,6149004F4027,アジスロマイシン錠|アジスロマイシン錠「トーワ」,500.0mg,錠,アジスロマイシン錠250mg「トーワ」,1cd27ca8507e
アジルサルタン口腔内崩壊錠,アジルサルタンOD錠20mg「DSEP」,2149048F5028,アジルサルタン口腔内崩壊錠|アジルサルタンOD錠「DSEP」,20.0mg,OD錠,アジルサルタンOD錠10mg「DSEP」,11429a38cf3c
アジルサルタン,アジルサルタンOD錠20mg「ケミファ」,2149048F5044,アジルサルタン|アジルサルタンOD錠「ケミファ」,20.0mg,OD錠,アジルサルタンOD錠10mg「ケミファ」,f20f51acba94
アジルサルタン,アジルサルタンOD錠20mg「サワイ」,2149048F5052,アジルサルタン|アジルサルタンOD錠「サワイ」,20.0mg,OD錠,アジルサルタンOD錠10mg「サワイ」,494122747f78
アジルサルタン口腔内崩壊錠,アジルサルタンOD錠20mg「フェルゼン」,2149048F5079,アジルサルタン口腔内崩壊錠|アジルサルタンOD錠「フェルゼン」,20.0mg,OD錠,アジルサルタンOD錠10mg「フェルゼン」,bdab6c5b9e72
アジルサルタン,アジルサルタンOD錠20mg「日新」,2149048F5060,アジルサルタン|アジルサルタンOD錠「日新」,20.0mg,OD錠,アジルサルタンOD錠10mg「日新」,9eafcff3264d
アジルサルタン,アジルサルタンOD錠20mg「明治」,2149048F5087,アジルサルタン|アジルサルタンOD錠「明治」,20.0mg,OD錠,アジルサルタンOD錠10mg「明治」,f041c3689637
アジルサルタン,アジルサルタンOD錠20mg「杏林」,2149048F5036,アジルサルタン|アジルサルタンOD錠「杏林」,20.0mg,OD錠,アジルサルタンOD錠10mg「杏林」,0a5654b31d52
アジルサルタン口腔内崩壊錠,アジルサルタンOD錠40mg「DSEP」,2149048F6024,アジルサルタン口腔内崩壊錠|アジルサルタンOD錠「DSEP」,40.0mg,OD錠,アジルサルタンOD錠10mg「DSEP」,11429a38cf3c
アジルサルタン,アジルサルタンOD錠40mg「ケミファ」,2149048F6040,アジルサルタン|アジルサルタンOD錠「ケミファ」,40.0mg,OD錠,アジルサルタンOD錠10mg「ケミファ」,f20f51acba94
アジルサルタン,アジルサルタンOD錠40mg「サワイ」,2149048F6059,アジルサルタン|アジルサルタンOD錠「サワイ」,40.0mg,OD錠,アジルサルタンOD錠10mg「サワイ」,494122747f78
アジルサルタン口腔内崩壊錠,アジルサルタンOD錠40mg「フェルゼン」,2149048F6075,アジルサルタン口腔内崩壊錠|アジルサルタンOD錠「フェルゼン」,40.0mg,OD錠,アジルサルタンOD錠10mg「フェルゼン」,bdab6c5b9e72
アジルサルタン,アジルサルタンOD錠40mg「日新」,2149048F6067,アジルサルタン|アジルサルタンOD錠「日新」,40.0mg,OD錠,アジルサルタンOD錠10mg「日新」,9eafcff3264d
アジルサルタン,アジルサルタンOD錠40mg「明治」,2149048F6083,アジルサルタン|アジルサルタンOD錠「明治」,40.0mg,OD錠,アジルサルタンOD錠10mg「明治」,f041c3689637
アジルサルタン,アジルサルタンOD錠40mg「杏林」,2149048F6032,アジルサルタン|アジルサルタンOD錠「杏林」,40.0mg,OD錠,アジルサルタンOD錠10mg「杏林」,0a5654b31d52
アジルサルタン錠,アジルサルタン錠20mg「JG」,2149048F1030,アジルサルタン錠|アジルサルタン錠「JG」,20.0mg,錠,アジルサルタン錠10mg「JG」,3b7ea6128825
アジルサルタン錠,アジルサルタン錠20mg「TCK」,2149048F1090,アジルサルタン錠|アジルサルタン錠「TCK」,20.0mg,錠,アジルサルタン錠10mg「TCK」,48538a7d0410
アジルサルタン,アジルサルタン錠20mg「サワイ」,2149048F1049,アジルサルタン|アジルサルタン錠「サワイ」,20.0mg,錠,アジルサルタン錠10mg「サワイ」,543072b4fd2b
アジルサルタン,アジルサルタン錠20mg「サンド」,2149048F1057,アジルサルタン|アジルサルタン錠「サンド」,20.0mg,錠,アジルサルタン錠10mg「サンド」,bbe8af96b5c5
アジルサルタン錠,アジルサルタン錠20mg「トーワ」,2149048F1073,アジルサルタン錠|アジルサルタン錠「トーワ」,20.0mg,錠,アジルサルタン錠10mg「トーワ」,1a6e24c3d7e0
アジルサルタン錠,アジルサルタン錠20mg「ニプロ」,2149048F1081,アジルサルタン錠|アジルサルタン錠「ニプロ」,20.0mg,錠,アジルサルタン錠10mg「ニプロ」,d6099e8f1b28
アジルサルタン錠,アジルサルタン錠20mg「武田テバ」,2149048F1065,アジルサルタン錠|アジルサルタン錠「武田テバ」,20.0mg,錠,アジルサルタン錠10mg「武田テバ」,9fe993d8bdc3
アジルサルタン錠,アジルサルタン錠40mg「JG」,2149048F2037,アジルサルタン錠|アジルサルタン錠「JG」,40.0mg,錠,アジルサルタン錠10mg「JG」,3b7ea6128825
アジルサルタン錠,アジルサルタン錠40mg「TCK」,2149048F2096,アジルサルタン錠|アジルサルタン錠「TCK」,40.0mg,錠,アジルサルタン錠10mg「TCK」,48538a7d0410
アジルサルタン,アジルサルタン錠40mg「サワイ」,2149048F2045,アジルサルタン|アジルサルタン錠「サワイ」,40.0mg,錠,アジルサルタン錠10mg「サワイ」,543072b4fd2b
アジルサルタン,アジルサルタン錠40mg「サンド」,2149048F2053,アジルサルタン|アジルサルタン錠「サンド」,40.0mg,錠,アジルサルタン錠10mg「サンド」,bbe8af96b5c5
アジルサルタン錠,アジルサルタン錠40mg「トーワ」,2149048F2070,アジルサルタン錠|アジルサルタン錠「トーワ」,40.0mg,錠,アジルサルタン錠10mg「トーワ」,1a6e24c3d7e0
アジルサルタン錠,アジルサルタン錠40mg「ニプロ」,2149048F2088,アジルサルタン錠|アジルサルタン錠「ニプロ」,40.0mg,錠,アジルサルタン錠10mg「ニプロ」,d6099e8f1b28
アジルサルタン錠,アジルサルタン錠40mg「武田テバ」,2149048F2061,アジルサルタン錠|アジルサルタン錠「武田テバ」,40.0mg,錠,アジルサルタン錠10mg「武田テバ」,9fe993d8bdc3
アジルサルタン錠／アジルサルタン顆粒,アジルバ錠20mg,2149048F1022,アジルサルタン錠／アジルサルタン顆粒|アジルバ錠,20.0mg,錠,アジルバ錠10mg,944ea61f76de
アジルサルタン錠／アジルサルタン顆粒,アジルバ錠40mg,2149048F2029,アジルサルタン錠／アジルサルタン顆粒|アジルバ錠,40.0mg,錠,アジルバ錠10mg,944ea61f76de
アジルサルタン錠／アジルサルタン顆粒,アジルバ顆粒1%,2149048D1021,アジルサルタン錠／アジルサルタン顆粒|アジルバ顆粒,1.0%,顆粒,,944ea61f76de
ラサギリンメシル酸塩,アジレクト錠0.5mg,1169017F1025,ラサギリンメシル酸塩|アジレクト錠,0.5mg,錠,アジレクト錠1mg,22e767269221
アスコルビン酸注射液,アスコルビン酸注1g「NP」,3140400A5072,アスコルビン酸注射液|アスコルビン酸注「NP」,1.0g,注射剤,アスコルビン酸注100mg「NP」,2be7069ca64f
アスコルビン酸注射液,アスコルビン酸注500mg「NP」,3140400A4203,アスコルビン酸注射液|アスコルビン酸注「NP」,500.0mg,注射剤,アスコルビン酸注100mg「NP」,2be7069ca64f
アスコルビン酸注射液,アスコルビン酸注射液1000mg「トーワ」,3140400A5080,アスコルビン酸注射液|アスコルビン酸注射液「トーワ」,1000.0mg,注射剤,アスコルビン酸注射液100mg「トーワ」,e136969315ee
アスコルビン酸注射液,アスコルビン酸注射液2000mg「トーワ」,3140400A6052,アスコルビン酸注射液|アスコルビン酸注射液「トーワ」,2000.0mg,注射剤,アスコルビン酸注射液100mg「トーワ」,e136969315ee
アスコルビン酸注射液,アスコルビン酸注射液500mg「トーワ」,3140400A4211,アスコルビン酸注射液|アスコルビン酸注射液「トーワ」,500.0mg,注射剤,アスコルビン酸注射液100mg「トーワ」,e136969315ee
ラノコナゾール製剤,アスタット外用液1%,2655710Q1036,ラノコナゾール製剤|アスタット外用液,1.0%,液剤,,b9a025426e24
ラノコナゾール製剤,アスタット軟膏1%,2655710M1034,ラノコナゾール製剤|アスタット軟膏,1.0%,軟膏,,b9a025426e24
L-アスパラギン酸カリウム製剤,アスパラカリウム散50%,3229005B1038,L-アスパラギン酸カリウム製剤|アスパラカリウム散,50.0%,散剤,,7d82f93bd400
チペピジンヒベンズ酸塩製剤,アスベリンシロップ0.5％,2249003Q1048,チペピジンヒベンズ酸塩製剤|アスベリンシロップ,0.5%,シロップ,,798da4eec5c6
チペピジンヒベンズ酸塩製剤,アスベリンシロップ「調剤用」2％,2249003Q2044,チペピジンヒベンズ酸塩製剤|アスベリンシロップ「調剤用」,2.0%,シロップ,,798da4eec5c6
チペピジンヒベンズ酸塩製剤,アスベリンドライシロップ2％,2249003R1043,チペピジンヒベンズ酸塩製剤|アスベリンドライシロップ,2.0%,ドライシロップ,,798da4eec5c6
チペピジンヒベンズ酸塩製剤,アスベリン散10％,2249003B1037,チペピジンヒベンズ酸塩製剤|アスベリン散,10.0%,散剤,,798da4eec5c6
チペピジンヒベンズ酸塩製剤,アスベリン錠20,2249003F2027,チペピジンヒベンズ酸塩製剤|アスベリン錠20,,錠,,798da4eec5c6
アプリンジン塩酸塩,アスペノンカプセル20,2129004M2022,アプリンジン塩酸塩|アスペノンカプセル20,,カプセル,,52bcd8a307cd
モメタゾンフランカルボン酸エステル,アズマネックスツイストヘラー200μg60吸入,2290703G2026,モメタゾンフランカルボン酸エステル|アズマネックスツイストヘラー60吸入,200.0μg,(不明),アズマネックスツイストヘラー100μg60吸入,53631035efdf
エグアレンナトリウム水和物製剤,アズロキサ顆粒2.5％,2323002D1032,エグアレンナトリウム水和物製剤|アズロキサ顆粒,2.5%,顆粒,,aeab1d276b24
ブドウ糖加酢酸維持液,アセテート維持液3G「HK」,3319562A3033,ブドウ糖加酢酸維持液|アセテート維持液「HK」,3.0g,液剤,アセテート維持液3G「HK」,e47a976cdf86
アセトアミノフェン錠・ドライシロップ,アセトアミノフェンDS40%「三和」,1141007R2031,アセトアミノフェン錠・ドライシロップ|アセトアミノフェンDS「三和」,40.0%,(不明),,191af7d52f0e
アセトアミノフェン,アセトアミノフェン坐剤小児用100mg「JG」,1141700J2181,アセトアミノフェン|アセトアミノフェン坐剤小児用「JG」,100.0mg,坐剤,アセトアミノフェン坐剤小児用50mg「JG」,769cb906545e
アセトアミノフェン坐剤,アセトアミノフェン坐剤小児用100mg「NIG」,1141700J2211,アセトアミノフェン坐剤|アセトアミノフェン坐剤小児用「NIG」,100.0mg,坐剤,アセトアミノフェン坐剤小児用50mg「NIG」,71e5a94763c8
アセトアミノフェン坐剤,アセトアミノフェン坐剤小児用100mg「シオエ」,1141700J2203,アセトアミノフェン坐剤|アセトアミノフェン坐剤小児用「シオエ」,100.0mg,坐剤,アセトアミノフェン坐剤小児用50mg「シオエ」,614dc11a3222
アセトアミノフェン,アセトアミノフェン坐剤小児用100mg「日新」,1141700J2190,アセトアミノフェン|アセトアミノフェン坐剤小児用「日新」,100.0mg,坐剤,アセトアミノフェン坐剤小児用50mg「日新」,5f876d486560
アセトアミノフェン,アセトアミノフェン坐剤小児用200mg「JG」,1141700J3153,アセトアミノフェン|アセトアミノフェン坐剤小児用「JG」,200.0mg,坐剤,アセトアミノフェン坐剤小児用50mg「JG」,769cb906545e
アセトアミノフェン坐剤,アセトアミノフェン坐剤小児用200mg「NIG」,1141700J3188,アセトアミノフェン坐剤|アセトアミノフェン坐剤小児用「NIG」,200.0mg,坐剤,アセトアミノフェン坐剤小児用50mg「NIG」,71e5a94763c8
アセトアミノフェン坐剤,アセトアミノフェン坐剤小児用200mg「シオエ」,1141700J3170,アセトアミノフェン坐剤|アセトアミノフェン坐剤小児用「シオエ」,200.0mg,坐剤,アセトアミノフェン坐剤小児用50mg「シオエ」,614dc11a3222
アセトアミノフェン,アセトアミノフェン坐剤小児用200mg「日新」,1141700J3161,アセトアミノフェン|アセトアミノフェン坐剤小児用「日新」,200.0mg,坐剤,アセトアミノフェン坐剤小児用50mg「日新」,5f876d486560
アセトアミノフェン,アセトアミノフェン錠300mg「JG」,1141007F2043,アセトアミノフェン|アセトアミノフェン錠「JG」,300.0mg,錠,アセトアミノフェン錠200mg「JG」,39928358d790
アセトアミノフェン錠,アセトアミノフェン錠300mg「ケンエー」,1141007F2060,アセトアミノフェン錠|アセトアミノフェン錠「ケンエー」,300.0mg,錠,アセトアミノフェン錠200mg「ケンエー」,a6927de9990b
アセトアミノフェン錠,アセトアミノフェン錠300mg「マルイシ」,1141007F2051,アセトアミノフェン錠|アセトアミノフェン錠「マルイシ」,300.0mg,錠,アセトアミノフェン錠200mg「マルイシ」,0acf59db3c4a
アセトアミノフェン錠,アセトアミノフェン錠500mg「ケンエー」,1141007F3040,アセトアミノフェン錠|アセトアミノフェン錠「ケンエー」,500.0mg,錠,アセトアミノフェン錠200mg「ケンエー」,a6927de9990b
アセトアミノフェン錠,アセトアミノフェン錠500mg「マルイシ」,1141007F3031,アセトアミノフェン錠|アセトアミノフェン錠「マルイシ」,500.0mg,錠,アセトアミノフェン錠200mg「マルイシ」,0acf59db3c4a
5%ブドウ糖加酢酸維持液,アセトキープ3G注（500mLバッグ）,3319562A3050,5%ブドウ糖加酢酸維持液|アセトキープ注(バッグ),3.0g/500.0ml,注射剤,アセトキープ3G注（200mLバッグ）,c5a3a95c2866
アゼラスチン塩酸塩,アゼプチン錠1mg,4490004F2028,アゼラスチン塩酸塩|アゼプチン錠,1.0mg,錠,アゼプチン錠0.5mg,b446331604ba
アゼラスチン塩酸塩錠,アゼラスチン塩酸塩錠1mg「NIG」,4490004F2354,アゼラスチン塩酸塩錠|アゼラスチン塩酸塩錠「NIG」,1.0mg,錠,アゼラスチン塩酸塩錠0.5mg「NIG」,e616a967cfc6
アゼラスチン塩酸塩,アゼラスチン塩酸塩錠1mg「ツルハラ」,4490004F2338,アゼラスチン塩酸塩|アゼラスチン塩酸塩錠「ツルハラ」,1.0mg,錠,アゼラスチン塩酸塩錠0.5mg「ツルハラ」,591a4a820bbb
アゼルニジピン,アゼルニジピン錠16mg「BMD」,2149043F2140,アゼルニジピン|アゼルニジピン錠「BMD」,16.0mg,錠,アゼルニジピン錠8mg「BMD」,e6c2f3d033c1
アゼルニジピン錠,アゼルニジピン錠16mg「JG」,2149043F2042,アゼルニジピン錠|アゼルニジピン錠「JG」,16.0mg,錠,アゼルニジピン錠8mg「JG」,0a646209be10
アゼルニジピン錠,アゼルニジピン錠16mg「NP」,2149043F2069,アゼルニジピン錠|アゼルニジピン錠「NP」,16.0mg,錠,アゼルニジピン錠8mg「NP」,83d37f72af84
アゼルニジピン錠,アゼルニジピン錠16mg「TCK」,2149043F2077,アゼルニジピン錠|アゼルニジピン錠「TCK」,16.0mg,錠,アゼルニジピン錠8mg「TCK」,dfb81d79af90
アゼルニジピン錠,アゼルニジピン錠16mg「YD」,2149043F2085,アゼルニジピン錠|アゼルニジピン錠「YD」,16.0mg,錠,アゼルニジピン錠8mg「YD」,fa1bc7b74993
アゼルニジピン,アゼルニジピン錠16mg「ケミファ」,2149043F2093,アゼルニジピン|アゼルニジピン錠「ケミファ」,16.0mg,錠,アゼルニジピン錠8mg「ケミファ」,c5aa2a17e9e4
アゼルニジピン錠,アゼルニジピン錠16mg「トーワ」,2149043F2123,アゼルニジピン錠|アゼルニジピン錠「トーワ」,16.0mg,錠,アゼルニジピン錠8mg「トーワ」,9818eb518ef6
アゼルニジピン,アゼルニジピン錠16mg「日医工」,2149043F2131,アゼルニジピン|アゼルニジピン錠「日医工」,16.0mg,錠,アゼルニジピン錠8mg「日医工」,f684ddfeca93
アゾセミド,アゾセミド錠60mg「DSEP」,2139008F1072,アゾセミド|アゾセミド錠「DSEP」,60.0mg,錠,アゾセミド錠30mg「DSEP」,0a329867def6
アゾセミド,アゾセミド錠60mg「JG」,2139008F1064,アゾセミド|アゾセミド錠「JG」,60.0mg,錠,アゾセミド錠30mg「JG」,86862a7f413c
ヒドロキシジンパモ酸塩,アタラックス−Pカプセル50mg,1179019M2034,ヒドロキシジンパモ酸塩|アタラックス−Pカプセル,50.0mg,カプセル,アタラックス−Pカプセル25mg,4bed04d718a3
ヒドロキシジンパモ酸塩,アタラックス−Pドライシロップ2.5%,1179019R1035,ヒドロキシジンパモ酸塩|アタラックス−Pドライシロップ,2.5%,ドライシロップ,,4bed04d718a3
ヒドロキシジン塩酸塩,アタラックス−P注射液(50mg/ml),1179401A2022,ヒドロキシジン塩酸塩|アタラックス−P注射液(/ml),50.0mg,注射剤,アタラックス−P注射液(25mg/ml),c7a66204ad8e
ヒドロキシジン塩酸塩,アタラックス錠25mg,1179005F2025,ヒドロキシジン塩酸塩|アタラックス錠,25.0mg,錠,アタラックス錠10mg,6f164a99cf27
アダパレン製剤,アダパレンクリーム0.1％「ニプロ」,2699711N1020,アダパレン製剤|アダパレンクリーム「ニプロ」,0.1%,クリーム,,c2f7d6c42e03
ニフェジピン,アダラートCR錠20mg,2171014G4029,ニフェジピン|アダラートCR錠,20.0mg,錠,アダラートCR錠10mg,c8ae2c4eb433
ニフェジピン,アダラートCR錠40mg,2171014G5025,ニフェジピン|アダラートCR錠,40.0mg,錠,アダラートCR錠10mg,c8ae2c4eb433
アダリムマブ（遺伝子組換え）［アダリムマブ後続4］製剤,アダリムマブBS皮下注40mgシリンジ0.4mL「CTNK」,3999472G2020,アダリムマブ（遺伝子組換え）［アダリムマブ後続4］製剤|アダリムマブBS皮下注シリンジ「CTNK」,40.0mg/0.4ml,注射剤,アダリムマブBS皮下注20mgシリンジ0.2mL「CTNK」,12acf1e819b2
アダリムマブ（遺伝子組換え）［アダリムマブ後続3］,アダリムマブBS皮下注40mgシリンジ0.4mL「MA」,3999463G2021,アダリムマブ（遺伝子組換え）［アダリムマブ後続3］|アダリムマブBS皮下注シリンジ「MA」,40.0mg/0.4ml,注射剤,アダリムマブBS皮下注20mgシリンジ0.2mL「MA」,494d7e22d7db
アダリムマブ（遺伝子組換え）［アダリムマブ後続1］製剤,アダリムマブBS皮下注40mgシリンジ0.8mL「FKB」,3999457G2026,アダリムマブ（遺伝子組換え）［アダリムマブ後続1］製剤|アダリムマブBS皮下注シリンジ「FKB」,40.0mg/0.8ml,注射剤,アダリムマブBS皮下注20mgシリンジ0.4mL「FKB」,2f9330776952
アダリムマブ（遺伝子組換え）［アダリムマブ後続2］製剤,アダリムマブBS皮下注40mgシリンジ0.8mL「第一三共」,3999459G2025,アダリムマブ（遺伝子組換え）［アダリムマブ後続2］製剤|アダリムマブBS皮下注シリンジ「第一三共」,40.0mg/0.8ml,注射剤,アダリムマブBS皮下注20mgシリンジ0.4mL「第一三共」,3185dcfde1dc
アダリムマブ（遺伝子組換え）［アダリムマブ後続4］製剤,アダリムマブBS皮下注40mgペン0.4mL「CTNK」,3999472G4023,アダリムマブ（遺伝子組換え）［アダリムマブ後続4］製剤|アダリムマブBS皮下注ペン「CTNK」,40.0mg/0.4ml,注射剤,,12acf1e819b2
アダリムマブ（遺伝子組換え）［アダリムマブ後続3］,アダリムマブBS皮下注40mgペン0.4mL「MA」,3999463G4024,アダリムマブ（遺伝子組換え）［アダリムマブ後続3］|アダリムマブBS皮下注ペン「MA」,40.0mg/0.4ml,注射剤,,494d7e22d7db
アダリムマブ（遺伝子組換え）［アダリムマブ後続1］製剤,アダリムマブBS皮下注40mgペン0.8mL「FKB」,3999457G3022,アダリムマブ（遺伝子組換え）［アダリムマブ後続1］製剤|アダリムマブBS皮下注ペン「FKB」,40.0mg/0.8ml,注射剤,,2f9330776952
アダリムマブ（遺伝子組換え）［アダリムマブ後続2］製剤,アダリムマブBS皮下注40mgペン0.8mL「第一三共」,3999459G3021,アダリムマブ（遺伝子組換え）［アダリムマブ後続2］製剤|アダリムマブBS皮下注ペン「第一三共」,40.0mg/0.8ml,注射剤,,3185dcfde1dc
アダリムマブ（遺伝子組換え）［アダリムマブ後続4］製剤,アダリムマブBS皮下注80mgシリンジ0.8mL「CTNK」,3999472G3027,アダリムマブ（遺伝子組換え）［アダリムマブ後続4］製剤|アダリムマブBS皮下注シリンジ「CTNK」,80.0mg/0.8ml,注射剤,アダリムマブBS皮下注20mgシリンジ0.2mL「CTNK」,12acf1e819b2
アダリムマブ（遺伝子組換え）［アダリムマブ後続3］,アダリムマブBS皮下注80mgシリンジ0.8mL「MA」,3999463G3028,アダリムマブ（遺伝子組換え）［アダリムマブ後続3］|アダリムマブBS皮下注シリンジ「MA」,80.0mg/0.8ml,注射剤,アダリムマブBS皮下注20mgシリンジ0.2mL「MA」,494d7e22d7db
アダリムマブ（遺伝子組換え）［アダリムマブ後続4］製剤,アダリムマブBS皮下注80mgペン0.8mL「CTNK」,3999472G5020,アダリムマブ（遺伝子組換え）［アダリムマブ後続4］製剤|アダリムマブBS皮下注ペン「CTNK」,80.0mg/0.8ml,注射剤,,12acf1e819b2
インダカテロール酢酸塩、モメタゾンフランカルボン酸エステル,アテキュラ吸入用カプセル中用量,2290806G2028,インダカテロール酢酸塩、モメタゾンフランカルボン酸エステル|アテキュラ吸入用カプセル中用量,,カプセル,,ff78296fac86
インダカテロール酢酸塩、モメタゾンフランカルボン酸エステル,アテキュラ吸入用カプセル高用量,2290806G3024,インダカテロール酢酸塩、モメタゾンフランカルボン酸エステル|アテキュラ吸入用カプセル高用量,,カプセル,,ff78296fac86
アテノロール,アテノロール錠50mg「JG」,2123011F2607,アテノロール|アテノロール錠「JG」,50.0mg,錠,アテノロール錠25mg「JG」,473d30372e6d
アテノロール錠,アテノロール錠50mg「NIG」,2123011F2631,アテノロール錠|アテノロール錠「NIG」,50.0mg,錠,アテノロール錠25mg「NIG」,b96565d564f7
アテノロール,アテノロール錠50mg「サワイ」,2123011F2542,アテノロール|アテノロール錠「サワイ」,50.0mg,錠,アテノロール錠25mg「サワイ」,0364f14678dc
アテノロール,アテノロール錠50mg「ツルハラ」,2123011F2623,アテノロール|アテノロール錠「ツルハラ」,50.0mg,錠,アテノロール錠25mg「ツルハラ」,b7583036ae23
アテノロール錠,アテノロール錠50mg「トーワ」,2123011F2585,アテノロール錠|アテノロール錠「トーワ」,50.0mg,錠,アテノロール錠25mg「トーワ」,f38978586b0e
アテノロール,アテノロール錠50mg「日新」,2123011F2550,アテノロール|アテノロール錠「日新」,50.0mg,錠,アテノロール錠25mg「日新」,9e695c4ad49c
シルニジピン錠,アテレック錠10,2149037F2039,シルニジピン錠|アテレック錠10,,錠,,0a1961accac0
シルニジピン錠,アテレック錠20,2149037F3027,シルニジピン錠|アテレック錠20,,錠,,0a1961accac0
ルリオクトコグ アルファ ペゴル（遺伝子組換え）,アディノベイト静注用キット1000,6343446G3020,ルリオクトコグ アルファ ペゴル（遺伝子組換え）|アディノベイト静注用キット1000,,注射剤,,b8738c18eb4a
ルリオクトコグ アルファ ペゴル（遺伝子組換え）,アディノベイト静注用キット1500,6343446G5022,ルリオクトコグ アルファ ペゴル（遺伝子組換え）|アディノベイト静注用キット1500,,注射剤,,b8738c18eb4a
ルリオクトコグ アルファ ペゴル（遺伝子組換え）,アディノベイト静注用キット2000,6343446G4026,ルリオクトコグ アルファ ペゴル（遺伝子組換え）|アディノベイト静注用キット2000,,注射剤,,b8738c18eb4a
ルリオクトコグ アルファ ペゴル（遺伝子組換え）,アディノベイト静注用キット3000,6343446G6029,ルリオクトコグ アルファ ペゴル（遺伝子組換え）|アディノベイト静注用キット3000,,注射剤,,b8738c18eb4a
ルリオクトコグ アルファ ペゴル（遺伝子組換え）,アディノベイト静注用キット500,6343446G2023,ルリオクトコグ アルファ ペゴル（遺伝子組換え）|アディノベイト静注用キット500,,注射剤,,b8738c18eb4a
デラプリル塩酸塩錠,アデカット15mg錠,2144004F2020,デラプリル塩酸塩錠|アデカット錠,15.0mg,錠,アデカット7.5mg錠,a77440b699d8
デラプリル塩酸塩錠,アデカット30mg錠,2144004F3026,デラプリル塩酸塩錠|アデカット錠,30.0mg,錠,アデカット7.5mg錠,a77440b699d8
アデノシン三リン酸二ナトリウム水和物,アデホス−Lコーワ注20mg,3992400A2138,アデノシン三リン酸二ナトリウム水和物|アデホス−Lコーワ注,20.0mg,注射剤,アデホス−Lコーワ注10mg,4f05206cd91b
アデノシン三リン酸二ナトリウム水和物,アデホス−Lコーワ注40mg,3992400A3045,アデノシン三リン酸二ナトリウム水和物|アデホス−Lコーワ注,40.0mg,注射剤,アデホス−Lコーワ注10mg,4f05206cd91b
アデノシン三リン酸二ナトリウム水和物,アデホスコーワ腸溶錠60,3992001F3028,アデノシン三リン酸二ナトリウム水和物|アデホスコーワ腸溶錠60,,錠,,242bc58aab65
リオシグアト,アデムパス錠1.0mg,2190034F2023,リオシグアト|アデムパス錠,1.0mg,錠,アデムパス錠0.5mg,225c09356d95
リオシグアト,アデムパス錠2.5mg,2190034F3020,リオシグアト|アデムパス錠,2.5mg,錠,アデムパス錠0.5mg,225c09356d95
オキシトシン,アトニン−O注5単位,2414400A2075,オキシトシン|アトニン−O注,5.0単位,注射剤,アトニン−O注1単位,a27570365f61
アトモキセチン塩酸塩,アトモキセチンカプセル10mg「VTRS」,1179050M2070,アトモキセチン塩酸塩|アトモキセチンカプセル「VTRS」,10.0mg,カプセル,アトモキセチンカプセル5mg「VTRS」,dc320ec22794
アトモキセチン塩酸塩,アトモキセチンカプセル10mg「アメル」,1179050M2062,アトモキセチン塩酸塩|アトモキセチンカプセル「アメル」,10.0mg,カプセル,アトモキセチンカプセル5mg「アメル」,1157eac782ae
アトモキセチン塩酸塩,アトモキセチンカプセル10mg「サワイ」,1179050M2038,アトモキセチン塩酸塩|アトモキセチンカプセル「サワイ」,10.0mg,カプセル,アトモキセチンカプセル5mg「サワイ」,60f8727a9f22
アトモキセチン塩酸塩,アトモキセチンカプセル10mg「日医工」,1179050M2046,アトモキセチン塩酸塩|アトモキセチンカプセル「日医工」,10.0mg,カプセル,アトモキセチンカプセル5mg「日医工」,fccadca21a77
アトモキセチン塩酸塩,アトモキセチンカプセル25mg「VTRS」,1179050M3077,アトモキセチン塩酸塩|アトモキセチンカプセル「VTRS」,25.0mg,カプセル,アトモキセチンカプセル5mg「VTRS」,dc320ec22794
アトモキセチン塩酸塩,アトモキセチンカプセル25mg「アメル」,1179050M3069,アトモキセチン塩酸塩|アトモキセチンカプセル「アメル」,25.0mg,カプセル,アトモキセチンカプセル5mg「アメル」,1157eac782ae
アトモキセチン塩酸塩,アトモキセチンカプセル25mg「サワイ」,1179050M3034,アトモキセチン塩酸塩|アトモキセチンカプセル「サワイ」,25.0mg,カプセル,アトモキセチンカプセル5mg「サワイ」,60f8727a9f22
アトモキセチン塩酸塩,アトモキセチンカプセル25mg「日医工」,1179050M3042,アトモキセチン塩酸塩|アトモキセチンカプセル「日医工」,25.0mg,カプセル,アトモキセチンカプセル5mg「日医工」,fccadca21a77
アトモキセチン塩酸塩,アトモキセチンカプセル40mg「VTRS」,1179050M4073,アトモキセチン塩酸塩|アトモキセチンカプセル「VTRS」,40.0mg,カプセル,アトモキセチンカプセル5mg「VTRS」,dc320ec22794
アトモキセチン塩酸塩,アトモキセチンカプセル40mg「アメル」,1179050M4065,アトモキセチン塩酸塩|アトモキセチンカプセル「アメル」,40.0mg,カプセル,アトモキセチンカプセル5mg「アメル」,1157eac782ae
アトモキセチン塩酸塩,アトモキセチンカプセル40mg「サワイ」,1179050M4030,アトモキセチン塩酸塩|アトモキセチンカプセル「サワイ」,40.0mg,カプセル,アトモキセチンカプセル5mg「サワイ」,60f8727a9f22
アトモキセチン塩酸塩,アトモキセチンカプセル40mg「日医工」,1179050M4049,アトモキセチン塩酸塩|アトモキセチンカプセル「日医工」,40.0mg,カプセル,アトモキセチンカプセル5mg「日医工」,fccadca21a77
アトモキセチン塩酸塩錠,アトモキセチン錠10mg「DSEP」,1179050F2020,アトモキセチン塩酸塩錠|アトモキセチン錠「DSEP」,10.0mg,錠,アトモキセチン錠5mg「DSEP」,b25c87b475a2
アトモキセチン塩酸塩錠,アトモキセチン錠10mg「JG」,1179050F2063,アトモキセチン塩酸塩錠|アトモキセチン錠「JG」,10.0mg,錠,アトモキセチン錠5mg「JG」,1ab109410fd6
アトモキセチン塩酸塩,アトモキセチン錠10mg「タカタ」,1179050F2039,アトモキセチン塩酸塩|アトモキセチン錠「タカタ」,10.0mg,錠,アトモキセチン錠5mg「タカタ」,e3dc92975b56
アトモキセチン塩酸塩錠,アトモキセチン錠10mg「トーワ」,1179050F2047,アトモキセチン塩酸塩錠|アトモキセチン錠「トーワ」,10.0mg,錠,アトモキセチン錠5mg「トーワ」,638e4dff7593
アトモキセチン塩酸塩錠,アトモキセチン錠10mg「ニプロ」,1179050F2055,アトモキセチン塩酸塩錠|アトモキセチン錠「ニプロ」,10.0mg,錠,アトモキセチン錠5mg「ニプロ」,1c04abb39642
アトモキセチン塩酸塩錠,アトモキセチン錠25mg「DSEP」,1179050F3027,アトモキセチン塩酸塩錠|アトモキセチン錠「DSEP」,25.0mg,錠,アトモキセチン錠5mg「DSEP」,b25c87b475a2
アトモキセチン塩酸塩錠,アトモキセチン錠25mg「JG」,1179050F3060,アトモキセチン塩酸塩錠|アトモキセチン錠「JG」,25.0mg,錠,アトモキセチン錠5mg「JG」,1ab109410fd6
アトモキセチン塩酸塩,アトモキセチン錠25mg「タカタ」,1179050F3035,アトモキセチン塩酸塩|アトモキセチン錠「タカタ」,25.0mg,錠,アトモキセチン錠5mg「タカタ」,e3dc92975b56
アトモキセチン塩酸塩錠,アトモキセチン錠25mg「トーワ」,1179050F3043,アトモキセチン塩酸塩錠|アトモキセチン錠「トーワ」,25.0mg,錠,アトモキセチン錠5mg「トーワ」,638e4dff7593
アトモキセチン塩酸塩錠,アトモキセチン錠25mg「ニプロ」,1179050F3051,アトモキセチン塩酸塩錠|アトモキセチン錠「ニプロ」,25.0mg,錠,アトモキセチン錠5mg「ニプロ」,1c04abb39642
アトモキセチン塩酸塩錠,アトモキセチン錠40mg「DSEP」,1179050F4023,アトモキセチン塩酸塩錠|アトモキセチン錠「DSEP」,40.0mg,錠,アトモキセチン錠5mg「DSEP」,b25c87b475a2
アトモキセチン塩酸塩錠,アトモキセチン錠40mg「JG」,1179050F4066,アトモキセチン塩酸塩錠|アトモキセチン錠「JG」,40.0mg,錠,アトモキセチン錠5mg「JG」,1ab109410fd6
アトモキセチン塩酸塩,アトモキセチン錠40mg「タカタ」,1179050F4031,アトモキセチン塩酸塩|アトモキセチン錠「タカタ」,40.0mg,錠,アトモキセチン錠5mg「タカタ」,e3dc92975b56
アトモキセチン塩酸塩錠,アトモキセチン錠40mg「トーワ」,1179050F4040,アトモキセチン塩酸塩錠|アトモキセチン錠「トーワ」,40.0mg,錠,アトモキセチン錠5mg「トーワ」,638e4dff7593
アトモキセチン塩酸塩錠,アトモキセチン錠40mg「ニプロ」,1179050F4058,アトモキセチン塩酸塩錠|アトモキセチン錠「ニプロ」,40.0mg,錠,アトモキセチン錠5mg「ニプロ」,1c04abb39642
アトルバスタチンカルシウム錠/口腔内崩壊錠,アトルバスタチンOD錠10mg「トーワ」,2189015F4022,アトルバスタチンカルシウム錠/口腔内崩壊錠|アトルバスタチンOD錠「トーワ」,10.0mg,OD錠,,04490ec8c91a
アトルバスタチンカルシウム錠/口腔内崩壊錠,アトルバスタチンOD錠5mg「トーワ」,2189015F3026,アトルバスタチンカルシウム錠/口腔内崩壊錠|アトルバスタチンOD錠「トーワ」,5.0mg,OD錠,,04490ec8c91a
"アトルバスタチンカルシウム錠
Atorvastatin　Calcium　Hydrate",アトルバスタチン錠10mg「DSEP」,2189015F2089,"アトルバスタチンカルシウム錠
Atorvastatin　Calcium　Hydrate|アトルバスタチン錠「DSEP」",10.0mg,錠,アトルバスタチン錠5mg「DSEP」,7d13d0d7a2ab
アトルバスタチンカルシウム錠,アトルバスタチン錠10mg「JG」,2189015F2143,アトルバスタチンカルシウム錠|アトルバスタチン錠「JG」,10.0mg,錠,アトルバスタチン錠5mg「JG」,82498231587c
アトルバスタチンカルシウム水和物,アトルバスタチン錠10mg「Me」,2189015F2232,アトルバスタチンカルシウム水和物|アトルバスタチン錠「Me」,10.0mg,錠,アトルバスタチン錠5mg「Me」,45c7cef65cff
アトルバスタチンカルシウム錠,アトルバスタチン錠10mg「NP」,2189015F2097,アトルバスタチンカルシウム錠|アトルバスタチン錠「NP」,10.0mg,錠,アトルバスタチン錠5mg「NP」,921ffc23c724
アトルバスタチンカルシウム水和物,アトルバスタチン錠10mg「NS」,2189015F2194,アトルバスタチンカルシウム水和物|アトルバスタチン錠「NS」,10.0mg,錠,アトルバスタチン錠5mg「NS」,3f7a7567a34e
"アトルバスタチンカルシウム錠
Atorvastatin　Calcium　Hydrate",アトルバスタチン錠10mg「TSU」,2189015F2151,"アトルバスタチンカルシウム錠
Atorvastatin　Calcium　Hydrate|アトルバスタチン錠「TSU」",10.0mg,錠,アトルバスタチン錠5mg「TSU」,3ca2a06d6cb9
アトルバスタチンカルシウム水和物,アトルバスタチン錠10mg「VTRS」,2189015F2240,アトルバスタチンカルシウム水和物|アトルバスタチン錠「VTRS」,10.0mg,錠,アトルバスタチン錠5mg「VTRS」,b26b8367f260
アトルバスタチンカルシウム錠,アトルバスタチン錠10mg「YD」,2189015F2160,アトルバスタチンカルシウム錠|アトルバスタチン錠「YD」,10.0mg,錠,アトルバスタチン錠5mg「YD」,b59efcecd866
アトルバスタチンカルシウム水和物,アトルバスタチン錠10mg「ZE」,2189015F2100,アトルバスタチンカルシウム水和物|アトルバスタチン錠「ZE」,10.0mg,錠,アトルバスタチン錠5mg「ZE」,ecb1357b6f75
アトルバスタチンカルシウム水和物,アトルバスタチン錠10mg「ケミファ」,2189015F2216,アトルバスタチンカルシウム水和物|アトルバスタチン錠「ケミファ」,10.0mg,錠,アトルバスタチン錠5mg「ケミファ」,3d01d550091c
アトルバスタチンカルシウム水和物,アトルバスタチン錠10mg「サワイ」,2189015F2054,アトルバスタチンカルシウム水和物|アトルバスタチン錠「サワイ」,10.0mg,錠,アトルバスタチン錠5mg「サワイ」,a197005e1e6b
アトルバスタチンカルシウム錠,アトルバスタチン錠10mg「サンド」,2189015F2062,アトルバスタチンカルシウム錠|アトルバスタチン錠「サンド」,10.0mg,錠,アトルバスタチン錠5mg「サンド」,065728560d35
アトルバスタチンカルシウム錠/口腔内崩壊錠,アトルバスタチン錠10mg「トーワ」,2189015F2070,アトルバスタチンカルシウム錠/口腔内崩壊錠|アトルバスタチン錠「トーワ」,10.0mg,錠,アトルバスタチン錠5mg「トーワ」,04490ec8c91a
アトルバスタチンカルシウム水和物,アトルバスタチン錠10mg「日医工」,2189015F2127,アトルバスタチンカルシウム水和物|アトルバスタチン錠「日医工」,10.0mg,錠,アトルバスタチン錠5mg「日医工」,2b2c18f891c8
アトルバスタチンカルシウム,アトルバスタチン錠10mg「日医工」（旧製品）,2189015F2127,アトルバスタチンカルシウム|アトルバスタチン錠「日医工」(旧製品),10.0mg,錠,アトルバスタチン錠5mg「日医工」（旧製品）,da8fb32beea1
アトルバスタチンカルシウム,アトルバスタチン錠10mg「杏林」,2189015F2178,アトルバスタチンカルシウム|アトルバスタチン錠「杏林」,10.0mg,錠,アトルバスタチン錠5mg「杏林」,726032ea52b4
エゼチミブ／アトルバスタチンカルシウム水和物,アトーゼット配合錠HD,2189101F2026,エゼチミブ／アトルバスタチンカルシウム水和物|アトーゼット配合錠HD,,錠,,2157443448e0
"サルメテロールキシナホ酸塩
フルチカゾンプロピオン酸エステル",アドエア100ディスカス60吸入用,2290800G4031,"サルメテロールキシナホ酸塩
フルチカゾンプロピオン酸エステル|アドエア100ディスカス60吸入用",,吸入剤,,d00245320a54
"サルメテロールキシナホ酸塩
フルチカゾンプロピオン酸エステル",アドエア125エアゾール120吸入用,2290800G8029,"サルメテロールキシナホ酸塩
フルチカゾンプロピオン酸エステル|アドエア125エアゾール120吸入用",,吸入剤,,d00245320a54
"サルメテロールキシナホ酸塩
フルチカゾンプロピオン酸エステル",アドエア250エアゾール120吸入用,2290800G9025,"サルメテロールキシナホ酸塩
フルチカゾンプロピオン酸エステル|アドエア250エアゾール120吸入用",,吸入剤,,d00245320a54
"サルメテロールキシナホ酸塩
フルチカゾンプロピオン酸エステル",アドエア250ディスカス28吸入用,2290800G2039,"サルメテロールキシナホ酸塩
フルチカゾンプロピオン酸エステル|アドエア250ディスカス28吸入用",,吸入剤,,d00245320a54
"サルメテロールキシナホ酸塩
フルチカゾンプロピオン酸エステル",アドエア250ディスカス60吸入用,2290800G5038,"サルメテロールキシナホ酸塩
フルチカゾンプロピオン酸エステル|アドエア250ディスカス60吸入用",,吸入剤,,d00245320a54
"サルメテロールキシナホ酸塩
フルチカゾンプロピオン酸エステル",アドエア500ディスカス28吸入用,2290800G3035,"サルメテロールキシナホ酸塩
フルチカゾンプロピオン酸エステル|アドエア500ディスカス28吸入用",,吸入剤,,d00245320a54
"サルメテロールキシナホ酸塩
フルチカゾンプロピオン酸エステル",アドエア500ディスカス60吸入用,2290800G6034,"サルメテロールキシナホ酸塩
フルチカゾンプロピオン酸エステル|アドエア500ディスカス60吸入用",,吸入剤,,d00245320a54
"サルメテロールキシナホ酸塩
フルチカゾンプロピオン酸エステル",アドエア50エアゾール120吸入用,2290800G7030,"サルメテロールキシナホ酸塩
フルチカゾンプロピオン酸エステル|アドエア50エアゾール120吸入用",,吸入剤,,d00245320a54
カルバゾクロムスルホン酸ナトリウム製剤,アドナ散10％,3321002B1139,カルバゾクロムスルホン酸ナトリウム製剤|アドナ散,10.0%,散剤,,5b0a12821d30
カルバゾクロムスルホン酸ナトリウム注射液,アドナ注（静脈用）100mg,3321401A4181,カルバゾクロムスルホン酸ナトリウム注射液|アドナ注(静脈用),100.0mg,注射剤,アドナ注（静脈用）25mg,84a45f5ddc95
カルバゾクロムスルホン酸ナトリウム注射液,アドナ注（静脈用）50mg,3321401A3142,カルバゾクロムスルホン酸ナトリウム注射液|アドナ注(静脈用),50.0mg,注射剤,アドナ注（静脈用）25mg,84a45f5ddc95
カルバゾクロムスルホン酸ナトリウム製剤,アドナ錠30mg,3321002F2366,カルバゾクロムスルホン酸ナトリウム製剤|アドナ錠,30.0mg,錠,アドナ錠10mg,5b0a12821d30
ルリオクトコグ　アルファ（遺伝子組換え）,アドベイト静注用キット1000,6343432G3028,ルリオクトコグ　アルファ（遺伝子組換え）|アドベイト静注用キット1000,,注射剤,,a46cba5a2765
ルリオクトコグ　アルファ（遺伝子組換え）,アドベイト静注用キット1500,6343432G4024,ルリオクトコグ　アルファ（遺伝子組換え）|アドベイト静注用キット1500,,注射剤,,a46cba5a2765
ルリオクトコグ　アルファ（遺伝子組換え）,アドベイト静注用キット2000,6343432G5020,ルリオクトコグ　アルファ（遺伝子組換え）|アドベイト静注用キット2000,,注射剤,,a46cba5a2765
ルリオクトコグ　アルファ（遺伝子組換え）,アドベイト静注用キット3000,6343432G6027,ルリオクトコグ　アルファ（遺伝子組換え）|アドベイト静注用キット3000,,注射剤,,a46cba5a2765
ルリオクトコグ　アルファ（遺伝子組換え）,アドベイト静注用キット500,6343432G2021,ルリオクトコグ　アルファ（遺伝子組換え）|アドベイト静注用キット500,,注射剤,,a46cba5a2765
ドキソルビシン塩酸塩,アドリアシン注用50,4235402D2036,ドキソルビシン塩酸塩|アドリアシン注用50,,注射剤,,b8c034921c52
クロミプラミン塩酸塩錠,アナフラニール錠25mg,1174002F2025,クロミプラミン塩酸塩錠|アナフラニール錠,25.0mg,錠,アナフラニール錠10mg,e3fcb9e6df5e
ロピバカイン塩酸塩水和物注射剤,アナペイン注10mg/mL,1214405A5020,ロピバカイン塩酸塩水和物注射剤|アナペイン注/mL,10.0mg,注射剤,アナペイン注2mg/mL; アナペイン注7.5mg/mL,f49a9f59262b
ロピバカイン塩酸塩水和物注射剤,アナペイン注10mg/mL,1214405A6027,ロピバカイン塩酸塩水和物注射剤|アナペイン注/mL,10.0mg,注射剤,アナペイン注2mg/mL; アナペイン注7.5mg/mL,f49a9f59262b
ロピバカイン塩酸塩水和物注射剤,アナペイン注2mg/mL,1214405A2021,ロピバカイン塩酸塩水和物注射剤|アナペイン注/mL,2.0mg,注射剤,アナペイン注2mg/mL; アナペイン注7.5mg/mL,67b99fa8fbaf
ロピバカイン塩酸塩水和物注射剤,アナペイン注7.5mg/mL,1214405A4024,ロピバカイン塩酸塩水和物注射剤|アナペイン注/mL,7.5mg,注射剤,アナペイン注2mg/mL; アナペイン注7.5mg/mL,f49a9f59262b
フルチカゾンフランカルボン酸エステル,アニュイティ200μgエリプタ30吸入用,2290705G2025,フルチカゾンフランカルボン酸エステル|アニュイティエリプタ30吸入用,200.0μg,吸入剤,アニュイティ100μgエリプタ30吸入用,ad04b9834ee3
レミマゾラムベシル酸塩,アネレム静注用50mg,1119403F1024,レミマゾラムベシル酸塩|アネレム静注用,50.0mg,注射剤,アネレム静注用20mg,82b295290c04
ウメクリジニウム臭化物・ビランテロールトリフェニル酢酸塩,アノーロエリプタ30吸入用,2259806G2028,ウメクリジニウム臭化物・ビランテロールトリフェニル酢酸塩|アノーロエリプタ30吸入用,,吸入剤,,21576783a761
ベバシズマブ（遺伝子組換え）,アバスチン点滴静注用400mg/16mL,4291413A2029,ベバシズマブ（遺伝子組換え）|アバスチン点滴静注用/,400.0mg/16.0ml,注射剤,アバスチン点滴静注用100mg/4mL,8615cf35de1f
イルベサルタン,アバプロ錠100mg,2149046F2020,イルベサルタン|アバプロ錠,100.0mg,錠,アバプロ錠50mg,973722f407a3
イルベサルタン,アバプロ錠200mg,2149046F3026,イルベサルタン|アバプロ錠,200.0mg,錠,アバプロ錠50mg,973722f407a3
アビラテロン酢酸エステル錠,アビラテロン酢酸エステル錠500mg「DSEP」,42910G0F1033,アビラテロン酢酸エステル錠|アビラテロン酢酸エステル錠「DSEP」,500.0mg,錠,アビラテロン酢酸エステル錠250mg「DSEP」,50b83df8ced1
アビラテロン酢酸エステル,アビラテロン酢酸エステル錠500mg「サンド」,42910G0F1041,アビラテロン酢酸エステル|アビラテロン酢酸エステル錠「サンド」,500.0mg,錠,アビラテロン酢酸エステル錠250mg「サンド」,38b4b00bd289
エベロリムス,アフィニトール分散錠3mg,4291023X2022,エベロリムス|アフィニトール分散錠,3.0mg,錠,アフィニトール分散錠2mg,4f6a42be99ef
エベロリムス,アフィニトール錠5mg,4291023F1020,エベロリムス|アフィニトール錠,5.0mg,錠,アフィニトール錠2.5mg,2f2efa11432d
フェンタニルクエン酸塩,アブストラル舌下錠200μg,8219001F2026,フェンタニルクエン酸塩|アブストラル舌下錠,200.0μg,錠,アブストラル舌下錠100μg,95273f44e6ca
フェンタニルクエン酸塩,アブストラル舌下錠400μg,8219001F3022,フェンタニルクエン酸塩|アブストラル舌下錠,400.0μg,錠,アブストラル舌下錠100μg,95273f44e6ca
アプリンジン塩酸塩カプセル,アプリンジン塩酸塩カプセル20mg「NP」,2129004M2065,アプリンジン塩酸塩カプセル|アプリンジン塩酸塩カプセル「NP」,20.0mg,カプセル,アプリンジン塩酸塩カプセル10mg「NP」,ecb0df717ec9
ヒドララジン塩酸塩,アプレゾリン錠25mg,2142004F2025,ヒドララジン塩酸塩|アプレゾリン錠,25.0mg,錠,アプレゾリン錠10mg,5304025bce6c
アプレピタント,アプレピタントカプセル125mg「NK」,2391008M2036,アプレピタント|アプレピタントカプセル「NK」,125.0mg,カプセル,アプレピタントカプセル80mg「NK」,c2be1477c791
アプレピタント,アプレピタントカプセル80mg「サワイ」,2391008M1048,アプレピタント|アプレピタントカプセル「サワイ」,80.0mg,カプセル,アプレピタントカプセル125mg「サワイ」,036421157b25
アプレピタント,アプレピタントカプセルセット「NK」,2391008M3032,アプレピタント|アプレピタントカプセルセット「NK」,,カプセル,,c2be1477c791
アプレピタント,アプレピタントカプセルセット「サワイ」,2391008M3040,アプレピタント|アプレピタントカプセルセット「サワイ」,,カプセル,,036421157b25
トロキシピド,アプレース細粒20%,2329015C1100,トロキシピド|アプレース細粒,20.0%,(不明),,432fafe8e339
"アヘン末
アヘン散",アヘン散「第一三共」,8112001B1056,"アヘン末
アヘン散|アヘン散「第一三共」",,散剤,,445c2fb04385
グリメピリド,アマリール1mg錠,3961008F1020,グリメピリド|アマリール錠,1.0mg,錠,アマリール0.5mg錠,166e26b721e4
グリメピリド,アマリール3mg錠,3961008F2027,グリメピリド|アマリール錠,3.0mg,錠,アマリール0.5mg錠,166e26b721e4
アムロジピンベシル酸塩・アトルバスタチンカルシウム水和物配合剤,アマルエット配合錠2番「DSEP」,2190102F1033,アムロジピンベシル酸塩・アトルバスタチンカルシウム水和物配合剤|アマルエット配合錠2番「DSEP」,,錠,,1f2d620f5955
アムロジピンベシル酸塩/アトルバスタチンカルシウム水和物配合剤,アマルエット配合錠2番「TCK」,2190102F1068,アムロジピンベシル酸塩/アトルバスタチンカルシウム水和物配合剤|アマルエット配合錠2番「TCK」,,錠,,4d09cba77964
"アムロジピンベシル酸塩
アトルバスタチンカルシウム水和物",アマルエット配合錠2番「ケミファ」,2190102F1076,"アムロジピンベシル酸塩
アトルバスタチンカルシウム水和物|アマルエット配合錠2番「ケミファ」",,錠,,c69acf6412c1
"アムロジピンベシル酸塩
アトルバスタチンカルシウム水和物",アマルエット配合錠2番「サワイ」,2190102F1084,"アムロジピンベシル酸塩
アトルバスタチンカルシウム水和物|アマルエット配合錠2番「サワイ」",,錠,,a0f2f413ef2c
アムロジピンベシル酸塩・アトルバスタチンカルシウム水和物配合剤,アマルエット配合錠2番「サンド」,2190102F1092,アムロジピンベシル酸塩・アトルバスタチンカルシウム水和物配合剤|アマルエット配合錠2番「サンド」,,錠,,c4eca396af9c
アムロジピンベシル酸塩・アトルバスタチンカルシウム水和物配合剤,アマルエット配合錠2番「トーワ」,2190102F1106,アムロジピンベシル酸塩・アトルバスタチンカルシウム水和物配合剤|アマルエット配合錠2番「トーワ」,,錠,,72ac98ef0abf
アムロジピンベシル酸塩・アトルバスタチンカルシウム水和物配合錠,アマルエット配合錠2番「ニプロ」,2190102F1122,アムロジピンベシル酸塩・アトルバスタチンカルシウム水和物配合錠|アマルエット配合錠2番「ニプロ」,,錠,,c2d690cc822f
アムロジピンベシル酸塩・アトルバスタチンカルシウム水和物配合剤,アマルエット配合錠2番「日医工」,2190102F1114,アムロジピンベシル酸塩・アトルバスタチンカルシウム水和物配合剤|アマルエット配合錠2番「日医工」,,錠,,c23af84d3044
アムロジピンベシル酸塩・アトルバスタチンカルシウム水和物配合剤,アマルエット配合錠3番「DSEP」,2190103F1038,アムロジピンベシル酸塩・アトルバスタチンカルシウム水和物配合剤|アマルエット配合錠3番「DSEP」,,錠,,1f2d620f5955
アムロジピンベシル酸塩/アトルバスタチンカルシウム水和物配合剤,アマルエット配合錠3番「TCK」,2190103F1062,アムロジピンベシル酸塩/アトルバスタチンカルシウム水和物配合剤|アマルエット配合錠3番「TCK」,,錠,,4d09cba77964
"アムロジピンベシル酸塩
アトルバスタチンカルシウム水和物",アマルエット配合錠3番「ケミファ」,2190103F1070,"アムロジピンベシル酸塩
アトルバスタチンカルシウム水和物|アマルエット配合錠3番「ケミファ」",,錠,,c69acf6412c1
"アムロジピンベシル酸塩
アトルバスタチンカルシウム水和物",アマルエット配合錠3番「サワイ」,2190103F1089,"アムロジピンベシル酸塩
アトルバスタチンカルシウム水和物|アマルエット配合錠3番「サワイ」",,錠,,a0f2f413ef2c
アムロジピンベシル酸塩・アトルバスタチンカルシウム水和物配合剤,アマルエット配合錠3番「サンド」,2190103F1097,アムロジピンベシル酸塩・アトルバスタチンカルシウム水和物配合剤|アマルエット配合錠3番「サンド」,,錠,,c4eca396af9c
アムロジピンベシル酸塩・アトルバスタチンカルシウム水和物配合剤,アマルエット配合錠3番「トーワ」,2190103F1100,アムロジピンベシル酸塩・アトルバスタチンカルシウム水和物配合剤|アマルエット配合錠3番「トーワ」,,錠,,72ac98ef0abf
アムロジピンベシル酸塩・アトルバスタチンカルシウム水和物配合錠,アマルエット配合錠3番「ニプロ」,2190103F1127,アムロジピンベシル酸塩・アトルバスタチンカルシウム水和物配合錠|アマルエット配合錠3番「ニプロ」,,錠,,c2d690cc822f
アムロジピンベシル酸塩・アトルバスタチンカルシウム水和物配合剤,アマルエット配合錠3番「日医工」,2190103F1119,アムロジピンベシル酸塩・アトルバスタチンカルシウム水和物配合剤|アマルエット配合錠3番「日医工」,,錠,,c23af84d3044
アムロジピンベシル酸塩・アトルバスタチンカルシウム水和物配合剤,アマルエット配合錠4番「DSEP」,2190104F1032,アムロジピンベシル酸塩・アトルバスタチンカルシウム水和物配合剤|アマルエット配合錠4番「DSEP」,,錠,,1f2d620f5955
アムロジピンベシル酸塩/アトルバスタチンカルシウム水和物配合剤,アマルエット配合錠4番「TCK」,2190104F1067,アムロジピンベシル酸塩/アトルバスタチンカルシウム水和物配合剤|アマルエット配合錠4番「TCK」,,錠,,4d09cba77964
"アムロジピンベシル酸塩
アトルバスタチンカルシウム水和物",アマルエット配合錠4番「ケミファ」,2190104F1075,"アムロジピンベシル酸塩
アトルバスタチンカルシウム水和物|アマルエット配合錠4番「ケミファ」",,錠,,c69acf6412c1
"アムロジピンベシル酸塩
アトルバスタチンカルシウム水和物",アマルエット配合錠4番「サワイ」,2190104F1083,"アムロジピンベシル酸塩
アトルバスタチンカルシウム水和物|アマルエット配合錠4番「サワイ」",,錠,,a0f2f413ef2c
アムロジピンベシル酸塩・アトルバスタチンカルシウム水和物配合剤,アマルエット配合錠4番「サンド」,2190104F1091,アムロジピンベシル酸塩・アトルバスタチンカルシウム水和物配合剤|アマルエット配合錠4番「サンド」,,錠,,c4eca396af9c
アムロジピンベシル酸塩・アトルバスタチンカルシウム水和物配合剤,アマルエット配合錠4番「トーワ」,2190104F1105,アムロジピンベシル酸塩・アトルバスタチンカルシウム水和物配合剤|アマルエット配合錠4番「トーワ」,,錠,,72ac98ef0abf
アムロジピンベシル酸塩・アトルバスタチンカルシウム水和物配合錠,アマルエット配合錠4番「ニプロ」,2190104F1121,アムロジピンベシル酸塩・アトルバスタチンカルシウム水和物配合錠|アマルエット配合錠4番「ニプロ」,,錠,,c2d690cc822f
アムロジピンベシル酸塩・アトルバスタチンカルシウム水和物配合剤,アマルエット配合錠4番「日医工」,2190104F1113,アムロジピンベシル酸塩・アトルバスタチンカルシウム水和物配合剤|アマルエット配合錠4番「日医工」,,錠,,c23af84d3044
アマンタジン塩酸塩,アマンタジン塩酸塩細粒10%「ツルハラ」,1161001C1151,アマンタジン塩酸塩|アマンタジン塩酸塩細粒「ツルハラ」,10.0%,(不明),,3751d2fec95b
アマンタジン塩酸塩,アマンタジン塩酸塩細粒10％「サワイ」,1161001C1135,アマンタジン塩酸塩|アマンタジン塩酸塩細粒「サワイ」,10.0%,(不明),,ee9de1ecaed2
アマンタジン塩酸塩,アマンタジン塩酸塩錠100mg「ZE」,1161001F2146,アマンタジン塩酸塩|アマンタジン塩酸塩錠「ZE」,100.0mg,錠,アマンタジン塩酸塩錠50mg「ZE」,de083626eda5
アマンタジン塩酸塩,アマンタジン塩酸塩錠100mg「サワイ」,1161001F2154,アマンタジン塩酸塩|アマンタジン塩酸塩錠「サワイ」,100.0mg,錠,アマンタジン塩酸塩錠50mg「サワイ」,ee9de1ecaed2
アマンタジン塩酸塩,アマンタジン塩酸塩錠100mg「ツルハラ」,1161001F2189,アマンタジン塩酸塩|アマンタジン塩酸塩錠「ツルハラ」,100.0mg,錠,アマンタジン塩酸塩錠50mg「ツルハラ」,3751d2fec95b
アマンタジン塩酸塩,アマンタジン塩酸塩錠100mg「日医工」,1161001F2138,アマンタジン塩酸塩|アマンタジン塩酸塩錠「日医工」,100.0mg,錠,アマンタジン塩酸塩錠50mg「日医工」,848d577fb816
アマンタジン塩酸塩,アマンタジン塩酸塩錠100mg「杏林」,1161001F2162,アマンタジン塩酸塩|アマンタジン塩酸塩錠「杏林」,100.0mg,錠,アマンタジン塩酸塩錠50mg「杏林」,9bf5f9f7561b
アミオダロン塩酸塩,アミオダロン塩酸塩速崩錠100mg「TE」,2129010F1065,アミオダロン塩酸塩|アミオダロン塩酸塩速崩錠「TE」,100.0mg,錠,アミオダロン塩酸塩速崩錠50mg「TE」,09510af58f9d
アミカシン硫酸塩注射液,アミカシン硫酸塩注200mg「NP」,6123402A3195,アミカシン硫酸塩注射液|アミカシン硫酸塩注「NP」,200.0mg,注射剤,アミカシン硫酸塩注100mg「NP」,8b9f9dbba662
アミカシン硫酸塩,アミカシン硫酸塩注射液200mg「F」,6123402A3217,アミカシン硫酸塩|アミカシン硫酸塩注射液「F」,200.0mg,注射剤,アミカシン硫酸塩注射液100mg「F」,db48e9c1449a
アミカシン硫酸塩,アミカシン硫酸塩注射液200mg「SW」,6123402A3233,アミカシン硫酸塩|アミカシン硫酸塩注射液「SW」,200.0mg,注射剤,アミカシン硫酸塩注射液100mg「SW」,70fdc6ff98b3
アミカシン硫酸塩,アミカシン硫酸塩注射液200mg「日医工」,6123402A3187,アミカシン硫酸塩|アミカシン硫酸塩注射液「日医工」,200.0mg,注射剤,アミカシン硫酸塩注射液100mg「日医工」,42c147025d90
アミカシン硫酸塩,アミカシン硫酸塩注射液200mg「明治」,6123402A3225,アミカシン硫酸塩|アミカシン硫酸塩注射液「明治」,200.0mg,注射剤,アミカシン硫酸塩注射液100mg「明治」,93fa35bd4762
プロカインアミド塩酸塩注射液,アミサリン注200mg,2121400A2030,プロカインアミド塩酸塩注射液|アミサリン注,200.0mg,注射剤,アミサリン注100mg,d0177a915a44
プロカインアミド塩酸塩錠,アミサリン錠250mg,2121001F2021,プロカインアミド塩酸塩錠|アミサリン錠,250.0mg,錠,アミサリン錠125mg,e836fb3f1b26
ルビプロストン,アミティーザカプセル24μg,2359006M1025,ルビプロストン|アミティーザカプセル,24.0μg,カプセル,アミティーザカプセル12μg,d1119c1d71b2
アミトリプチリン塩酸塩,アミトリプチリン塩酸塩錠25mg「サワイ」,1179002F2137,アミトリプチリン塩酸塩|アミトリプチリン塩酸塩錠「サワイ」,25.0mg,錠,アミトリプチリン塩酸塩錠10mg「サワイ」,00349a4b690b
アミノフィリン水和物,アミノフィリン静注250mgPB「日新」,2115404A1051,アミノフィリン水和物|アミノフィリン静注PB「日新」,250.0mg,注射剤,,552b184b04fa
肝性脳症改善アミノ酸注射液,アミノレバン点滴静注,3253404A4051,肝性脳症改善アミノ酸注射液|アミノレバン点滴静注,,注射剤,アミノレバン点滴静注,aa1d2f995cfe
総合アミノ酸製剤（10％）,アミパレン輸液,3253406A5030,総合アミノ酸製剤（10％）|アミパレン輸液,,液剤,アミパレン輸液,5324eea34d41
総合アミノ酸製剤（10％）,アミパレン輸液,3253406A6037,総合アミノ酸製剤（10％）|アミパレン輸液,,液剤,アミパレン輸液,5324eea34d41
ガドクアトラン,アムベルビスト静注シリンジ10mL,7290419G3021,ガドクアトラン|アムベルビスト静注シリンジ,10.0ml,注射剤,アムベルビスト静注シリンジ5mL,63d2a04acee8
ガドクアトラン,アムベルビスト静注シリンジ7.5mL,7290419G2025,ガドクアトラン|アムベルビスト静注シリンジ,7.5ml,注射剤,アムベルビスト静注シリンジ5mL,63d2a04acee8
アムロジピンベシル酸塩,アムロジピンOD錠10mg「CH」,2171022F6160,アムロジピンベシル酸塩|アムロジピンOD錠「CH」,10.0mg,OD錠,アムロジピンOD錠2.5mg「CH」,5cef7556dfab
アムロジピンベシル酸塩口腔内崩壊錠,アムロジピンOD錠10mg「JG」,2171022F6179,アムロジピンベシル酸塩口腔内崩壊錠|アムロジピンOD錠「JG」,10.0mg,OD錠,アムロジピンOD錠2.5mg「JG」,9e03bc405a6e
アムロジピンベシル酸塩口腔内崩壊錠,アムロジピンOD錠10mg「NP」,2171022F6071,アムロジピンベシル酸塩口腔内崩壊錠|アムロジピンOD錠「NP」,10.0mg,OD錠,アムロジピンOD錠2.5mg「NP」,9d3eb39d5b55
アムロジピンベシル酸塩,アムロジピンOD錠10mg「NS」,2171022F6187,アムロジピンベシル酸塩|アムロジピンOD錠「NS」,10.0mg,OD錠,アムロジピンOD錠2.5mg「NS」,af33043f2a2c
アムロジピンベシル酸塩口腔内崩壊錠,アムロジピンOD錠10mg「TCK」,2171022F6080,アムロジピンベシル酸塩口腔内崩壊錠|アムロジピンOD錠「TCK」,10.0mg,OD錠,アムロジピンOD錠2.5mg「TCK」,c976d3c34731
アムロジピンベシル酸塩,アムロジピンOD錠10mg「VTRS」,2171022F6306,アムロジピンベシル酸塩|アムロジピンOD錠「VTRS」,10.0mg,OD錠,,72f8333c3851
アムロジピンベシル酸塩口腔内崩壊錠,アムロジピンOD錠10mg「YD」,2171022F6209,アムロジピンベシル酸塩口腔内崩壊錠|アムロジピンOD錠「YD」,10.0mg,OD錠,アムロジピンOD錠2.5mg「YD」,53f70ec66043
アムロジピンベシル酸塩,アムロジピンOD錠10mg「ZE」,2171022F6098,アムロジピンベシル酸塩|アムロジピンOD錠「ZE」,10.0mg,OD錠,アムロジピンOD錠2.5mg「ZE」,d6bbafdaf667
アムロジピンベシル酸塩,アムロジピンOD錠10mg「あすか」,2171022F6276,アムロジピンベシル酸塩|アムロジピンOD錠「あすか」,10.0mg,OD錠,,08ea93b3dce2
アムロジピンベシル酸塩,アムロジピンOD錠10mg「アメル」,2171022F6101,アムロジピンベシル酸塩|アムロジピンOD錠「アメル」,10.0mg,OD錠,アムロジピンOD錠2.5mg「アメル」,7a5091a4e945
アムロジピンベシル酸塩,アムロジピンOD錠10mg「アメル」（旧製品）,2171022F6101,アムロジピンベシル酸塩|アムロジピンOD錠「アメル」(旧製品),10.0mg,OD錠,アムロジピンOD錠2.5mg「アメル」（旧製品）,a979fe064f5d
アムロジピンベシル酸塩,アムロジピンOD錠10mg「ケミファ」,2171022F6225,アムロジピンベシル酸塩|アムロジピンOD錠「ケミファ」,10.0mg,OD錠,,0ea90999194c
アムロジピンベシル酸塩,アムロジピンOD錠10mg「サワイ」,2171022F6128,アムロジピンベシル酸塩|アムロジピンOD錠「サワイ」,10.0mg,OD錠,,5c2806f92a3c
アムロジピンベシル酸塩,アムロジピンOD錠10mg「サンド」,2171022F6136,アムロジピンベシル酸塩|アムロジピンOD錠「サンド」,10.0mg,OD錠,アムロジピンOD錠2.5mg「サンド」,11f88219bf2c
アムロジピンベシル酸塩,アムロジピンOD錠10mg「タカタ」,2171022F6144,アムロジピンベシル酸塩|アムロジピンOD錠「タカタ」,10.0mg,OD錠,アムロジピンOD錠2.5mg「タカタ」,fc856f77e21e
アムロジピンベシル酸塩錠/口腔内崩壊錠,アムロジピンOD錠10mg「トーワ」,2171022F6047,アムロジピンベシル酸塩錠/口腔内崩壊錠|アムロジピンOD錠「トーワ」,10.0mg,OD錠,,81b85bbe9bea
アムロジピンベシル酸塩,アムロジピンOD錠10mg「日医工」,2171022F6152,アムロジピンベシル酸塩|アムロジピンOD錠「日医工」,10.0mg,OD錠,,1b7c5fd4854d
アムロジピンベシル酸塩,アムロジピンOD錠10mg「明治」,2171022F6250,アムロジピンベシル酸塩|アムロジピンOD錠「明治」,10.0mg,OD錠,,3be7384e3cbf
アムロジピンベシル酸塩,アムロジピンOD錠10mg「杏林」,2171022F6110,アムロジピンベシル酸塩|アムロジピンOD錠「杏林」,10.0mg,OD錠,アムロジピンOD錠2.5mg「杏林」,9424973bff53
アムロジピンベシル酸塩,アムロジピンOD錠10mg「杏林」（旧製品）,2171022F6110,アムロジピンベシル酸塩|アムロジピンOD錠「杏林」(旧製品),10.0mg,OD錠,アムロジピンOD錠2.5mg「杏林」（旧製品）,8655d195c0d0
アムロジピンベシル酸塩口腔内崩壊錠,アムロジピンOD錠10mg「武田テバ」,2171022F6284,アムロジピンベシル酸塩口腔内崩壊錠|アムロジピンOD錠「武田テバ」,10.0mg,OD錠,アムロジピンOD錠2.5mg「武田テバ」,a0ffec897bfb
アムロジピンベシル酸塩,アムロジピンOD錠10mg「科研」,2171022F6217,アムロジピンベシル酸塩|アムロジピンOD錠「科研」,10.0mg,OD錠,アムロジピンOD錠2.5mg「科研」,209509ae5af3
アムロジピンベシル酸塩,アムロジピンOD錠2.5mg「VTRS」,2171022F3366,アムロジピンベシル酸塩|アムロジピンOD錠「VTRS」,2.5mg,OD錠,,72f8333c3851
アムロジピンベシル酸塩,アムロジピンOD錠2.5mg「あすか」,2171022F3137,アムロジピンベシル酸塩|アムロジピンOD錠「あすか」,2.5mg,OD錠,,08ea93b3dce2
アムロジピンベシル酸塩,アムロジピンOD錠2.5mg「ケミファ」,2171022F3161,アムロジピンベシル酸塩|アムロジピンOD錠「ケミファ」,2.5mg,OD錠,,0ea90999194c
アムロジピンベシル酸塩,アムロジピンOD錠2.5mg「サワイ」,2171022F3170,アムロジピンベシル酸塩|アムロジピンOD錠「サワイ」,2.5mg,OD錠,,5c2806f92a3c
アムロジピンベシル酸塩錠/口腔内崩壊錠,アムロジピンOD錠2.5mg「トーワ」,2171022F3030,アムロジピンベシル酸塩錠/口腔内崩壊錠|アムロジピンOD錠「トーワ」,2.5mg,OD錠,,73122b56cffa
アムロジピンベシル酸塩,アムロジピンOD錠2.5mg「日医工」,2171022F3218,アムロジピンベシル酸塩|アムロジピンOD錠「日医工」,2.5mg,OD錠,,1b7c5fd4854d
アムロジピンベシル酸塩,アムロジピンOD錠2.5mg「明治」,2171022F3234,アムロジピンベシル酸塩|アムロジピンOD錠「明治」,2.5mg,OD錠,,3be7384e3cbf
アムロジピンベシル酸塩,アムロジピンOD錠5mg「CH」,2171022F4273,アムロジピンベシル酸塩|アムロジピンOD錠「CH」,5.0mg,OD錠,アムロジピンOD錠2.5mg「CH」,5cef7556dfab
アムロジピンベシル酸塩口腔内崩壊錠,アムロジピンOD錠5mg「JG」,2171022F4052,アムロジピンベシル酸塩口腔内崩壊錠|アムロジピンOD錠「JG」,5.0mg,OD錠,アムロジピンOD錠2.5mg「JG」,9e03bc405a6e
アムロジピンベシル酸塩口腔内崩壊錠,アムロジピンOD錠5mg「NP」,2171022F4079,アムロジピンベシル酸塩口腔内崩壊錠|アムロジピンOD錠「NP」,5.0mg,OD錠,アムロジピンOD錠2.5mg「NP」,9d3eb39d5b55
アムロジピンベシル酸塩,アムロジピンOD錠5mg「NS」,2171022F4087,アムロジピンベシル酸塩|アムロジピンOD錠「NS」,5.0mg,OD錠,アムロジピンOD錠2.5mg「NS」,af33043f2a2c
アムロジピンベシル酸塩口腔内崩壊錠,アムロジピンOD錠5mg「TCK」,2171022F4095,アムロジピンベシル酸塩口腔内崩壊錠|アムロジピンOD錠「TCK」,5.0mg,OD錠,アムロジピンOD錠2.5mg「TCK」,eed9df2112a9
アムロジピンベシル酸塩,アムロジピンOD錠5mg「VTRS」,2171022F4362,アムロジピンベシル酸塩|アムロジピンOD錠「VTRS」,5.0mg,OD錠,,72f8333c3851
アムロジピンベシル酸塩口腔内崩壊錠,アムロジピンOD錠5mg「YD」,2171022F4117,アムロジピンベシル酸塩口腔内崩壊錠|アムロジピンOD錠「YD」,5.0mg,OD錠,アムロジピンOD錠2.5mg「YD」,53f70ec66043
アムロジピンベシル酸塩,アムロジピンOD錠5mg「ZE」,2171022F4125,アムロジピンベシル酸塩|アムロジピンOD錠「ZE」,5.0mg,OD錠,アムロジピンOD錠2.5mg「ZE」,d6bbafdaf667
アムロジピンベシル酸塩,アムロジピンOD錠5mg「あすか」,2171022F4133,アムロジピンベシル酸塩|アムロジピンOD錠「あすか」,5.0mg,OD錠,,08ea93b3dce2
アムロジピンベシル酸塩,アムロジピンOD錠5mg「アメル」,2171022F4141,アムロジピンベシル酸塩|アムロジピンOD錠「アメル」,5.0mg,OD錠,アムロジピンOD錠2.5mg「アメル」,7a5091a4e945
アムロジピンベシル酸塩,アムロジピンOD錠5mg「アメル」（旧製品）,2171022F4141,アムロジピンベシル酸塩|アムロジピンOD錠「アメル」(旧製品),5.0mg,OD錠,アムロジピンOD錠2.5mg「アメル」（旧製品）,a979fe064f5d
アムロジピンベシル酸塩,アムロジピンOD錠5mg「ケミファ」,2171022F4168,アムロジピンベシル酸塩|アムロジピンOD錠「ケミファ」,5.0mg,OD錠,,0ea90999194c
アムロジピンベシル酸塩,アムロジピンOD錠5mg「サワイ」,2171022F4176,アムロジピンベシル酸塩|アムロジピンOD錠「サワイ」,5.0mg,OD錠,,5c2806f92a3c
アムロジピンベシル酸塩,アムロジピンOD錠5mg「サンド」,2171022F4184,アムロジピンベシル酸塩|アムロジピンOD錠「サンド」,5.0mg,OD錠,アムロジピンOD錠2.5mg「サンド」,11f88219bf2c
アムロジピンベシル酸塩,アムロジピンOD錠5mg「タカタ」,2171022F4206,アムロジピンベシル酸塩|アムロジピンOD錠「タカタ」,5.0mg,OD錠,アムロジピンOD錠2.5mg「タカタ」,fc856f77e21e
アムロジピンベシル酸塩錠/口腔内崩壊錠,アムロジピンOD錠5mg「トーワ」,2171022F4036,アムロジピンベシル酸塩錠/口腔内崩壊錠|アムロジピンOD錠「トーワ」,5.0mg,OD錠,,73122b56cffa
アムロジピンベシル酸塩,アムロジピンOD錠5mg「日医工」,2171022F4214,アムロジピンベシル酸塩|アムロジピンOD錠「日医工」,5.0mg,OD錠,,1b7c5fd4854d
アムロジピンベシル酸塩,アムロジピンOD錠5mg「明治」,2171022F4230,アムロジピンベシル酸塩|アムロジピンOD錠「明治」,5.0mg,OD錠,,3be7384e3cbf
アムロジピンベシル酸塩,アムロジピンOD錠5mg「杏林」,2171022F4338,アムロジピンベシル酸塩|アムロジピンOD錠「杏林」,5.0mg,OD錠,アムロジピンOD錠2.5mg「杏林」,9424973bff53
アムロジピンベシル酸塩,アムロジピンOD錠5mg「杏林」（旧製品）,2171022F4338,アムロジピンベシル酸塩|アムロジピンOD錠「杏林」(旧製品),5.0mg,OD錠,アムロジピンOD錠2.5mg「杏林」（旧製品）,8655d195c0d0
アムロジピンベシル酸塩口腔内崩壊錠,アムロジピンOD錠5mg「武田テバ」,2171022F4346,アムロジピンベシル酸塩口腔内崩壊錠|アムロジピンOD錠「武田テバ」,5.0mg,OD錠,アムロジピンOD錠2.5mg「武田テバ」,a0ffec897bfb
アムロジピンベシル酸塩,アムロジピンOD錠5mg「科研」,2171022F4150,アムロジピンベシル酸塩|アムロジピンOD錠「科研」,5.0mg,OD錠,アムロジピンOD錠2.5mg「科研」,209509ae5af3
アムロジピンベシル酸塩,アムロジピン錠10mg「CH」,2171022F5245,アムロジピンベシル酸塩|アムロジピン錠「CH」,10.0mg,錠,アムロジピン錠2.5mg「CH」,ab9d0e0fff14
アムロジピンベシル酸塩,アムロジピン錠10mg「DSEP」,2171022F5253,アムロジピンベシル酸塩|アムロジピン錠「DSEP」,10.0mg,錠,アムロジピン錠2.5mg「DSEP」,6a4e6e4b2d1a
アムロジピンベシル酸塩,アムロジピン錠10mg「NS」,2171022F5113,アムロジピンベシル酸塩|アムロジピン錠「NS」,10.0mg,錠,アムロジピン錠2.5mg「NS」,46821f698677
アムロジピンベシル酸塩錠,アムロジピン錠10mg「TCK」,2171022F5296,アムロジピンベシル酸塩錠|アムロジピン錠「TCK」,10.0mg,錠,アムロジピン錠2.5mg「TCK」,c5814bef20b2
アムロジピンベシル酸塩,アムロジピン錠10mg「VTRS」,2171022F5393,アムロジピンベシル酸塩|アムロジピン錠「VTRS」,10.0mg,錠,アムロジピン錠2.5mg「VTRS」,72f8333c3851
アムロジピンベシル酸塩錠,アムロジピン錠10mg「YD」,2171022F5318,アムロジピンベシル酸塩錠|アムロジピン錠「YD」,10.0mg,錠,アムロジピン錠2.5mg「YD」,9f9b966c2267
アムロジピンベシル酸塩,アムロジピン錠10mg「あすか」,2171022F5130,アムロジピンベシル酸塩|アムロジピン錠「あすか」,10.0mg,錠,アムロジピン錠2.5mg「あすか」,08ea93b3dce2
アムロジピンベシル酸塩,アムロジピン錠10mg「アメル」,2171022F5148,アムロジピンベシル酸塩|アムロジピン錠「アメル」,10.0mg,錠,アムロジピン錠2.5mg「アメル」,fc17d8c98f26
アムロジピンベシル酸塩,アムロジピン錠10mg「イセイ」,2171022F5326,アムロジピンベシル酸塩|アムロジピン錠「イセイ」,10.0mg,錠,アムロジピン錠2.5mg「イセイ」,f9610510a791
アムロジピンベシル酸塩,アムロジピン錠10mg「オーハラ」,2171022F5334,アムロジピンベシル酸塩|アムロジピン錠「オーハラ」,10.0mg,錠,アムロジピン錠2.5mg「オーハラ」,90a6f234209a
日本薬局方　アムロジピンべシル酸塩錠,アムロジピン錠10mg「クニヒロ」,2171022F5369,日本薬局方　アムロジピンべシル酸塩錠|アムロジピン錠「クニヒロ」,10.0mg,錠,アムロジピン錠2.5mg「クニヒロ」,21fc435a37ef
アムロジピンベシル酸塩,アムロジピン錠10mg「ケミファ」,2171022F5172,アムロジピンベシル酸塩|アムロジピン錠「ケミファ」,10.0mg,錠,アムロジピン錠2.5mg「ケミファ」,0ea90999194c
アムロジピンベシル酸塩,アムロジピン錠10mg「サワイ」,2171022F5180,アムロジピンベシル酸塩|アムロジピン錠「サワイ」,10.0mg,錠,アムロジピン錠2.5mg「サワイ」,5c2806f92a3c
アムロジピンベシル酸塩,アムロジピン錠10mg「タカタ」,2171022F5199,アムロジピンベシル酸塩|アムロジピン錠「タカタ」,10.0mg,錠,アムロジピン錠2.5mg「タカタ」,db25f0a00dc8
アムロジピンベシル酸塩,アムロジピン錠10mg「ツルハラ」,2171022F5067,アムロジピンベシル酸塩|アムロジピン錠「ツルハラ」,10.0mg,錠,アムロジピン錠2.5mg「ツルハラ」,94592fb83fbc
アムロジピンベシル酸塩錠/口腔内崩壊錠,アムロジピン錠10mg「トーワ」,2171022F5075,アムロジピンベシル酸塩錠/口腔内崩壊錠|アムロジピン錠「トーワ」,10.0mg,錠,アムロジピン錠2.5mg「トーワ」,81b85bbe9bea
アムロジピンベシル酸塩,アムロジピン錠10mg「日医工」,2171022F5210,アムロジピンベシル酸塩|アムロジピン錠「日医工」,10.0mg,錠,アムロジピン錠2.5mg「日医工」,1b7c5fd4854d
アムロジピンベシル酸塩,アムロジピン錠10mg「明治」,2171022F5229,アムロジピンベシル酸塩|アムロジピン錠「明治」,10.0mg,錠,アムロジピン錠2.5mg「明治」,3be7384e3cbf
アムロジピンベシル酸塩,アムロジピン錠10mg「杏林」,2171022F5164,アムロジピンベシル酸塩|アムロジピン錠「杏林」,10.0mg,錠,,14955f63e013
アムロジピンベシル酸塩,アムロジピン錠10mg「杏林」（旧製品）,2171022F5164,アムロジピンベシル酸塩|アムロジピン錠「杏林」(旧製品),10.0mg,錠,,1c7a17a5c30c
日本薬局方　アムロジピンベシル酸塩錠,アムロジピン錠10mg「科研」,2171022F5156,日本薬局方　アムロジピンベシル酸塩錠|アムロジピン錠「科研」,10.0mg,錠,アムロジピン錠2.5mg「科研」,44e702b30743
アムロジピンベシル酸塩,アムロジピン錠5mg「CH」,2171022F2050,アムロジピンベシル酸塩|アムロジピン錠「CH」,5.0mg,錠,アムロジピン錠2.5mg「CH」,ab9d0e0fff14
アムロジピンベシル酸塩,アムロジピン錠5mg「DSEP」,2171022F2408,アムロジピンベシル酸塩|アムロジピン錠「DSEP」,5.0mg,錠,アムロジピン錠2.5mg「DSEP」,6a4e6e4b2d1a
アムロジピンベシル酸塩,アムロジピン錠5mg「NS」,2171022F2130,アムロジピンベシル酸塩|アムロジピン錠「NS」,5.0mg,錠,アムロジピン錠2.5mg「NS」,46821f698677
アムロジピンベシル酸塩錠,アムロジピン錠5mg「TCK」,2171022F2165,アムロジピンベシル酸塩錠|アムロジピン錠「TCK」,5.0mg,錠,アムロジピン錠2.5mg「TCK」,0a7a30f2ebde
アムロジピンベシル酸塩,アムロジピン錠5mg「VTRS」,2171022F2483,アムロジピンベシル酸塩|アムロジピン錠「VTRS」,5.0mg,錠,アムロジピン錠2.5mg「VTRS」,72f8333c3851
アムロジピンベシル酸塩錠,アムロジピン錠5mg「YD」,2171022F2181,アムロジピンベシル酸塩錠|アムロジピン錠「YD」,5.0mg,錠,アムロジピン錠2.5mg「YD」,9f9b966c2267
アムロジピンベシル酸塩,アムロジピン錠5mg「あすか」,2171022F2190,アムロジピンベシル酸塩|アムロジピン錠「あすか」,5.0mg,錠,アムロジピン錠2.5mg「あすか」,08ea93b3dce2
アムロジピンベシル酸塩,アムロジピン錠5mg「アメル」,2171022F2203,アムロジピンベシル酸塩|アムロジピン錠「アメル」,5.0mg,錠,アムロジピン錠2.5mg「アメル」,fc17d8c98f26
アムロジピンベシル酸塩,アムロジピン錠5mg「イセイ」,2171022F2211,アムロジピンベシル酸塩|アムロジピン錠「イセイ」,5.0mg,錠,アムロジピン錠2.5mg「イセイ」,f9610510a791
アムロジピンベシル酸塩,アムロジピン錠5mg「オーハラ」,2171022F2238,アムロジピンベシル酸塩|アムロジピン錠「オーハラ」,5.0mg,錠,アムロジピン錠2.5mg「オーハラ」,90a6f234209a
日本薬局方　アムロジピンべシル酸塩錠,アムロジピン錠5mg「クニヒロ」,2171022F2459,日本薬局方　アムロジピンべシル酸塩錠|アムロジピン錠「クニヒロ」,5.0mg,錠,アムロジピン錠2.5mg「クニヒロ」,21fc435a37ef
アムロジピンベシル酸塩,アムロジピン錠5mg「ケミファ」,2171022F2262,アムロジピンベシル酸塩|アムロジピン錠「ケミファ」,5.0mg,錠,アムロジピン錠2.5mg「ケミファ」,0ea90999194c
アムロジピンベシル酸塩,アムロジピン錠5mg「サワイ」,2171022F2289,アムロジピンベシル酸塩|アムロジピン錠「サワイ」,5.0mg,錠,アムロジピン錠2.5mg「サワイ」,5c2806f92a3c
アムロジピンベシル酸塩錠,アムロジピン錠5mg「サンド」,2171022F2297,アムロジピンベシル酸塩錠|アムロジピン錠「サンド」,5.0mg,錠,アムロジピン錠2.5mg「サンド」,3b3ed236c90b
アムロジピンベシル酸塩,アムロジピン錠5mg「タカタ」,2171022F2319,アムロジピンベシル酸塩|アムロジピン錠「タカタ」,5.0mg,錠,アムロジピン錠2.5mg「タカタ」,db25f0a00dc8
アムロジピンベシル酸塩,アムロジピン錠5mg「ツルハラ」,2171022F2335,アムロジピンベシル酸塩|アムロジピン錠「ツルハラ」,5.0mg,錠,アムロジピン錠2.5mg「ツルハラ」,94592fb83fbc
アムロジピンベシル酸塩錠/口腔内崩壊錠,アムロジピン錠5mg「トーワ」,2171022F2343,アムロジピンベシル酸塩錠/口腔内崩壊錠|アムロジピン錠「トーワ」,5.0mg,錠,アムロジピン錠2.5mg「トーワ」,73122b56cffa
アムロジピンベシル酸塩,アムロジピン錠5mg「日医工」,2171022F2351,アムロジピンベシル酸塩|アムロジピン錠「日医工」,5.0mg,錠,アムロジピン錠2.5mg「日医工」,1b7c5fd4854d
アムロジピンベシル酸塩,アムロジピン錠5mg「明治」,2171022F2386,アムロジピンベシル酸塩|アムロジピン錠「明治」,5.0mg,錠,アムロジピン錠2.5mg「明治」,3be7384e3cbf
アムロジピンベシル酸塩錠/アムロジピンベシル酸塩口腔内崩壊錠,アムロジピン錠5mg「杏林」,2171022F2440,アムロジピンベシル酸塩錠/アムロジピンベシル酸塩口腔内崩壊錠|アムロジピン錠「杏林」,5.0mg,錠,アムロジピン錠2.5mg「杏林」,71014fdd8de3
日本薬局方　アムロジピンベシル酸塩錠,アムロジピン錠5mg「科研」,2171022F2246,日本薬局方　アムロジピンベシル酸塩錠|アムロジピン錠「科研」,5.0mg,錠,アムロジピン錠2.5mg「科研」,44e702b30743
アムロジピンベシル酸塩,アムロジンOD錠10mg,2171022F6020,アムロジピンベシル酸塩|アムロジンOD錠,10.0mg,OD錠,,015443905614
アムロジピンベシル酸塩,アムロジンOD錠2.5mg,2171022F3021,アムロジピンベシル酸塩|アムロジンOD錠,2.5mg,OD錠,,015443905614
アムロジピンベシル酸塩,アムロジンOD錠5mg,2171022F4028,アムロジピンベシル酸塩|アムロジンOD錠,5.0mg,OD錠,,015443905614
アムロジピンベシル酸塩,アムロジン錠10mg,2171022F5024,アムロジピンベシル酸塩|アムロジン錠,10.0mg,錠,アムロジン錠2.5mg,015443905614
アムロジピンベシル酸塩,アムロジン錠5mg,2171022F2041,アムロジピンベシル酸塩|アムロジン錠,5.0mg,錠,アムロジン錠2.5mg,015443905614
アモキサピン,アモキサンカプセル25mg,1179001M2026,アモキサピン|アモキサンカプセル,25.0mg,カプセル,アモキサンカプセル10mg,a4e7a816745f
アモキサピン,アモキサンカプセル50mg,1179001M3022,アモキサピン|アモキサンカプセル,50.0mg,カプセル,アモキサンカプセル10mg,a4e7a816745f
アモキサピン,アモキサン細粒10％,1179001C1024,アモキサピン|アモキサン細粒,10.0%,(不明),,a4e7a816745f
アモキシシリンカプセル,アモキシシリンカプセル250mg「トーワ」,6131001M2335,アモキシシリンカプセル|アモキシシリンカプセル「トーワ」,250.0mg,カプセル,アモキシシリンカプセル125mg「トーワ」,3bcb0246dec7
アモキシシリン水和物,アモキシシリンカプセル250mg「日医工」,6131001M2327,アモキシシリン水和物|アモキシシリンカプセル「日医工」,250.0mg,カプセル,アモキシシリンカプセル125mg「日医工」,613cab55f8e0
アモキシシリン散,アモキシシリン細粒20％「TCK」,6131001C2119,アモキシシリン散|アモキシシリン細粒「TCK」,20.0%,(不明),アモキシシリン細粒10％「TCK」,34736f73a75c
ゾピクロン,アモバン錠10,1129007F2022,ゾピクロン|アモバン錠10,,錠,,81e8c986661c
ビダラビン,アラセナ−Aクリーム3%,6250700N1036,ビダラビン|アラセナ−Aクリーム,3.0%,クリーム,,d166077fbb53
アラセプリル,アラセプリル錠25mg「日医工」,2144003F2220,アラセプリル|アラセプリル錠「日医工」,25.0mg,錠,アラセプリル錠12.5mg「日医工」,95e3e9f9cb58
アラセプリル,アラセプリル錠25mg「日新」,2144003F2254,アラセプリル|アラセプリル錠「日新」,25.0mg,錠,アラセプリル錠12.5mg「日新」,2a39abab49cc
アラセプリル,アラセプリル錠50mg「日医工」,2144003F3080,アラセプリル|アラセプリル錠「日医工」,50.0mg,錠,アラセプリル錠12.5mg「日医工」,95e3e9f9cb58
アラセプリル,アラセプリル錠50mg「日新」,2144003F3110,アラセプリル|アラセプリル錠「日新」,50.0mg,錠,アラセプリル錠12.5mg「日新」,2a39abab49cc
レフルノミド製剤,アラバ錠100mg,3999020F3021,レフルノミド製剤|アラバ錠,100.0mg,錠,アラバ錠10mg,340a770ba8c3
レフルノミド製剤,アラバ錠20mg,3999020F2025,レフルノミド製剤|アラバ錠,20.0mg,錠,アラバ錠10mg,340a770ba8c3
フルチカゾンフランカルボン酸エステル,アラミスト点鼻液27.5μg 120噴霧用,1329711Q2028,フルチカゾンフランカルボン酸エステル|アラミスト点鼻液120噴霧用,27.5μg,点鼻剤,,dadc79bb9cf1
フォンダパリヌクスナトリウム,アリクストラ皮下注2.5mg,3339400G2025,フォンダパリヌクスナトリウム|アリクストラ皮下注,2.5mg,注射剤,アリクストラ皮下注1.5mg; アリクストラ皮下注5mg,c3ee35dcf375
フォンダパリヌクスナトリウム,アリクストラ皮下注7.5mg,3339400G4028,フォンダパリヌクスナトリウム|アリクストラ皮下注,7.5mg,注射剤,アリクストラ皮下注1.5mg; アリクストラ皮下注5mg,87c9df194f9d
ドネペジル塩酸塩,アリセプトD錠10mg,1190012F6028,ドネペジル塩酸塩|アリセプトD錠,10.0mg,錠,アリセプトD錠3mg,90af75786374
ドネペジル塩酸塩,アリセプトD錠5mg,1190012F4025,ドネペジル塩酸塩|アリセプトD錠,5.0mg,錠,アリセプトD錠3mg,90af75786374
ドネペジル塩酸塩,アリセプト内服ゼリー10mg,1190012Q3020,ドネペジル塩酸塩|アリセプト内服ゼリー,10.0mg,(不明),アリセプト内服ゼリー3mg,34e8d1037424
ドネペジル塩酸塩,アリセプト内服ゼリー5mg,1190012Q2023,ドネペジル塩酸塩|アリセプト内服ゼリー,5.0mg,(不明),アリセプト内服ゼリー3mg,34e8d1037424
ドネペジル塩酸塩,アリセプト細粒0.5％,1190012C1020,ドネペジル塩酸塩|アリセプト細粒,0.5%,(不明),,935a5325de68
ドネペジル塩酸塩,アリセプト錠10mg,1190012F5021,ドネペジル塩酸塩|アリセプト錠,10.0mg,錠,アリセプト錠3mg,935a5325de68
ドネペジル塩酸塩,アリセプト錠5mg,1190012F2022,ドネペジル塩酸塩|アリセプト錠,5.0mg,錠,アリセプト錠3mg,935a5325de68
ドネペジル経皮吸収型製剤,アリドネパッチ55mg,1190701S2020,ドネペジル経皮吸収型製剤|アリドネパッチ,55.0mg,(不明),アリドネパッチ27.5mg,76e709c71074
フルスルチアミン塩酸塩注射液,アリナミンF100注,3122401A5028,フルスルチアミン塩酸塩注射液|アリナミンF100注,,注射剤,,4d2459839c56
フルスルチアミン塩酸塩注射液,アリナミンF10注,3122401A2045,フルスルチアミン塩酸塩注射液|アリナミンF10注,,注射剤,,d3c703d78d07
フルスルチアミン塩酸塩注射液,アリナミンF50注,3122401A4021,フルスルチアミン塩酸塩注射液|アリナミンF50注,,注射剤,,4d2459839c56
アリピプラゾール口腔内崩壊錠,アリピプラゾールOD錠12mg「JG」,1179045F6033,アリピプラゾール口腔内崩壊錠|アリピプラゾールOD錠「JG」,12.0mg,OD錠,アリピプラゾールOD錠3mg「JG」,b27daef2c1e0
アリピプラゾール,アリピプラゾールOD錠12mg「タカタ」,1179045F6076,アリピプラゾール|アリピプラゾールOD錠「タカタ」,12.0mg,OD錠,アリピプラゾールOD錠3mg「タカタ」,4c50fcd79b79
アリピプラゾール口腔内崩壊錠,アリピプラゾールOD錠12mg「トーワ」,1179045F6092,アリピプラゾール口腔内崩壊錠|アリピプラゾールOD錠「トーワ」,12.0mg,OD錠,アリピプラゾールOD錠3mg「トーワ」,2d92d6509b07
アリピプラゾール製剤,アリピプラゾールOD錠12mg「ニプロ」,1179045F6114,アリピプラゾール製剤|アリピプラゾールOD錠「ニプロ」,12.0mg,OD錠,,940faebeffd5
アリピプラゾール,アリピプラゾールOD錠12mg「日医工」,1179045F6106,アリピプラゾール|アリピプラゾールOD錠「日医工」,12.0mg,OD錠,アリピプラゾールOD錠3mg「日医工」,a27ae1dd9a16
アリピプラゾール,アリピプラゾールOD錠12mg「明治」,1179045F6122,アリピプラゾール|アリピプラゾールOD錠「明治」,12.0mg,OD錠,,9f2155492ccb
アリピプラゾール,アリピプラゾールOD錠12mg「杏林」,1179045F6068,アリピプラゾール|アリピプラゾールOD錠「杏林」,12.0mg,OD錠,アリピプラゾールOD錠3mg「杏林」,e2b3ddb07764
アリピプラゾール口腔内崩壊錠,アリピプラゾールOD錠24mg「JG」,1179045F7030,アリピプラゾール口腔内崩壊錠|アリピプラゾールOD錠「JG」,24.0mg,OD錠,アリピプラゾールOD錠3mg「JG」,b27daef2c1e0
アリピプラゾール,アリピプラゾールOD錠24mg「タカタ」,1179045F7072,アリピプラゾール|アリピプラゾールOD錠「タカタ」,24.0mg,OD錠,アリピプラゾールOD錠3mg「タカタ」,4c50fcd79b79
アリピプラゾール口腔内崩壊錠,アリピプラゾールOD錠24mg「トーワ」,1179045F7099,アリピプラゾール口腔内崩壊錠|アリピプラゾールOD錠「トーワ」,24.0mg,OD錠,アリピプラゾールOD錠3mg「トーワ」,2d92d6509b07
アリピプラゾール製剤,アリピプラゾールOD錠24mg「ニプロ」,1179045F7110,アリピプラゾール製剤|アリピプラゾールOD錠「ニプロ」,24.0mg,OD錠,,940faebeffd5
アリピプラゾール,アリピプラゾールOD錠24mg「日医工」,1179045F7102,アリピプラゾール|アリピプラゾールOD錠「日医工」,24.0mg,OD錠,アリピプラゾールOD錠3mg「日医工」,a27ae1dd9a16
アリピプラゾール,アリピプラゾールOD錠24mg「明治」,1179045F7129,アリピプラゾール|アリピプラゾールOD錠「明治」,24.0mg,OD錠,,9f2155492ccb
アリピプラゾール,アリピプラゾールOD錠24mg「杏林」,1179045F7064,アリピプラゾール|アリピプラゾールOD錠「杏林」,24.0mg,OD錠,アリピプラゾールOD錠3mg「杏林」,e2b3ddb07764
アリピプラゾール製剤,アリピプラゾールOD錠3mg「ニプロ」,1179045F4111,アリピプラゾール製剤|アリピプラゾールOD錠「ニプロ」,3.0mg,OD錠,,940faebeffd5
アリピプラゾール,アリピプラゾールOD錠3mg「明治」,1179045F4120,アリピプラゾール|アリピプラゾールOD錠「明治」,3.0mg,OD錠,,9f2155492ccb
アリピプラゾール口腔内崩壊錠,アリピプラゾールOD錠6mg「JG」,1179045F5037,アリピプラゾール口腔内崩壊錠|アリピプラゾールOD錠「JG」,6.0mg,OD錠,アリピプラゾールOD錠3mg「JG」,b27daef2c1e0
アリピプラゾール,アリピプラゾールOD錠6mg「タカタ」,1179045F5070,アリピプラゾール|アリピプラゾールOD錠「タカタ」,6.0mg,OD錠,アリピプラゾールOD錠3mg「タカタ」,4c50fcd79b79
アリピプラゾール口腔内崩壊錠,アリピプラゾールOD錠6mg「トーワ」,1179045F5096,アリピプラゾール口腔内崩壊錠|アリピプラゾールOD錠「トーワ」,6.0mg,OD錠,アリピプラゾールOD錠3mg「トーワ」,2d92d6509b07
アリピプラゾール製剤,アリピプラゾールOD錠6mg「ニプロ」,1179045F5118,アリピプラゾール製剤|アリピプラゾールOD錠「ニプロ」,6.0mg,OD錠,,940faebeffd5
アリピプラゾール,アリピプラゾールOD錠6mg「日医工」,1179045F5100,アリピプラゾール|アリピプラゾールOD錠「日医工」,6.0mg,OD錠,アリピプラゾールOD錠3mg「日医工」,a27ae1dd9a16
アリピプラゾール,アリピプラゾールOD錠6mg「明治」,1179045F5126,アリピプラゾール|アリピプラゾールOD錠「明治」,6.0mg,OD錠,,9f2155492ccb
アリピプラゾール,アリピプラゾールOD錠6mg「杏林」,1179045F5061,アリピプラゾール|アリピプラゾールOD錠「杏林」,6.0mg,OD錠,アリピプラゾールOD錠3mg「杏林」,e2b3ddb07764
アリピプラゾール,アリピプラゾール内用液12mg分包「サワイ」,1179045S4055,アリピプラゾール|アリピプラゾール内用液分包「サワイ」,12.0mg,液剤,アリピプラゾール内用液1mg分包「サワイ」,0728b311ba95
アリピプラゾール,アリピプラゾール内用液12mg分包「タカタ」,1179045S4063,アリピプラゾール|アリピプラゾール内用液分包「タカタ」,12.0mg,液剤,アリピプラゾール内用液3mg分包「タカタ」,fd3ff2bd0cf9
アリピプラゾール内用液,アリピプラゾール内用液12mg分包「トーワ」,1179045S4071,アリピプラゾール内用液|アリピプラゾール内用液分包「トーワ」,12.0mg,液剤,アリピプラゾール内用液1mg分包「トーワ」,2b379e9d9fe6
アリピプラゾール,アリピプラゾール内用液3mg分包「サワイ」,1179045S2052,アリピプラゾール|アリピプラゾール内用液分包「サワイ」,3.0mg,液剤,アリピプラゾール内用液1mg分包「サワイ」,0728b311ba95
アリピプラゾール内用液,アリピプラゾール内用液3mg分包「トーワ」,1179045S2079,アリピプラゾール内用液|アリピプラゾール内用液分包「トーワ」,3.0mg,液剤,アリピプラゾール内用液1mg分包「トーワ」,2b379e9d9fe6
アリピプラゾール,アリピプラゾール内用液6mg分包「サワイ」,1179045S3059,アリピプラゾール|アリピプラゾール内用液分包「サワイ」,6.0mg,液剤,アリピプラゾール内用液1mg分包「サワイ」,0728b311ba95
アリピプラゾール,アリピプラゾール内用液6mg分包「タカタ」,1179045S3067,アリピプラゾール|アリピプラゾール内用液分包「タカタ」,6.0mg,液剤,アリピプラゾール内用液3mg分包「タカタ」,fd3ff2bd0cf9
アリピプラゾール内用液,アリピプラゾール内用液6mg分包「トーワ」,1179045S3075,アリピプラゾール内用液|アリピプラゾール内用液分包「トーワ」,6.0mg,液剤,アリピプラゾール内用液1mg分包「トーワ」,2b379e9d9fe6
アリピプラゾール内用液,アリピプラゾール内用液分包12mg「ニプロ」,1179045S4039,アリピプラゾール内用液|アリピプラゾール内用液分包「ニプロ」,12.0mg,液剤,アリピプラゾール内用液分包3mg「ニプロ」,0bb582a04c9c
アリピプラゾール,アリピプラゾール内用液分包12mg「明治」,1179045S4047,アリピプラゾール|アリピプラゾール内用液分包「明治」,12.0mg,液剤,アリピプラゾール内用液分包3mg「明治」,c0a33cbd603b
アリピプラゾール内用液,アリピプラゾール内用液分包6mg「ニプロ」,1179045S3032,アリピプラゾール内用液|アリピプラゾール内用液分包「ニプロ」,6.0mg,液剤,アリピプラゾール内用液分包3mg「ニプロ」,0bb582a04c9c
アリピプラゾール,アリピプラゾール内用液分包6mg「明治」,1179045S3040,アリピプラゾール|アリピプラゾール内用液分包「明治」,6.0mg,液剤,アリピプラゾール内用液分包3mg「明治」,c0a33cbd603b
アリピプラゾール,アリピプラゾール散1%「アメル」,1179045B1030,アリピプラゾール|アリピプラゾール散「アメル」,1.0%,散剤,,276866a55b3e
アリピプラゾール錠/散,アリピプラゾール散1%「トーワ」,1179045B1056,アリピプラゾール錠/散|アリピプラゾール散「トーワ」,1.0%,散剤,,4d3ccc757b14
アリピプラゾール製剤,アリピプラゾール散1％「ニプロ」,1179045B1072,アリピプラゾール製剤|アリピプラゾール散「ニプロ」,1.0%,散剤,,940faebeffd5
アリピプラゾール,アリピプラゾール散1％「明治」,1179045B1080,アリピプラゾール|アリピプラゾール散「明治」,1.0%,散剤,,9f2155492ccb
アリピプラゾール錠,アリピプラゾール錠12mg「JG」,1179045F3034,アリピプラゾール錠|アリピプラゾール錠「JG」,12.0mg,錠,アリピプラゾール錠3mg「JG」,4b527f5e0ae5
アリピプラゾール錠,アリピプラゾール錠12mg「YD」,1179045F3042,アリピプラゾール錠|アリピプラゾール錠「YD」,12.0mg,錠,アリピプラゾール錠3mg「YD」,72b45145d26f
アリピプラゾール,アリピプラゾール錠12mg「アメル」,1179045F3050,アリピプラゾール|アリピプラゾール錠「アメル」,12.0mg,錠,アリピプラゾール錠1mg「アメル」; アリピプラゾール錠3mg「アメル」,276866a55b3e
アリピプラゾール,アリピプラゾール錠12mg「サワイ」,1179045F3077,アリピプラゾール|アリピプラゾール錠「サワイ」,12.0mg,錠,アリピプラゾール錠1mg「サワイ」,511e788a9854
アリピプラゾール,アリピプラゾール錠12mg「タカタ」,1179045F3085,アリピプラゾール|アリピプラゾール錠「タカタ」,12.0mg,錠,,ccfc8585779b
アリピプラゾール錠/散,アリピプラゾール錠12mg「トーワ」,1179045F3093,アリピプラゾール錠/散|アリピプラゾール錠「トーワ」,12.0mg,錠,アリピプラゾール錠1mg「トーワ」,4d3ccc757b14
アリピプラゾール製剤,アリピプラゾール錠12mg「ニプロ」,1179045F3115,アリピプラゾール製剤|アリピプラゾール錠「ニプロ」,12.0mg,錠,アリピプラゾール錠3mg「ニプロ」,940faebeffd5
アリピプラゾール,アリピプラゾール錠12mg「日医工」,1179045F3107,アリピプラゾール|アリピプラゾール錠「日医工」,12.0mg,錠,アリピプラゾール錠3mg「日医工」,0f296f7467e3
アリピプラゾール,アリピプラゾール錠12mg「明治」,1179045F3123,アリピプラゾール|アリピプラゾール錠「明治」,12.0mg,錠,アリピプラゾール錠3mg「明治」,9f2155492ccb
アリピプラゾール錠,アリピプラゾール錠24mg「YD」,1179045F9024,アリピプラゾール錠|アリピプラゾール錠「YD」,24.0mg,錠,アリピプラゾール錠3mg「YD」,72b45145d26f
アリピプラゾール,アリピプラゾール錠24mg「アメル」,1179045F9032,アリピプラゾール|アリピプラゾール錠「アメル」,24.0mg,錠,アリピプラゾール錠1mg「アメル」; アリピプラゾール錠3mg「アメル」,276866a55b3e
アリピプラゾール,アリピプラゾール錠24mg「サワイ」,1179045F9059,アリピプラゾール|アリピプラゾール錠「サワイ」,24.0mg,錠,アリピプラゾール錠1mg「サワイ」,511e788a9854
アリピプラゾール錠/散,アリピプラゾール錠24mg「トーワ」,1179045F9067,アリピプラゾール錠/散|アリピプラゾール錠「トーワ」,24.0mg,錠,アリピプラゾール錠1mg「トーワ」,4d3ccc757b14
アリピプラゾール,アリピプラゾール錠24mg「明治」,1179045F9075,アリピプラゾール|アリピプラゾール錠「明治」,24.0mg,錠,アリピプラゾール錠3mg「明治」,9f2155492ccb
アリピプラゾール,アリピプラゾール錠3mg「サワイ」,1179045F1074,アリピプラゾール|アリピプラゾール錠「サワイ」,3.0mg,錠,アリピプラゾール錠1mg「サワイ」,511e788a9854
アリピプラゾール,アリピプラゾール錠3mg「タカタ」,1179045F1082,アリピプラゾール|アリピプラゾール錠「タカタ」,3.0mg,錠,,ccfc8585779b
アリピプラゾール錠/散,アリピプラゾール錠3mg「トーワ」,1179045F1090,アリピプラゾール錠/散|アリピプラゾール錠「トーワ」,3.0mg,錠,アリピプラゾール錠1mg「トーワ」,4d3ccc757b14
アリピプラゾール錠,アリピプラゾール錠6mg「JG」,1179045F2038,アリピプラゾール錠|アリピプラゾール錠「JG」,6.0mg,錠,アリピプラゾール錠3mg「JG」,4b527f5e0ae5
アリピプラゾール錠,アリピプラゾール錠6mg「YD」,1179045F2046,アリピプラゾール錠|アリピプラゾール錠「YD」,6.0mg,錠,アリピプラゾール錠3mg「YD」,72b45145d26f
アリピプラゾール,アリピプラゾール錠6mg「アメル」,1179045F2054,アリピプラゾール|アリピプラゾール錠「アメル」,6.0mg,錠,アリピプラゾール錠1mg「アメル」; アリピプラゾール錠3mg「アメル」,276866a55b3e
アリピプラゾール,アリピプラゾール錠6mg「サワイ」,1179045F2070,アリピプラゾール|アリピプラゾール錠「サワイ」,6.0mg,錠,アリピプラゾール錠1mg「サワイ」,511e788a9854
アリピプラゾール,アリピプラゾール錠6mg「タカタ」,1179045F2089,アリピプラゾール|アリピプラゾール錠「タカタ」,6.0mg,錠,,ccfc8585779b
アリピプラゾール錠/散,アリピプラゾール錠6mg「トーワ」,1179045F2097,アリピプラゾール錠/散|アリピプラゾール錠「トーワ」,6.0mg,錠,アリピプラゾール錠1mg「トーワ」,4d3ccc757b14
アリピプラゾール製剤,アリピプラゾール錠6mg「ニプロ」,1179045F2119,アリピプラゾール製剤|アリピプラゾール錠「ニプロ」,6.0mg,錠,アリピプラゾール錠3mg「ニプロ」,940faebeffd5
アリピプラゾール,アリピプラゾール錠6mg「日医工」,1179045F2100,アリピプラゾール|アリピプラゾール錠「日医工」,6.0mg,錠,アリピプラゾール錠3mg「日医工」,0f296f7467e3
アリピプラゾール,アリピプラゾール錠6mg「明治」,1179045F2127,アリピプラゾール|アリピプラゾール錠「明治」,6.0mg,錠,アリピプラゾール錠3mg「明治」,9f2155492ccb
注射用ペメトレキセドナトリウム水和物,アリムタ注射用500mg,4229401D1020,注射用ペメトレキセドナトリウム水和物|アリムタ注射用,500.0mg,注射剤,アリムタ注射用100mg,f78345de4772
アルジオキサ,アルジオキサ錠100mg「ツルハラ」,2329002F2173,アルジオキサ|アルジオキサ錠「ツルハラ」,100.0mg,錠,,04afa1bf1d3d
アルジオキサ,アルジオキサ顆粒25％「あすか」,2329002D3063,アルジオキサ|アルジオキサ顆粒「あすか」,25.0%,顆粒,,1ceabe693de7
アルジオキサ,アルジオキサ顆粒25％「ツルハラ」,2329002D3055,アルジオキサ|アルジオキサ顆粒「ツルハラ」,25.0%,顆粒,アルジオキサ顆粒50%「ツルハラ」,04afa1bf1d3d
アルジオキサ,アルジオキサ顆粒50％「あすか」,2329002D4329,アルジオキサ|アルジオキサ顆粒「あすか」,50.0%,顆粒,,1ceabe693de7
アテノロール錠,アルセノール錠50,2123011F2127,アテノロール錠|アルセノール錠50,,錠,,38eda1b76ee0
ロキサチジン酢酸エステル塩酸塩,アルタットカプセル75mg,2325004M1087,ロキサチジン酢酸エステル塩酸塩|アルタットカプセル,75.0mg,カプセル,アルタットカプセル37.5mg,c8799753df78
スピロノラクトン,アルダクトンA錠25mg,2133001F1522,スピロノラクトン|アルダクトンA錠,25.0mg,錠,,f3520f1523f7
スピロノラクトン,アルダクトンA錠50mg,2133001F2057,スピロノラクトン|アルダクトンA錠,50.0mg,錠,,f3520f1523f7
レミフェンタニル塩酸塩,アルチバ静注用5mg,8219401D2028,レミフェンタニル塩酸塩|アルチバ静注用,5.0mg,注射剤,アルチバ静注用2mg,0d582662f515
－,アルトフェッド注射液　500mL　（ソフトバッグ）,3319555A3025,－|アルトフェッド注射液(ソフトバッグ),500.0ml,注射剤,アルトフェッド注射液　200mL　（ソフトバッグ）,d4ef87a2e021
－,アルトフェッド注射液　500mL　（プラスチックボトル）,3319555A2029,－|アルトフェッド注射液(プラスチックボトル),500.0ml,注射剤,,d4ef87a2e021
アルギン酸ナトリウム,アルト原末,3326700X2030,アルギン酸ナトリウム|アルト原末,,(不明),アルト原末,5329c3e130d2
メチルドパ錠,アルドメット錠250,2145001F2040,メチルドパ錠|アルドメット錠250,,錠,,46ba6f49d343
アセトアミノフェン坐剤,アルピニー坐剤200,1141700J3021,アセトアミノフェン坐剤|アルピニー坐剤200,,坐剤,,6571d108deff
アルファカルシドール製剤,アルファカルシドールカプセル0.5μg「BMD」,3112001M2379,アルファカルシドール製剤|アルファカルシドールカプセル「BMD」,0.5μg,カプセル,アルファカルシドールカプセル0.25μg「BMD」; アルファカルシドールカプセル3μg「BMD」,4e4d32ab0ad5
アルファカルシドールカプセル,アルファカルシドールカプセル0.5μg「NIG」,3112001M2395,アルファカルシドールカプセル|アルファカルシドールカプセル「NIG」,0.5μg,カプセル,アルファカルシドールカプセル0.25μg「NIG」,fe2855938ea3
アルファカルシドール,アルファカルシドールカプセル0.5μg「サワイ」,3112001M2336,アルファカルシドール|アルファカルシドールカプセル「サワイ」,0.5μg,カプセル,アルファカルシドールカプセル0.25μg「サワイ」,4032d60baabe
アルファカルシドールカプセル,アルファカルシドールカプセル0.5μg「トーワ」,3112001M2360,アルファカルシドールカプセル|アルファカルシドールカプセル「トーワ」,0.5μg,カプセル,アルファカルシドールカプセル0.25μg「トーワ」,fb5203282710
アルファカルシドール,アルファカルシドールカプセル0.5μg「フソー」,3112001M2310,アルファカルシドール|アルファカルシドールカプセル「フソー」,0.5μg,カプセル,アルファカルシドールカプセル0.25μg「フソー」,574113d286db
アルファカルシドール製剤,アルファカルシドールカプセル1.0μg「BMD」,3112001M3367,アルファカルシドール製剤|アルファカルシドールカプセル「BMD」,1.0μg,カプセル,アルファカルシドールカプセル0.25μg「BMD」; アルファカルシドールカプセル3μg「BMD」,4e4d32ab0ad5
アルファカルシドール,アルファカルシドールカプセル1.0μg「フソー」,3112001M3308,アルファカルシドール|アルファカルシドールカプセル「フソー」,1.0μg,カプセル,アルファカルシドールカプセル0.25μg「フソー」,574113d286db
アルファカルシドールカプセル,アルファカルシドールカプセル1μg「NIG」,3112001M3383,アルファカルシドールカプセル|アルファカルシドールカプセル「NIG」,1.0μg,カプセル,アルファカルシドールカプセル0.25μg「NIG」,fe2855938ea3
アルファカルシドール,アルファカルシドールカプセル1μg「サワイ」,3112001M3324,アルファカルシドール|アルファカルシドールカプセル「サワイ」,1.0μg,カプセル,アルファカルシドールカプセル0.25μg「サワイ」,4032d60baabe
アルファカルシドールカプセル,アルファカルシドールカプセル1μg「トーワ」,3112001M3359,アルファカルシドールカプセル|アルファカルシドールカプセル「トーワ」,1.0μg,カプセル,アルファカルシドールカプセル0.25μg「トーワ」,fb5203282710
アルファカルシドール,アルファカルシドール錠0.5μg「アメル」,3112001F2060,アルファカルシドール|アルファカルシドール錠「アメル」,0.5μg,錠,アルファカルシドール錠0.25μg「アメル」,f9c4071c1765
アルファカルシドール,アルファカルシドール錠1.0μg「アメル」,3112001F3066,アルファカルシドール|アルファカルシドール錠「アメル」,1.0μg,錠,アルファカルシドール錠0.25μg「アメル」,f9c4071c1765
アルファカルシドール,アルファロールカプセル0.5μg,3112001M2069,アルファカルシドール|アルファロールカプセル,0.5μg,カプセル,アルファロールカプセル0.25μg; アルファロールカプセル3μg,93c9bc01271e
アルファカルシドール,アルファロールカプセル1μg,3112001M3065,アルファカルシドール|アルファロールカプセル,1.0μg,カプセル,アルファロールカプセル0.25μg; アルファロールカプセル3μg,93c9bc01271e
アルプラゾラム,アルプラゾラム錠0.8mg「アメル」,1124023F2084,アルプラゾラム|アルプラゾラム錠「アメル」,0.8mg,錠,アルプラゾラム錠0.4mg「アメル」,6389f0e8373a
アルプラゾラム,アルプラゾラム錠0.8mg「サワイ」,1124023F2076,アルプラゾラム|アルプラゾラム錠「サワイ」,0.8mg,錠,アルプラゾラム錠0.4mg「サワイ」,2aa09e23e719
アルプラゾラム錠,アルプラゾラム錠0.8mg「トーワ」,1124023F2050,アルプラゾラム錠|アルプラゾラム錠「トーワ」,0.8mg,錠,アルプラゾラム錠0.4mg「トーワ」,2696af08f57f
アルプロスタジル,アルプロスタジル注10μg「F」,2190406A2124,アルプロスタジル|アルプロスタジル注「F」,10.0μg,注射剤,アルプロスタジル注5μg「F」,18295c6bf04b
アルプロスタジル,アルプロスタジル注10μg「サワイ」,2190406A2116,アルプロスタジル|アルプロスタジル注「サワイ」,10.0μg,注射剤,アルプロスタジル注5μg「サワイ」,6e1dd58f5061
アルプロスタジル,アルプロスタジル注10μgシリンジ「サワイ」,2190406G2062,アルプロスタジル|アルプロスタジル注シリンジ「サワイ」,10.0μg,注射剤,アルプロスタジル注5μgシリンジ「サワイ」,f228ba0fb2fb
アルベカシン硫酸塩,アルベカシン硫酸塩注射液100mg「NIG」,6119400A2120,アルベカシン硫酸塩|アルベカシン硫酸塩注射液「NIG」,100.0mg,注射剤,アルベカシン硫酸塩注射液25mg「NIG」,2f2126c73643
アルベカシン硫酸塩,アルベカシン硫酸塩注射液100mg「ケミファ」,6119400A2103,アルベカシン硫酸塩|アルベカシン硫酸塩注射液「ケミファ」,100.0mg,注射剤,アルベカシン硫酸塩注射液25mg「ケミファ」,b30dc80a0b90
アルベカシン硫酸塩,アルベカシン硫酸塩注射液200mg「NIG」,6119400A4084,アルベカシン硫酸塩|アルベカシン硫酸塩注射液「NIG」,200.0mg,注射剤,アルベカシン硫酸塩注射液25mg「NIG」,2f2126c73643
アルベカシン硫酸塩,アルベカシン硫酸塩注射液200mg「ケミファ」,6119400A4068,アルベカシン硫酸塩|アルベカシン硫酸塩注射液「ケミファ」,200.0mg,注射剤,アルベカシン硫酸塩注射液25mg「ケミファ」,b30dc80a0b90
アルベカシン硫酸塩,アルベカシン硫酸塩注射液75mg「NIG」,6119400A1123,アルベカシン硫酸塩|アルベカシン硫酸塩注射液「NIG」,75.0mg,注射剤,アルベカシン硫酸塩注射液25mg「NIG」,2f2126c73643
アルベカシン硫酸塩,アルベカシン硫酸塩注射液75mg「ケミファ」,6119400A1107,アルベカシン硫酸塩|アルベカシン硫酸塩注射液「ケミファ」,75.0mg,注射剤,アルベカシン硫酸塩注射液25mg「ケミファ」,b30dc80a0b90
オキサプロジン製剤,アルボ錠200㎎,1149026F2206,オキサプロジン製剤|アルボ錠,200.0mg,錠,アルボ錠100㎎,45de5f050b02
ブリグチニブ,アルンブリグ錠90mg,4291069F2029,ブリグチニブ|アルンブリグ錠,90.0mg,錠,アルンブリグ錠30mg,2727f78209bd
ぺミロラストカリウム製剤,アレギサールドライシロップ0.5%,4490011R1079,ぺミロラストカリウム製剤|アレギサールドライシロップ,0.5%,ドライシロップ,,d41e8ad46275
ぺミロラストカリウム製剤,アレギサール錠10mg,4490011F1021,ぺミロラストカリウム製剤|アレギサール錠,10.0mg,錠,アレギサール錠5mg,d41e8ad46275
フェキソフェナジン塩酸塩,アレグラ錠60mg,4490023F1024,フェキソフェナジン塩酸塩|アレグラ錠,60.0mg,錠,アレグラ錠30mg,796ff6b58568
エメダスチンフマル酸塩経皮吸収型製剤,アレサガテープ8mg,4490700S2025,エメダスチンフマル酸塩経皮吸収型製剤|アレサガテープ,8.0mg,貼付剤,アレサガテープ4mg,daff96ac32cd
エピナスチン塩酸塩,アレジオン錠20,4490014F2021,エピナスチン塩酸塩|アレジオン錠20,,錠,,64531b1c350e
フェニトイン,アレビアチン錠100mg,1132002F2041,フェニトイン|アレビアチン錠,100.0mg,錠,アレビアチン錠25mg,16ebdaa0a451
コンシズマブ（遺伝子組換え）,アレモ皮下注150mg,6343458G3022,コンシズマブ（遺伝子組換え）|アレモ皮下注,150.0mg,注射剤,アレモ皮下注15mg,ace194f23db9
コンシズマブ（遺伝子組換え）,アレモ皮下注300mg,63494B0G4025,コンシズマブ（遺伝子組換え）|アレモ皮下注,300.0mg,注射剤,アレモ皮下注15mg,ace194f23db9
コンシズマブ（遺伝子組換え）,アレモ皮下注60mg,6343458G2026,コンシズマブ（遺伝子組換え）|アレモ皮下注,60.0mg,注射剤,アレモ皮下注15mg,ace194f23db9
-,アレルゲンスクラッチエキス「トリイ」卵⽩,7290401A1026,-|アレルゲンスクラッチエキス「トリイ」卵白,,(不明),,22566004c5c4
オロパタジン塩酸塩,アレロックOD錠5,4490025F4022,オロパタジン塩酸塩|アレロックOD錠5,,OD錠,,260567865c9b
オロパタジン塩酸塩,アレロック錠5,4490025F2020,オロパタジン塩酸塩|アレロック錠5,,錠,,ec2495ae08b2
パロノセトロン塩酸塩,アロキシ点滴静注バッグ0.75mg,2391404G1022,パロノセトロン塩酸塩|アロキシ点滴静注バッグ,0.75mg,注射剤,,45a91998eb3f
アロチノロール塩酸塩,アロチノロール塩酸塩錠10mg「DSP」,2123014F2201,アロチノロール塩酸塩|アロチノロール塩酸塩錠「DSP」,10.0mg,錠,アロチノロール塩酸塩錠5mg「DSP」,5df09aafc134
アロチノロール塩酸塩錠,アロチノロール塩酸塩錠10mg「JG」,2123014F2210,アロチノロール塩酸塩錠|アロチノロール塩酸塩錠「JG」,10.0mg,錠,アロチノロール塩酸塩錠5mg「JG」,7b15182e3bbc
アロチノロール塩酸塩,アロチノロール塩酸塩錠10mg「サワイ」,2123014F2228,アロチノロール塩酸塩|アロチノロール塩酸塩錠「サワイ」,10.0mg,錠,アロチノロール塩酸塩錠5mg「サワイ」,18d23bc1df2f
アロチノロール塩酸塩錠,アロチノロール塩酸塩錠10mg「トーワ」,2123014F2244,アロチノロール塩酸塩錠|アロチノロール塩酸塩錠「トーワ」,10.0mg,錠,アロチノロール塩酸塩錠5mg「トーワ」,eeca6b06d691
アロプリノール,アロプリノール錠100mg「DSP」,3943001F1691,アロプリノール|アロプリノール錠「DSP」,100.0mg,錠,アロプリノール錠50mg「DSP」,4e71526eb93e
アロプリノール錠,アロプリノール錠100mg「NIG」,3943001F1730,アロプリノール錠|アロプリノール錠「NIG」,100.0mg,錠,アロプリノール錠50mg「NIG」,1114c95c4c18
アロプリノール,アロプリノール錠100mg「NS」,3943001F1748,アロプリノール|アロプリノール錠「NS」,100.0mg,錠,アロプリノール錠50mg「NS」,8d587ed80826
アロプリノール錠,アロプリノール錠100mg「TCK」,3943001F1659,アロプリノール錠|アロプリノール錠「TCK」,100.0mg,錠,アロプリノール錠50mg「TCK」,09a6d36f2821
アロプリノール,アロプリノール錠100mg「VTRS」,3943001F1713,アロプリノール|アロプリノール錠「VTRS」,100.0mg,錠,アロプリノール錠50mg「VTRS」,80cf3adfd8ab
アロプリノール,アロプリノール錠100mg「あゆみ」,3943001F1640,アロプリノール|アロプリノール錠「あゆみ」,100.0mg,錠,アロプリノール錠50mg「あゆみ」,130fcdebfe40
アロプリノール,アロプリノール錠100mg「アメル」,3943001F1322,アロプリノール|アロプリノール錠「アメル」,100.0mg,錠,アロプリノール錠50mg「アメル」,4aeefaaee034
アロプリノール,アロプリノール錠100mg「アメル」（旧製品）,3943001F1322,アロプリノール|アロプリノール錠「アメル」(旧製品),100.0mg,錠,アロプリノール錠50mg「アメル」（旧製品）,10ca31a557fd
アロプリノール,アロプリノール錠100mg「ケミファ」,3943001F1543,アロプリノール|アロプリノール錠「ケミファ」,100.0mg,錠,アロプリノール錠50mg「ケミファ」,d2feb55758c8
アロプリノール,アロプリノール錠100mg「サワイ」,3943001F1586,アロプリノール|アロプリノール錠「サワイ」,100.0mg,錠,アロプリノール錠50mg「サワイ」,dd7778476620
アロプリノール,アロプリノール錠100mg「タカタ」,3943001F1560,アロプリノール|アロプリノール錠「タカタ」,100.0mg,錠,アロプリノール錠50mg「タカタ」,cc86a1d7b79e
アロプリノール錠,アロプリノール錠100mg「トーワ」,3943001F1594,アロプリノール錠|アロプリノール錠「トーワ」,100.0mg,錠,アロプリノール錠50mg「トーワ」,85e0a93dacae
アロプリノール錠,アロプリノール錠100mg「ニプロ」,3943001F1721,アロプリノール錠|アロプリノール錠「ニプロ」,100.0mg,錠,アロプリノール錠50mg「ニプロ」,79c875abaada
ベタメタゾン酪酸エステルプロピオン酸エステル,アンテベートクリーム0.05%,2646730N1054,ベタメタゾン酪酸エステルプロピオン酸エステル|アンテベートクリーム,0.05%,クリーム,,62cd9607ac90
ベタメタゾン酪酸エステルプロピオン酸エステル,アンテベートローション0.05%,2646730Q1026,ベタメタゾン酪酸エステルプロピオン酸エステル|アンテベートローション,0.05%,ローション,,62cd9607ac90
アセトアミノフェン,アンヒバ坐剤小児用100mg,1141700J2130,アセトアミノフェン|アンヒバ坐剤小児用,100.0mg,坐剤,アンヒバ坐剤小児用50mg,f376f7bcb921
アセトアミノフェン,アンヒバ坐剤小児用200mg,1141700J3110,アセトアミノフェン|アンヒバ坐剤小児用,200.0mg,坐剤,アンヒバ坐剤小児用50mg,f376f7bcb921
サルポグレラート塩酸塩錠・細粒,アンプラーグ細粒10%,3399006C1020,サルポグレラート塩酸塩錠・細粒|アンプラーグ細粒,10.0%,(不明),,f6b14f0a3f5f
サルポグレラート塩酸塩錠・細粒,アンプラーグ錠100mg,3399006F2022,サルポグレラート塩酸塩錠・細粒|アンプラーグ錠,100.0mg,錠,アンプラーグ錠50mg,f6b14f0a3f5f
モルヒネ塩酸塩,アンペック坐剤20mg,8114700J2020,モルヒネ塩酸塩|アンペック坐剤,20.0mg,坐剤,アンペック坐剤10mg,b239bb0b53f1
モルヒネ塩酸塩,アンペック坐剤30mg,8114700J3026,モルヒネ塩酸塩|アンペック坐剤,30.0mg,坐剤,アンペック坐剤10mg,b239bb0b53f1
モルヒネ塩酸塩,アンペック注50mg,8114401A2089,モルヒネ塩酸塩|アンペック注,50.0mg,注射剤,アンペック注10mg; アンペック注200mg,6747237059a1
カルベジロール,アーチスト錠10mg,2149032F1021,カルベジロール|アーチスト錠,10.0mg,錠,アーチスト錠1.25mg,077b0f172ec0
カルベジロール,アーチスト錠2.5mg,2149032F4020,カルベジロール|アーチスト錠,2.5mg,錠,アーチスト錠1.25mg,077b0f172ec0
カルベジロール,アーチスト錠20mg,2149032F2028,カルベジロール|アーチスト錠,20.0mg,錠,アーチスト錠1.25mg,077b0f172ec0
トリヘキシフェニジル塩酸塩,アーテン散1%,1169002B1078,トリヘキシフェニジル塩酸塩|アーテン散,1.0%,散剤,,f486481bc030
セツキシマブ（遺伝子組換え）製剤,アービタックス注射液500mg,4291415A2028,セツキシマブ（遺伝子組換え）製剤|アービタックス注射液,500.0mg,注射剤,アービタックス注射液100mg,3ef5c09e1ae1
イオパミドール,イオパミドール150注200mL「F」,7219412A8082,イオパミドール|イオパミドール150注「F」,200.0ml,注射剤,イオパミドール150注50mL「F」,35a5b168d6c6
イオパミドール,イオパミドール300注100mL「F」,7219412A3137,イオパミドール|イオパミドール300注「F」,100.0ml,注射剤,,35a5b168d6c6
イオパミドール,イオパミドール300注20mL「F」,7219412A9127,イオパミドール|イオパミドール300注「F」,20.0ml,注射剤,,35a5b168d6c6
イオパミドール,イオパミドール300注50mL「F」,7219412A2122,イオパミドール|イオパミドール300注「F」,50.0ml,注射剤,,35a5b168d6c6
イオパミドール,イオパミドール300注シリンジ100mL「F」,7219412G1099,イオパミドール|イオパミドール300注シリンジ「F」,100.0ml,注射剤,イオパミドール300注シリンジ50mL「F」,eb553fe4c557
イオパミドール,イオパミドール300注シリンジ150mL「F」,7219412P2036,イオパミドール|イオパミドール300注シリンジ「F」,150.0ml,注射剤,イオパミドール300注シリンジ50mL「F」,eb553fe4c557
イオパミドール,イオパミドール300注シリンジ80mL「F」,7219412G6090,イオパミドール|イオパミドール300注シリンジ「F」,80.0ml,注射剤,イオパミドール300注シリンジ50mL「F」,eb553fe4c557
イオパミドール,イオパミドール370注100mL「F」,7219412A6136,イオパミドール|イオパミドール370注「F」,100.0ml,注射剤,,35a5b168d6c6
イオパミドール,イオパミドール370注20mL「F」,7219412H1124,イオパミドール|イオパミドール370注「F」,20.0ml,注射剤,,35a5b168d6c6
イオパミドール,イオパミドール370注50mL「F」,7219412A5121,イオパミドール|イオパミドール370注「F」,50.0ml,注射剤,,35a5b168d6c6
イオパミドール,イオパミドール370注シリンジ100mL「F」,7219412G7089,イオパミドール|イオパミドール370注シリンジ「F」,100.0ml,注射剤,,eb553fe4c557
イオパミドール,イオパミドール370注シリンジ50mL「F」,7219412P1099,イオパミドール|イオパミドール370注シリンジ「F」,50.0ml,注射剤,,eb553fe4c557
イオパミドール,イオパミドール370注シリンジ65mL「F」,7219412P3075,イオパミドール|イオパミドール370注シリンジ「F」,65.0ml,注射剤,,eb553fe4c557
イオパミドール,イオパミドール370注シリンジ80mL「F」,7219412G9103,イオパミドール|イオパミドール370注シリンジ「F」,80.0ml,注射剤,,eb553fe4c557
イオパミドール,イオパミロン注300,7219412A3072,イオパミドール|イオパミロン注300,,注射剤,イオパミロン注300,b072d92a6da4
イオパミドール,イオパミロン注300シリンジ,7219412P2044,イオパミドール|イオパミロン注300シリンジ,,注射剤,イオパミロン注300シリンジ,514045c244c0
イオパミドール,イオパミロン注300シリンジ,7219412P4020,イオパミドール|イオパミロン注300シリンジ,,注射剤,イオパミロン注300シリンジ,514045c244c0
イオパミドール,イオパミロン注300シリンジ,7219412G1030,イオパミドール|イオパミロン注300シリンジ,,注射剤,イオパミロン注300シリンジ,514045c244c0
イオパミドール,イオパミロン注370,7219412A5067,イオパミドール|イオパミロン注370,,注射剤,,b072d92a6da4
イオパミドール,イオパミロン注370,7219412A6071,イオパミドール|イオパミロン注370,,注射剤,,b072d92a6da4
イオパミドール,イオパミロン注370シリンジ,7219412G7038,イオパミドール|イオパミロン注370シリンジ,,注射剤,,514045c244c0
イオパミドール,イオパミロン注370シリンジ,7219412G9030,イオパミドール|イオパミロン注370シリンジ,,注射剤,,514045c244c0
"塩酸N-イソプロピル-4-ヨードアンフェタミン（
123
I）","イオフェタミン（
123
I）注射液「第一」（167MBq）",4300431A1030,"塩酸N-イソプロピル-4-ヨードアンフェタミン（
123
I）|イオフェタミン(123I)注射液「第一」(167MBq)",,注射剤,,74a76ecce54b
"塩酸N-イソプロピル-4-ヨードアンフェタミン（
123
I）","イオフェタミン（
123
I）注射液「第一」（222MBq）",4300431A1030,"塩酸N-イソプロピル-4-ヨードアンフェタミン（
123
I）|イオフェタミン(123I)注射液「第一」(222MBq)",,注射剤,,74a76ecce54b
イオプロミド,イオプロミド300注100mL「BYL」,7219418A8055,イオプロミド|イオプロミド300注「BYL」,100.0ml,注射剤,イオプロミド300注20mL「BYL」,f3512c44d0d8
イオプロミド,イオプロミド300注50mL「BYL」,7219418A7059,イオプロミド|イオプロミド300注「BYL」,50.0ml,注射剤,イオプロミド300注20mL「BYL」,f3512c44d0d8
イオプロミド,イオプロミド300注シリンジ100mL「BYL」,7219418G1053,イオプロミド|イオプロミド300注シリンジ「BYL」,100.0ml,注射剤,イオプロミド300注シリンジ50mL「BYL」,e888893cafa0
イオプロミド,イオプロミド300注シリンジ80mL「BYL」,7219418G3048,イオプロミド|イオプロミド300注シリンジ「BYL」,80.0ml,注射剤,イオプロミド300注シリンジ50mL「BYL」,e888893cafa0
イオプロミド,イオプロミド370注100mL「BYL」,7219418H2055,イオプロミド|イオプロミド370注「BYL」,100.0ml,注射剤,,f3512c44d0d8
イオプロミド,イオプロミド370注20mL「BYL」,7219418A9051,イオプロミド|イオプロミド370注「BYL」,20.0ml,注射剤,,f3512c44d0d8
イオプロミド,イオプロミド370注50mL「BYL」,7219418H1059,イオプロミド|イオプロミド370注「BYL」,50.0ml,注射剤,,f3512c44d0d8
イオプロミド,イオプロミド370注シリンジ100mL「BYL」,7219418G6047,イオプロミド|イオプロミド370注シリンジ「BYL」,100.0ml,注射剤,,e888893cafa0
イオプロミド,イオプロミド370注シリンジ50mL「BYL」,7219418G4044,イオプロミド|イオプロミド370注シリンジ「BYL」,50.0ml,注射剤,,e888893cafa0
イオプロミド,イオプロミド370注シリンジ80mL「BYL」,7219418G5040,イオプロミド|イオプロミド370注シリンジ「BYL」,80.0ml,注射剤,,e888893cafa0
イオヘキソール,イオヘキソール300注100mL「F」,7219415H2108,イオヘキソール|イオヘキソール300注「F」,100.0ml,注射剤,イオヘキソール300注20mL「F」,dd262cd7b97a
イオヘキソール,イオヘキソール300注50mL「F」,7219415H1101,イオヘキソール|イオヘキソール300注「F」,50.0ml,注射剤,イオヘキソール300注20mL「F」,dd262cd7b97a
イオヘキソール,イオヘキソール300注シリンジ100mL「F」,7219415G3141,イオヘキソール|イオヘキソール300注シリンジ「F」,100.0ml,注射剤,,54918044e0c2
イオヘキソール,イオヘキソール300注シリンジ110mL「F」,7219415G9077,イオヘキソール|イオヘキソール300注シリンジ「F」,110.0ml,注射剤,,54918044e0c2
イオヘキソール,イオヘキソール300注シリンジ125mL「F」,7219415G7082,イオヘキソール|イオヘキソール300注シリンジ「F」,125.0ml,注射剤,,54918044e0c2
イオヘキソール,イオヘキソール300注シリンジ150mL「F」,7219415G6086,イオヘキソール|イオヘキソール300注シリンジ「F」,150.0ml,注射剤,,54918044e0c2
イオヘキソール,イオヘキソール300注シリンジ50mL「F」,7219415G2102,イオヘキソール|イオヘキソール300注シリンジ「F」,50.0ml,注射剤,,54918044e0c2
イオヘキソール,イオヘキソール300注シリンジ80mL「F」,7219415G4105,イオヘキソール|イオヘキソール300注シリンジ「F」,80.0ml,注射剤,,54918044e0c2
イオヘキソール,イオヘキソール350注100mL「F」,7219415H5085,イオヘキソール|イオヘキソール350注「F」,100.0ml,注射剤,,dd262cd7b97a
イオヘキソール,イオヘキソール350注20mL「F」,7219415H3082,イオヘキソール|イオヘキソール350注「F」,20.0ml,注射剤,,dd262cd7b97a
イオヘキソール,イオヘキソール350注50mL「F」,7219415H4089,イオヘキソール|イオヘキソール350注「F」,50.0ml,注射剤,,dd262cd7b97a
イオヘキソール,イオヘキソール350注シリンジ100mL「F」,7219415G5098,イオヘキソール|イオヘキソール350注シリンジ「F」,100.0ml,注射剤,,54918044e0c2
イオヘキソール,イオヘキソール350注シリンジ70mL「F」,7219415G8070,イオヘキソール|イオヘキソール350注シリンジ「F」,70.0ml,注射剤,,54918044e0c2
イオメプロール注射液,イオメロン300注100mL,7219417A3032,イオメプロール注射液|イオメロン300注,100.0ml,注射剤,イオメロン300注20mL,f5669423b225
イオメプロール注射液,イオメロン300注50mL,7219417A2036,イオメプロール注射液|イオメロン300注,50.0ml,注射剤,イオメロン300注20mL,f5669423b225
イオメプロール注射液,イオメロン300注シリンジ100mL,7219417G2039,イオメプロール注射液|イオメロン300注シリンジ,100.0ml,注射剤,イオメロン300注シリンジ50mL,e2128287849c
イオメプロール注射液,イオメロン300注シリンジ75mL,7219417G5038,イオメプロール注射液|イオメロン300注シリンジ,75.0ml,注射剤,イオメロン300注シリンジ50mL,e2128287849c
イオメプロール注射液,イオメロン350注100mL,7219417A6031,イオメプロール注射液|イオメロン350注,100.0ml,注射剤,,f5669423b225
イオメプロール注射液,イオメロン350注20mL,7219417A4039,イオメプロール注射液|イオメロン350注,20.0ml,注射剤,,f5669423b225
イオメプロール注射液,イオメロン350注50mL,7219417A5035,イオメプロール注射液|イオメロン350注,50.0ml,注射剤,,f5669423b225
イオメプロール注射液,イオメロン350注シリンジ100mL,7219417G4031,イオメプロール注射液|イオメロン350注シリンジ,100.0ml,注射剤,,e2128287849c
イオメプロール注射液,イオメロン350注シリンジ135mL,7219417G7030,イオメプロール注射液|イオメロン350注シリンジ,135.0ml,注射剤,,e2128287849c
イオメプロール注射液,イオメロン350注シリンジ50mL,7219417G3035,イオメプロール注射液|イオメロン350注シリンジ,50.0ml,注射剤,,e2128287849c
イオメプロール注射液,イオメロン350注シリンジ75mL,7219417G6034,イオメプロール注射液|イオメロン350注シリンジ,75.0ml,注射剤,,e2128287849c
イオメプロール注射液,イオメロン400注100mL,7219417A9030,イオメプロール注射液|イオメロン400注,100.0ml,注射剤,,f5669423b225
イオメプロール注射液,イオメロン400注50mL,7219417A8034,イオメプロール注射液|イオメロン400注,50.0ml,注射剤,,f5669423b225
"エンザルタミド錠
Enzalutamide",イクスタンジ錠80mg,4291031F2021,"エンザルタミド錠
Enzalutamide|イクスタンジ錠",80.0mg,錠,イクスタンジ錠40mg,45a31a4519f7
リバスチグミン,イクセロンパッチ13.5mg,1190700S3021,リバスチグミン|イクセロンパッチ,13.5mg,(不明),イクセロンパッチ4.5mg,30e5eeb098fb
リバスチグミン,イクセロンパッチ18mg,1190700S4028,リバスチグミン|イクセロンパッチ,18.0mg,(不明),イクセロンパッチ4.5mg,30e5eeb098fb
リバスチグミン,イクセロンパッチ9mg,1190700S2025,リバスチグミン|イクセロンパッチ,9.0mg,(不明),イクセロンパッチ4.5mg,30e5eeb098fb
リバーロキサバン,イグザレルトOD錠15mg,3339003F4023,リバーロキサバン|イグザレルトOD錠,15.0mg,OD錠,イグザレルトOD錠10mg,2935efa9970f
リバーロキサバン,イグザレルトドライシロップ小児用103.4mg,3339003R2027,リバーロキサバン|イグザレルトドライシロップ小児用,103.4mg,ドライシロップ,イグザレルトドライシロップ小児用51.7mg,f78b51ab740e
リバーロキサバン,イグザレルト細粒分包15mg,3339003C2024,リバーロキサバン|イグザレルト細粒分包,15.0mg,(不明),イグザレルト細粒分包10mg,cee0302b78ad
リバーロキサバン,イグザレルト錠15mg,3339003F2020,リバーロキサバン|イグザレルト錠,15.0mg,錠,イグザレルト錠10mg; イグザレルト錠2.5mg,ca5d45e8f946
イコサペント酸エチル,イコサペント酸エチル粒状カプセル600mg「TC」,3399004M3045,イコサペント酸エチル|イコサペント酸エチル粒状カプセル「TC」,600.0mg,カプセル,イコサペント酸エチル粒状カプセル300mg「TC」,2606301111fc
イコサペント酸エチル,イコサペント酸エチル粒状カプセル600mg「サワイ」,3399004M3061,イコサペント酸エチル|イコサペント酸エチル粒状カプセル「サワイ」,600.0mg,カプセル,イコサペント酸エチル粒状カプセル300mg「サワイ」,24de00836629
イコサペント酸エチル,イコサペント酸エチル粒状カプセル600mg「モチダ」,3399004M3150,イコサペント酸エチル|イコサペント酸エチル粒状カプセル「モチダ」,600.0mg,カプセル,イコサペント酸エチル粒状カプセル300mg「モチダ」,5430ec86661a
イコサペント酸エチル,イコサペント酸エチル粒状カプセル600mg「日医工」,3399004M3070,イコサペント酸エチル|イコサペント酸エチル粒状カプセル「日医工」,600.0mg,カプセル,イコサペント酸エチル粒状カプセル300mg「日医工」,2c20219c20a3
イコサペント酸エチル,イコサペント酸エチル粒状カプセル900mg「TC」,3399004M4041,イコサペント酸エチル|イコサペント酸エチル粒状カプセル「TC」,900.0mg,カプセル,イコサペント酸エチル粒状カプセル300mg「TC」,2606301111fc
イコサペント酸エチル,イコサペント酸エチル粒状カプセル900mg「サワイ」,3399004M4068,イコサペント酸エチル|イコサペント酸エチル粒状カプセル「サワイ」,900.0mg,カプセル,イコサペント酸エチル粒状カプセル300mg「サワイ」,24de00836629
イコサペント酸エチル,イコサペント酸エチル粒状カプセル900mg「モチダ」,3399004M4157,イコサペント酸エチル|イコサペント酸エチル粒状カプセル「モチダ」,900.0mg,カプセル,イコサペント酸エチル粒状カプセル300mg「モチダ」,5430ec86661a
イコサペント酸エチル,イコサペント酸エチル粒状カプセル900mg「日医工」,3399004M4076,イコサペント酸エチル|イコサペント酸エチル粒状カプセル「日医工」,900.0mg,カプセル,イコサペント酸エチル粒状カプセル300mg「日医工」,2c20219c20a3
トレメリムマブ（遺伝子組換え）製剤,イジュド点滴静注300mg,4291465A2026,トレメリムマブ（遺伝子組換え）製剤|イジュド点滴静注,300.0mg,注射剤,イジュド点滴静注25mg,297f3f74458b
イソニアジド,イスコチン錠100mg,6222001F3037,イソニアジド|イスコチン錠,100.0mg,錠,,ef10c459f216
オシロドロスタットリン酸塩,イスツリサ錠5mg,2499015F2022,オシロドロスタットリン酸塩|イスツリサ錠,5.0mg,錠,イスツリサ錠1mg,46ba55b9a872
ツロクトコグ アルファ ペゴル（遺伝子組換え）,イスパロクト静注用1000,6343454D2021,ツロクトコグ アルファ ペゴル（遺伝子組換え）|イスパロクト静注用1000,,注射剤,,d39e201acbc9
ツロクトコグ アルファ ペゴル（遺伝子組換え）,イスパロクト静注用1500,6343454D3028,ツロクトコグ アルファ ペゴル（遺伝子組換え）|イスパロクト静注用1500,,注射剤,,d39e201acbc9
ツロクトコグ アルファ ペゴル（遺伝子組換え）,イスパロクト静注用2000,6343454D4024,ツロクトコグ アルファ ペゴル（遺伝子組換え）|イスパロクト静注用2000,,注射剤,,d39e201acbc9
ツロクトコグ アルファ ペゴル（遺伝子組換え）,イスパロクト静注用3000,6343454D5020,ツロクトコグ アルファ ペゴル（遺伝子組換え）|イスパロクト静注用3000,,注射剤,,d39e201acbc9
イソコナゾール硝酸塩,イソコナゾール硝酸塩腟錠300mg「F」,2529708J2066,イソコナゾール硝酸塩|イソコナゾール硝酸塩腟錠「F」,300.0mg,錠,イソコナゾール硝酸塩腟錠100mg「F」,9a1337646e5e
イソソルビド,イソソルビド内⽤液70％分包30mL「CEO」,2139001S2040,イソソルビド|イソソルビド内用液分包「CEO」,70.0%/30.0ml,液剤,,c0f20527f671
イソソルビド,イソソルビド内⽤液70％分包40mL「CEO」,2139001S5023,イソソルビド|イソソルビド内用液分包「CEO」,70.0%/40.0ml,液剤,,c0f20527f671
イソソルビドゼリー,イソソルビド内服ゼリー70%分包30g「日医工」,2139001Q2035,イソソルビドゼリー|イソソルビド内服ゼリー分包「日医工」,70.0%/30.0g,(不明),イソソルビド内服ゼリー70%分包20g「日医工」,8cfdcb0223d1
イソトレチノインカプセル,イソトレックスカプセル16mg,4291101M2028,イソトレチノインカプセル|イソトレックスカプセル,16.0mg,カプセル,イソトレックスカプセル8mg,945c74007853
イソソルビド,イソバイドシロップ70％分包20mL,2139001S3020,イソソルビド|イソバイドシロップ分包,70.0%/20.0ml,シロップ,,3ea4ce0c203a
イソソルビド,イソバイドシロップ70％分包23mL,2139001S4027,イソソルビド|イソバイドシロップ分包,70.0%/23.0ml,シロップ,,3ea4ce0c203a
イソソルビド,イソバイドシロップ70％分包30mL,2139001S2032,イソソルビド|イソバイドシロップ分包,70.0%/30.0ml,シロップ,,3ea4ce0c203a
アルブトレペノナコグ　アルファ（遺伝子組換え）,イデルビオン静注用1000,6343448D3022,アルブトレペノナコグ　アルファ（遺伝子組換え）|イデルビオン静注用1000,,注射剤,,d889d682c18b
アルブトレペノナコグ　アルファ（遺伝子組換え）,イデルビオン静注用2000,6343448D4029,アルブトレペノナコグ　アルファ（遺伝子組換え）|イデルビオン静注用2000,,注射剤,,d889d682c18b
アルブトレペノナコグ　アルファ（遺伝子組換え）,イデルビオン静注用3500,6343448D5025,アルブトレペノナコグ　アルファ（遺伝子組換え）|イデルビオン静注用3500,,注射剤,,d889d682c18b
アルブトレペノナコグ　アルファ（遺伝子組換え）,イデルビオン静注用500,6343448D2026,アルブトレペノナコグ　アルファ（遺伝子組換え）|イデルビオン静注用500,,注射剤,,d889d682c18b
イトラコナゾール,イトラコナゾール錠100mg「日医工」,6290004F2069,イトラコナゾール|イトラコナゾール錠「日医工」,100.0mg,錠,イトラコナゾール錠50mg「日医工」,b9ff37cf6850
インドメタシン,イドメシンコーワクリーム1％,2649719N1092,インドメタシン|イドメシンコーワクリーム,1.0%,クリーム,,032cb7f91b6a
インドメタシン,イドメシンコーワゾル1％,2649719Q1030,インドメタシン|イドメシンコーワゾル,1.0%,(不明),,032cb7f91b6a
ドパミン塩酸塩注射液,イノバン注0.3%シリンジ,2119402P4037,ドパミン塩酸塩注射液|イノバン注シリンジ,0.3%,注射剤,イノバン注0.1%シリンジ,a9aac7516468
ドパミン塩酸塩注射液,イノバン注0.6%シリンジ,2119402P5025,ドパミン塩酸塩注射液|イノバン注シリンジ,0.6%,注射剤,イノバン注0.1%シリンジ,a9aac7516468
ルフィナミド,イノベロン錠200mg,1139012F2020,ルフィナミド|イノベロン錠,200.0mg,錠,イノベロン錠100mg,6255e2caa218
ベンラファキシン塩酸塩,イフェクサーSRカプセル75mg,1179055N2028,ベンラファキシン塩酸塩|イフェクサーSRカプセル,75.0mg,カプセル,イフェクサーSRカプセル37.5mg,51b40e66a7a9
イフェンプロジル酒石酸塩錠,イフェンプロジル酒石酸塩錠20mg「YD」,2190005F2191,イフェンプロジル酒石酸塩錠|イフェンプロジル酒石酸塩錠「YD」,20.0mg,錠,イフェンプロジル酒石酸塩錠10mg「YD」,8bdd207b22a7
イフェンプロジル酒石酸塩,イフェンプロジル酒石酸塩錠20mg「あすか」,2190005F2230,イフェンプロジル酒石酸塩|イフェンプロジル酒石酸塩錠「あすか」,20.0mg,錠,イフェンプロジル酒石酸塩錠10mg「あすか」,a70e50de9907
イフェンプロジル酒石酸塩,イフェンプロジル酒石酸塩錠20mg「サワイ」,2190005F2213,イフェンプロジル酒石酸塩|イフェンプロジル酒石酸塩錠「サワイ」,20.0mg,錠,イフェンプロジル酒石酸塩錠10mg「サワイ」,e9286b658175
イフェンプロジル酒石酸塩錠,イフェンプロジル酒石酸塩錠20mg「トーワ」,2190005F2205,イフェンプロジル酒石酸塩錠|イフェンプロジル酒石酸塩錠「トーワ」,20.0mg,錠,イフェンプロジル酒石酸塩錠10mg「トーワ」,41628ff757a6
イフェンプロジル酒石酸塩,イフェンプロジル酒石酸塩錠20mg「日医工」,2190005F2183,イフェンプロジル酒石酸塩|イフェンプロジル酒石酸塩錠「日医工」,20.0mg,錠,イフェンプロジル酒石酸塩錠10mg「日医工」,1129fc1bd98f
レブリキズマブ（遺伝子組換え）注射液,イブグリース皮下注250mgシリンジ,4490410G1025,レブリキズマブ（遺伝子組換え）注射液|イブグリース皮下注シリンジ,250.0mg,注射剤,,93787d41fcea
イブプロフェン錠,イブプロフェン錠200mg「NIG」,1149001F2222,イブプロフェン錠|イブプロフェン錠「NIG」,200.0mg,錠,イブプロフェン錠100mg「NIG」,38067128cf04
イブプロフェン錠,イブプロフェン錠200mg「TCK」,1149001F2214,イブプロフェン錠|イブプロフェン錠「TCK」,200.0mg,錠,イブプロフェン錠100mg「TCK」,ae50a6529319
パルボシクリブ,イブランス錠125mg,4291051F2029,パルボシクリブ|イブランス錠,125.0mg,錠,イブランス錠25mg,90ba4ad96250
イマチニブメシル酸塩,イマチニブ錠200mg「サワイ」,4291011F2075,イマチニブメシル酸塩|イマチニブ錠「サワイ」,200.0mg,錠,イマチニブ錠100mg「サワイ」,8b648df6c438
イマチニブメシル酸塩錠,イマチニブ錠200mg「トーワ」,4291011F2059,イマチニブメシル酸塩錠|イマチニブ錠「トーワ」,200.0mg,錠,イマチニブ錠100mg「トーワ」,020886d08b04
イマチニブメシル酸塩錠,イマチニブ錠200mg「ニプロ」,4291011F2024,イマチニブメシル酸塩錠|イマチニブ錠「ニプロ」,200.0mg,錠,イマチニブ錠100mg「ニプロ」,c2492d9b93e5
イマチニブメシル酸塩,イマチニブ錠200mg「ヤクルト」,4291011F2040,イマチニブメシル酸塩|イマチニブ錠「ヤクルト」,200.0mg,錠,イマチニブ錠100mg「ヤクルト」,5ac11d60a6ac
イマチニブメシル酸塩,イマチニブ錠200mg「明治」,4291011F2032,イマチニブメシル酸塩|イマチニブ錠「明治」,200.0mg,錠,イマチニブ錠100mg「明治」,087f0c3f173d
イミダフェナシン,イミダフェナシンOD錠0.1mg「JG」,2590013F2040,イミダフェナシン|イミダフェナシンOD錠「JG」,0.1mg,OD錠,,10459041b697
イミダフェナシン錠イミダフェナシン口腔内崩壊錠,イミダフェナシンOD錠0.1mg「YD」,2590013F2066,イミダフェナシン錠イミダフェナシン口腔内崩壊錠|イミダフェナシンOD錠「YD」,0.1mg,OD錠,,ccefb9c4988a
イミダフェナシン,イミダフェナシンOD錠0.1mg「サワイ」,2590013F2082,イミダフェナシン|イミダフェナシンOD錠「サワイ」,0.1mg,OD錠,,ad170b18bfeb
イミダフェナシン錠・イミダフェナシン口腔内崩壊錠,イミダフェナシンOD錠0.1mg「杏林」,2590013F2074,イミダフェナシン錠・イミダフェナシン口腔内崩壊錠|イミダフェナシンOD錠「杏林」,0.1mg,OD錠,,3528a85cbeaf
イミダプリル塩酸塩錠,イミダプリル塩酸塩錠10mg「DSEP」,2144008F3180,イミダプリル塩酸塩錠|イミダプリル塩酸塩錠「DSEP」,10.0mg,錠,イミダプリル塩酸塩錠2.5mg「DSEP」,4b0a4d5d12fa
イミダプリル塩酸塩錠,イミダプリル塩酸塩錠10mg「JG」,2144008F3059,イミダプリル塩酸塩錠|イミダプリル塩酸塩錠「JG」,10.0mg,錠,イミダプリル塩酸塩錠2.5mg「JG」,9c27d57c44a4
イミダプリル塩酸塩,イミダプリル塩酸塩錠10mg「サワイ」,2144008F3148,イミダプリル塩酸塩|イミダプリル塩酸塩錠「サワイ」,10.0mg,錠,イミダプリル塩酸塩錠2.5mg「サワイ」,68818dfe2c84
イミダプリル塩酸塩錠,イミダプリル塩酸塩錠10mg「トーワ」,2144008F3156,イミダプリル塩酸塩錠|イミダプリル塩酸塩錠「トーワ」,10.0mg,錠,イミダプリル塩酸塩錠2.5mg「トーワ」,a1dbf6705b5c
イミダプリル塩酸塩錠,イミダプリル塩酸塩錠5mg「DSEP」,2144008F2184,イミダプリル塩酸塩錠|イミダプリル塩酸塩錠「DSEP」,5.0mg,錠,イミダプリル塩酸塩錠2.5mg「DSEP」,4b0a4d5d12fa
イミダプリル塩酸塩錠,イミダプリル塩酸塩錠5mg「JG」,2144008F2052,イミダプリル塩酸塩錠|イミダプリル塩酸塩錠「JG」,5.0mg,錠,イミダプリル塩酸塩錠2.5mg「JG」,9c27d57c44a4
イミダプリル塩酸塩錠,イミダプリル塩酸塩錠5mg「NIG」,2144008F2222,イミダプリル塩酸塩錠|イミダプリル塩酸塩錠「NIG」,5.0mg,錠,イミダプリル塩酸塩錠10mg「NIG」; イミダプリル塩酸塩錠2.5mg「NIG」,d9d519524ee7
イミダプリル塩酸塩,イミダプリル塩酸塩錠5mg「PH」,2144008F2109,イミダプリル塩酸塩|イミダプリル塩酸塩錠「PH」,5.0mg,錠,イミダプリル塩酸塩錠10mg「PH」; イミダプリル塩酸塩錠2.5mg「PH」,942b7b41f5c7
イミダプリル塩酸塩錠,イミダプリル塩酸塩錠5mg「YD」,2144008F2117,イミダプリル塩酸塩錠|イミダプリル塩酸塩錠「YD」,5.0mg,錠,イミダプリル塩酸塩錠10mg「YD」; イミダプリル塩酸塩錠2.5mg「YD」,8a757da8ecd8
イミダプリル塩酸塩錠,イミダプリル塩酸塩錠5mg「オーハラ」,2144008F2087,イミダプリル塩酸塩錠|イミダプリル塩酸塩錠「オーハラ」,5.0mg,錠,イミダプリル塩酸塩錠10mg「オーハラ」; イミダプリル塩酸塩錠2.5mg「オーハラ」,15f78c1a59cc
イミダプリル塩酸塩,イミダプリル塩酸塩錠5mg「サワイ」,2144008F2141,イミダプリル塩酸塩|イミダプリル塩酸塩錠「サワイ」,5.0mg,錠,イミダプリル塩酸塩錠2.5mg「サワイ」,68818dfe2c84
イミダプリル塩酸塩錠,イミダプリル塩酸塩錠5mg「トーワ」,2144008F2150,イミダプリル塩酸塩錠|イミダプリル塩酸塩錠「トーワ」,5.0mg,錠,イミダプリル塩酸塩錠2.5mg「トーワ」,a1dbf6705b5c
イミプラミン塩酸塩錠,イミドール糖衣錠（25）,1174006F2023,イミプラミン塩酸塩錠|イミドール糖衣錠(25),,錠,,542947fe8557
デュルバルマブ（遺伝子組換え）製剤,イミフィンジ点滴静注500mg,4291443A2020,デュルバルマブ（遺伝子組換え）製剤|イミフィンジ点滴静注,500.0mg,注射剤,イミフィンジ点滴静注120mg,232bc3ccd5a7
タルラタマブ（遺伝子組換え）,イムデトラ点滴静注用10mg,4291477D2025,タルラタマブ（遺伝子組換え）|イムデトラ点滴静注用,10.0mg,注射剤,イムデトラ点滴静注用1mg,9d27ac604f14
乾燥BCG膀胱内用（日本株）,イムノブラダー膀注用40mg,6391700X3020,乾燥BCG膀胱内用（日本株）|イムノブラダー膀注用,40.0mg,注射剤,イムノブラダー膀注用80mg,bfc963874391
インターフェロン　ガンマ-1a（遺伝子組換え）,イムノマックス−γ注100,6399408F4020,インターフェロン　ガンマ-1a（遺伝子組換え）|イムノマックス−γ注100,,注射剤,,2dfa5bb3cd49
イリノテカン塩酸塩水和物,イリノテカン塩酸塩点滴静注液100mg「NK」,4240404A2055,イリノテカン塩酸塩水和物|イリノテカン塩酸塩点滴静注液「NK」,100.0mg,注射剤,イリノテカン塩酸塩点滴静注液40mg「NK」,327bcb2d8a7f
イリノテカン塩酸塩水和物注射液,イリノテカン塩酸塩点滴静注液100mg「NP」,4240404A2136,イリノテカン塩酸塩水和物注射液|イリノテカン塩酸塩点滴静注液「NP」,100.0mg,注射剤,イリノテカン塩酸塩点滴静注液40mg「NP」,f7bc1793b786
イリノテカン塩酸塩水和物,イリノテカン塩酸塩点滴静注液100mg「SUN」,4240404A2179,イリノテカン塩酸塩水和物|イリノテカン塩酸塩点滴静注液「SUN」,100.0mg,注射剤,イリノテカン塩酸塩点滴静注液40mg「SUN」,6f2a87f6d492
イリノテカン塩酸塩水和物,イリノテカン塩酸塩点滴静注液100mg「サワイ」,4240404A2063,イリノテカン塩酸塩水和物|イリノテカン塩酸塩点滴静注液「サワイ」,100.0mg,注射剤,イリノテカン塩酸塩点滴静注液40mg「サワイ」,7829db6e6036
イリノテカン塩酸塩注射液,イリノテカン塩酸塩点滴静注液100mg「トーワ」,4240404A2144,イリノテカン塩酸塩注射液|イリノテカン塩酸塩点滴静注液「トーワ」,100.0mg,注射剤,イリノテカン塩酸塩点滴静注液40mg「トーワ」,ba9b51faeb87
"ラモセトロン塩酸塩口腔内崩壊錠
Ramosetron　Hydrochloride",イリボーOD錠5μg,2399014F4025,"ラモセトロン塩酸塩口腔内崩壊錠
Ramosetron　Hydrochloride|イリボーOD錠",5.0μg,OD錠,イリボーOD錠2.5μg,71567a2ffe0d
"ラモセトロン塩酸塩錠
Ramosetron　Hydrochloride",イリボー錠5μg,2399014F2022,"ラモセトロン塩酸塩錠
Ramosetron　Hydrochloride|イリボー錠",5.0μg,錠,イリボー錠2.5μg,31153b293491
"イルベサルタン
アムロジピンベシル酸塩",イルアミクス配合錠HD「DSPB」,2149118F2034,"イルベサルタン
アムロジピンベシル酸塩|イルアミクス配合錠HD「DSPB」",,錠,,3378c8a93506
イルベサルタンアムロジピンベシル酸塩,イルアミクス配合錠HD「EE」,2149118F2042,イルベサルタンアムロジピンベシル酸塩|イルアミクス配合錠HD「EE」,,錠,,be9b846354dc
"イルベサルタン
アムロジピンベシル酸塩",イルアミクス配合錠HD「JG」,2149118F2050,"イルベサルタン
アムロジピンベシル酸塩|イルアミクス配合錠HD「JG」",,錠,,b7c9927c25f3
イルベサルタン・アムロジピンベシル酸塩錠,イルアミクス配合錠HD「NIG」,2149118F2190,イルベサルタン・アムロジピンベシル酸塩錠|イルアミクス配合錠HD「NIG」,,錠,,2f9a68cba373
イルベサルタン・アムロジピンベシル酸塩錠,イルアミクス配合錠HD「TCK」,2149118F2069,イルベサルタン・アムロジピンベシル酸塩錠|イルアミクス配合錠HD「TCK」,,錠,,e27768f5c5bf
イルベサルタン・アムロジピンベシル酸塩錠,イルアミクス配合錠HD「YD」,2149118F2077,イルベサルタン・アムロジピンベシル酸塩錠|イルアミクス配合錠HD「YD」,,錠,,639a63d59671
"イルベサルタン
アムロジピンベシル酸塩",イルアミクス配合錠HD「オーハラ」,2149118F2085,"イルベサルタン
アムロジピンベシル酸塩|イルアミクス配合錠HD「オーハラ」",,錠,,32f1763879a8
"イルベサルタン
アムロジピンベシル酸塩",イルアミクス配合錠HD「ケミファ」,2149118F2107,"イルベサルタン
アムロジピンベシル酸塩|イルアミクス配合錠HD「ケミファ」",,錠,,504231dac8b3
"イルベサルタン
アムロジピンベシル酸塩",イルアミクス配合錠HD「サワイ」,2149118F2115,"イルベサルタン
アムロジピンベシル酸塩|イルアミクス配合錠HD「サワイ」",,錠,,e0e37fefb1fd
イルベサルタン・アムロジピンベシル酸塩錠,イルアミクス配合錠HD「サンド」,2149118F2123,イルベサルタン・アムロジピンベシル酸塩錠|イルアミクス配合錠HD「サンド」,,錠,,c8ffd1baeebe
イルベサルタン・アムロジピンベシル酸塩,イルアミクス配合錠HD「ダイト」,2149118F2204,イルベサルタン・アムロジピンベシル酸塩|イルアミクス配合錠HD「ダイト」,,錠,,ce20a0152d16
イルベサルタン・アムロジピンベシル酸塩錠,イルアミクス配合錠HD「トーワ」,2149118F2158,イルベサルタン・アムロジピンベシル酸塩錠|イルアミクス配合錠HD「トーワ」,,錠,,9f6991f214d1
"イルベサルタン
アムロジピンベシル酸塩",イルアミクス配合錠HD「杏林」,2149118F2093,"イルベサルタン
アムロジピンベシル酸塩|イルアミクス配合錠HD「杏林」",,錠,,a06ac1756d3c
イルソグラジンマレイン酸塩錠,イルソグラジンマレイン酸塩錠4mg「NIG」,2329020F2147,イルソグラジンマレイン酸塩錠|イルソグラジンマレイン酸塩錠「NIG」,4.0mg,錠,イルソグラジンマレイン酸塩錠2mg「NIG」,8d98ade2a4b2
イルソグラジンマレイン酸塩,イルソグラジンマレイン酸塩錠4mg「サワイ」,2329020F2112,イルソグラジンマレイン酸塩|イルソグラジンマレイン酸塩錠「サワイ」,4.0mg,錠,イルソグラジンマレイン酸塩錠2mg「サワイ」,e78848e4bf19
イルソグラジンマレイン酸塩錠,イルソグラジンマレイン酸塩錠4mg「日医工」,2329020F2104,イルソグラジンマレイン酸塩錠|イルソグラジンマレイン酸塩錠「日医工」,4.0mg,錠,イルソグラジンマレイン酸塩錠2mg「日医工」,145ba9a67fef
イルベサルタン／トリクロルメチアジド,イルトラ配合錠HD,2149119F2020,イルベサルタン／トリクロルメチアジド|イルトラ配合錠HD,,錠,,0cb4002fa0d4
イルベサルタン口腔内崩壊錠,イルベサルタンOD錠100mg「トーワ」,2149046F5029,イルベサルタン口腔内崩壊錠|イルベサルタンOD錠「トーワ」,100.0mg,OD錠,イルベサルタンOD錠50mg「トーワ」,b1429e7e585b
イルベサルタン口腔内崩壊錠,イルベサルタンOD錠200mg「トーワ」,2149046F6025,イルベサルタン口腔内崩壊錠|イルベサルタンOD錠「トーワ」,200.0mg,OD錠,イルベサルタンOD錠50mg「トーワ」,b1429e7e585b
イルベサルタン,イルベサルタン錠100mg「DSPB」,2149046F2046,イルベサルタン|イルベサルタン錠「DSPB」,100.0mg,錠,イルベサルタン錠50mg「DSPB」,0d6dcc2189a2
イルベサルタン,イルベサルタン錠100mg「JG」,2149046F2143,イルベサルタン|イルベサルタン錠「JG」,100.0mg,錠,イルベサルタン錠50mg「JG」,59694c8e752e
イルベサルタン,イルベサルタン錠100mg「KMP」,2149046F2151,イルベサルタン|イルベサルタン錠「KMP」,100.0mg,錠,イルベサルタン錠50mg「KMP」,8e3647f2e765
イルベサルタン錠,イルベサルタン錠100mg「オーハラ」,2149046F2070,イルベサルタン錠|イルベサルタン錠「オーハラ」,100.0mg,錠,イルベサルタン錠50mg「オーハラ」,1471dba63c01
イルベサルタン,イルベサルタン錠100mg「ケミファ」,2149046F2097,イルベサルタン|イルベサルタン錠「ケミファ」,100.0mg,錠,イルベサルタン錠50mg「ケミファ」,0c6cc5d967c2
イルベサルタン,イルベサルタン錠100mg「サワイ」,2149046F2100,イルベサルタン|イルベサルタン錠「サワイ」,100.0mg,錠,イルベサルタン錠50mg「サワイ」,0f40b284a023
イルベサルタン錠,イルベサルタン錠100mg「トーワ」,2149046F2119,イルベサルタン錠|イルベサルタン錠「トーワ」,100.0mg,錠,イルベサルタン錠50mg「トーワ」,ab08009c2c99
イルベサルタン錠,イルベサルタン錠100mg「ニプロ」,2149046F2135,イルベサルタン錠|イルベサルタン錠「ニプロ」,100.0mg,錠,イルベサルタン錠50mg「ニプロ」,71c06aca9d8a
イルベサルタン,イルベサルタン錠100mg「日医工」,2149046F2127,イルベサルタン|イルベサルタン錠「日医工」,100.0mg,錠,イルベサルタン錠50mg「日医工」,c60fa7419f36
イルベサルタン,イルベサルタン錠200mg「DSPB」,2149046F3042,イルベサルタン|イルベサルタン錠「DSPB」,200.0mg,錠,イルベサルタン錠50mg「DSPB」,0d6dcc2189a2
イルベサルタン,イルベサルタン錠200mg「JG」,2149046F3140,イルベサルタン|イルベサルタン錠「JG」,200.0mg,錠,イルベサルタン錠50mg「JG」,59694c8e752e
イルベサルタン,イルベサルタン錠200mg「KMP」,2149046F3158,イルベサルタン|イルベサルタン錠「KMP」,200.0mg,錠,イルベサルタン錠50mg「KMP」,8e3647f2e765
イルベサルタン錠,イルベサルタン錠200mg「オーハラ」,2149046F3077,イルベサルタン錠|イルベサルタン錠「オーハラ」,200.0mg,錠,イルベサルタン錠50mg「オーハラ」,1471dba63c01
イルベサルタン,イルベサルタン錠200mg「ケミファ」,2149046F3093,イルベサルタン|イルベサルタン錠「ケミファ」,200.0mg,錠,イルベサルタン錠50mg「ケミファ」,0c6cc5d967c2
イルベサルタン,イルベサルタン錠200mg「サワイ」,2149046F3107,イルベサルタン|イルベサルタン錠「サワイ」,200.0mg,錠,イルベサルタン錠50mg「サワイ」,0f40b284a023
イルベサルタン錠,イルベサルタン錠200mg「トーワ」,2149046F3115,イルベサルタン錠|イルベサルタン錠「トーワ」,200.0mg,錠,イルベサルタン錠50mg「トーワ」,ab08009c2c99
イルベサルタン錠,イルベサルタン錠200mg「ニプロ」,2149046F3131,イルベサルタン錠|イルベサルタン錠「ニプロ」,200.0mg,錠,イルベサルタン錠50mg「ニプロ」,71c06aca9d8a
イルベサルタン,イルベサルタン錠200mg「日医工」,2149046F3123,イルベサルタン|イルベサルタン錠「日医工」,200.0mg,錠,イルベサルタン錠50mg「日医工」,c60fa7419f36
イルベサルタン,イルベタン錠100mg,2149046F2038,イルベサルタン|イルベタン錠,100.0mg,錠,イルベタン錠50mg,e2d8ec557305
イルベサルタン,イルベタン錠200mg,2149046F3034,イルベサルタン|イルベタン錠,200.0mg,錠,イルベタン錠50mg,e2d8ec557305
エフラロクトコグ　アルファ（遺伝子組換え）,イロクテイト静注用1000,6343442D4021,エフラロクトコグ　アルファ（遺伝子組換え）|イロクテイト静注用1000,,注射剤,,27fd408bba73
エフラロクトコグ　アルファ（遺伝子組換え）,イロクテイト静注用1500,6343442D5028,エフラロクトコグ　アルファ（遺伝子組換え）|イロクテイト静注用1500,,注射剤,,27fd408bba73
エフラロクトコグ　アルファ（遺伝子組換え）,イロクテイト静注用2000,6343442D6024,エフラロクトコグ　アルファ（遺伝子組換え）|イロクテイト静注用2000,,注射剤,,27fd408bba73
エフラロクトコグ　アルファ（遺伝子組換え）,イロクテイト静注用3000,6343442D7020,エフラロクトコグ　アルファ（遺伝子組換え）|イロクテイト静注用3000,,注射剤,,27fd408bba73
エフラロクトコグ　アルファ（遺伝子組換え）,イロクテイト静注用4000,6343442D8027,エフラロクトコグ　アルファ（遺伝子組換え）|イロクテイト静注用4000,,注射剤,,27fd408bba73
エフラロクトコグ　アルファ（遺伝子組換え）,イロクテイト静注用500,6343442D2029,エフラロクトコグ　アルファ（遺伝子組換え）|イロクテイト静注用500,,注射剤,,27fd408bba73
エフラロクトコグ　アルファ（遺伝子組換え）,イロクテイト静注用750,6343442D3025,エフラロクトコグ　アルファ（遺伝子組換え）|イロクテイト静注用750,,注射剤,,27fd408bba73
インスリン　グラルギン（遺伝子組換え）［インスリン　グラルギン後続1］注射液,インスリン　グラルギンBS注ミリオペン「リリー」,2492420G1024,インスリン　グラルギン（遺伝子組換え）［インスリン　グラルギン後続1］注射液|インスリングラルギンBS注ミリオペン「リリー」,,注射剤,,151d62604d36
インスリン　リスプロ（遺伝子組換え）［インスリン　リスプロ後続1］（JAN）,インスリン　リスプロBS注ソロスター　HU「サノフィ」,2492422G1023,インスリン　リスプロ（遺伝子組換え）［インスリン　リスプロ後続1］（JAN）|インスリンリスプロBS注ソロスターHU「サノフィ」,,注射剤,,3db4ad0cdb78
グアンファシン塩酸塩,インチュニブ錠3mg,1179057G2028,グアンファシン塩酸塩|インチュニブ錠,3.0mg,錠,インチュニブ錠1mg,47bba7912298
インドメタシン製剤,インテバンクリーム1%,2649719N1106,インドメタシン製剤|インテバンクリーム,1.0%,クリーム,,96de8e2c83c5
インドメタシン坐剤,インテバン坐剤50,1145700J3101,インドメタシン坐剤|インテバン坐剤50,,坐剤,,c7006da555ec
インドメタシン製剤,インテバン外用液1%,2649719Q2087,インドメタシン製剤|インテバン外用液,1.0%,液剤,,96de8e2c83c5
静注用脂肪乳剤,イントラリポス輸液20％,3299505A6030,静注用脂肪乳剤|イントラリポス輸液,20.0%,液剤,イントラリポス輸液10％,b1df35f785a0
静注用脂肪乳剤,イントラリポス輸液20％,3299505A5041,静注用脂肪乳剤|イントラリポス輸液,20.0%,液剤,イントラリポス輸液10％,b1df35f785a0
静注用脂肪乳剤,イントラリポス輸液20％,3299505A4045,静注用脂肪乳剤|イントラリポス輸液,20.0%,液剤,イントラリポス輸液10％,b1df35f785a0
インドメタシン,インドメタシン坐剤25mg「JG」,1145700J2318,インドメタシン|インドメタシン坐剤「JG」,25.0mg,坐剤,インドメタシン坐剤12.5mg「JG」,ea92621b2d19
インドメタシン,インドメタシン坐剤50mg「JG」,1145700J3403,インドメタシン|インドメタシン坐剤「JG」,50.0mg,坐剤,インドメタシン坐剤12.5mg「JG」,ea92621b2d19
インドメタシン坐剤,インドメタシン坐剤50「NP」,1145700J3390,インドメタシン坐剤|インドメタシン坐剤50「NP」,,坐剤,,bff18e4db620
インドメタシンファルネシル製剤,インフリーSカプセル200mg,1145005M2026,インドメタシンファルネシル製剤|インフリーSカプセル,200.0mg,カプセル,,8bd86bfc4c6c
アキシチニブ,インライタ錠5mg,4291027F2025,アキシチニブ|インライタ錠,5.0mg,錠,インライタ錠1mg,fc3f0691fd85
パリペリドン,インヴェガ錠6mg,1179053G2020,パリペリドン|インヴェガ錠,6.0mg,錠,インヴェガ錠3mg,6f09b8625a9f
パリペリドン,インヴェガ錠9mg,1179053G3026,パリペリドン|インヴェガ錠,9.0mg,錠,インヴェガ錠3mg,6f09b8625a9f
レベチラセタム錠,イーケプラ錠500mg,1139010F2020,レベチラセタム錠|イーケプラ錠,500.0mg,錠,イーケプラ錠250mg,18b89eda3ebf
フェンタニルクエン酸塩　口腔粘膜吸収製剤,イーフェンバッカル錠100μg,8219001K6020,フェンタニルクエン酸塩　口腔粘膜吸収製剤|イーフェンバッカル錠,100.0μg,錠,イーフェンバッカル錠50μg,c87fcf39d4be
フェンタニルクエン酸塩　口腔粘膜吸収製剤,イーフェンバッカル錠200μg,8219001K7026,フェンタニルクエン酸塩　口腔粘膜吸収製剤|イーフェンバッカル錠,200.0μg,錠,イーフェンバッカル錠50μg,c87fcf39d4be
フェンタニルクエン酸塩　口腔粘膜吸収製剤,イーフェンバッカル錠400μg,8219001K8022,フェンタニルクエン酸塩　口腔粘膜吸収製剤|イーフェンバッカル錠,400.0μg,錠,イーフェンバッカル錠50μg,c87fcf39d4be
フェンタニルクエン酸塩　口腔粘膜吸収製剤,イーフェンバッカル錠600μg,8219001K9029,フェンタニルクエン酸塩　口腔粘膜吸収製剤|イーフェンバッカル錠,600.0μg,錠,イーフェンバッカル錠50μg,c87fcf39d4be
フェンタニルクエン酸塩　口腔粘膜吸収製剤,イーフェンバッカル錠800μg,8219001T1023,フェンタニルクエン酸塩　口腔粘膜吸収製剤|イーフェンバッカル錠,800.0μg,錠,イーフェンバッカル錠50μg,c87fcf39d4be
セマグルチド（遺伝子組換え）,ウゴービ皮下注0.5mg SD,2499418G6020,セマグルチド（遺伝子組換え）|ウゴービ皮下注SD,0.5mg,注射剤,ウゴービ皮下注0.25mg SD,785adfa89545
セマグルチド（遺伝子組換え）,ウゴービ皮下注0.5mgペン 2.0MD,2499418P2024,セマグルチド（遺伝子組換え）|ウゴービ皮下注ペン2.0MD,0.5mg,注射剤,,8c52d9dfbce2
セマグルチド（遺伝子組換え）,ウゴービ皮下注1.0mg SD,2499418G7026,セマグルチド（遺伝子組換え）|ウゴービ皮下注SD,1.0mg,注射剤,ウゴービ皮下注0.25mg SD,785adfa89545
セマグルチド（遺伝子組換え）,ウゴービ皮下注1.0mgペン 4.0MD,2499418P3020,セマグルチド（遺伝子組換え）|ウゴービ皮下注ペン4.0MD,1.0mg,注射剤,,8c52d9dfbce2
セマグルチド（遺伝子組換え）,ウゴービ皮下注1.7mg SD,2499418G8022,セマグルチド（遺伝子組換え）|ウゴービ皮下注SD,1.7mg,注射剤,ウゴービ皮下注0.25mg SD,785adfa89545
セマグルチド（遺伝子組換え）,ウゴービ皮下注1.7mgペン 6.8MD,2499418P4027,セマグルチド（遺伝子組換え）|ウゴービ皮下注ペン6.8MD,1.7mg,注射剤,,8c52d9dfbce2
セマグルチド（遺伝子組換え）,ウゴービ皮下注2.4mg SD,2499418G9029,セマグルチド（遺伝子組換え）|ウゴービ皮下注SD,2.4mg,注射剤,ウゴービ皮下注0.25mg SD,785adfa89545
セマグルチド（遺伝子組換え）,ウゴービ皮下注2.4mgペン 9.6MD,2499418P5023,セマグルチド（遺伝子組換え）|ウゴービ皮下注ペン9.6MD,2.4mg,注射剤,,8c52d9dfbce2
ウステキヌマブ（遺伝子組換え）［ウステキヌマブ後続1］,ウステキヌマブBS皮下注90mgシリンジ「F」,3999473G2025,ウステキヌマブ（遺伝子組換え）［ウステキヌマブ後続1］|ウステキヌマブBS皮下注シリンジ「F」,90.0mg,注射剤,ウステキヌマブBS皮下注45mgシリンジ「F」,d7df9bbd7c6d
ウパシカルセトナトリウム水和物注射液,ウパシタ静注透析用100μgシリンジ,3999460G3024,ウパシカルセトナトリウム水和物注射液|ウパシタ静注透析用シリンジ,100.0μg,注射剤,ウパシタ静注透析用25μgシリンジ,f41f9bbbb228
ウパシカルセトナトリウム水和物注射液,ウパシタ静注透析用150μgシリンジ,3999460G4020,ウパシカルセトナトリウム水和物注射液|ウパシタ静注透析用シリンジ,150.0μg,注射剤,ウパシタ静注透析用25μgシリンジ,f41f9bbbb228
ウパシカルセトナトリウム水和物注射液,ウパシタ静注透析用200μgシリンジ,3999460G5027,ウパシカルセトナトリウム水和物注射液|ウパシタ静注透析用シリンジ,200.0μg,注射剤,ウパシタ静注透析用25μgシリンジ,f41f9bbbb228
ウパシカルセトナトリウム水和物注射液,ウパシタ静注透析用250μgシリンジ,3999460G6023,ウパシカルセトナトリウム水和物注射液|ウパシタ静注透析用シリンジ,250.0μg,注射剤,ウパシタ静注透析用25μgシリンジ,f41f9bbbb228
ウパシカルセトナトリウム水和物注射液,ウパシタ静注透析用300μgシリンジ,3999460G7020,ウパシカルセトナトリウム水和物注射液|ウパシタ静注透析用シリンジ,300.0μg,注射剤,ウパシタ静注透析用25μgシリンジ,f41f9bbbb228
ウパシカルセトナトリウム水和物注射液,ウパシタ静注透析用50μgシリンジ,3999460G2028,ウパシカルセトナトリウム水和物注射液|ウパシタ静注透析用シリンジ,50.0μg,注射剤,ウパシタ静注透析用25μgシリンジ,f41f9bbbb228
セレキシパグ錠,ウプトラビ錠0.4mg,2190037F2027,セレキシパグ錠|ウプトラビ錠,0.4mg,錠,ウプトラビ錠0.2mg,c2f90cf674ab
セレキシパグ錠,ウプトラビ錠0.8mg,2190037F4020,セレキシパグ錠|ウプトラビ錠,0.8mg,錠,ウプトラビ錠0.2mg,c2f90cf674ab
"クエン酸カリウム
クエン酸ナトリウム水和物",ウラリット配合錠,3949101F1073,"クエン酸カリウム
クエン酸ナトリウム水和物|ウラリット配合錠",,錠,,36260ecf83df
トピロキソスタット錠,ウリアデック錠40mg,3949004F2024,トピロキソスタット錠|ウリアデック錠,40.0mg,錠,ウリアデック錠20mg,ea340bdfdbdd
トピロキソスタット錠,ウリアデック錠60mg,3949004F3020,トピロキソスタット錠|ウリアデック錠,60.0mg,錠,ウリアデック錠20mg,ea340bdfdbdd
イミダフェナシン錠・イミダフェナシン口腔内崩壊錠,ウリトスOD錠0.1mg,2590013F2023,イミダフェナシン錠・イミダフェナシン口腔内崩壊錠|ウリトスOD錠,0.1mg,OD錠,,008da03e0b93
ウルソデオキシコール酸錠,ウルソデオキシコール酸錠100mg「JG」,2362001F2190,ウルソデオキシコール酸錠|ウルソデオキシコール酸錠「JG」,100.0mg,錠,ウルソデオキシコール酸錠50mg「JG」,703252116129
ウルソデオキシコール酸錠,ウルソデオキシコール酸錠100mg「NIG」,2362001F2254,ウルソデオキシコール酸錠|ウルソデオキシコール酸錠「NIG」,100.0mg,錠,ウルソデオキシコール酸錠50mg「NIG」,945be7cc0ff4
ウルソデオキシコール酸錠,ウルソデオキシコール酸錠100mg「トーワ」,2362001F2220,ウルソデオキシコール酸錠|ウルソデオキシコール酸錠「トーワ」,100.0mg,錠,ウルソデオキシコール酸錠50mg「トーワ」,32d6afbb0a19
ウルソデオキシコール酸錠,ウルソ錠100mg,2362001F2149,ウルソデオキシコール酸錠|ウルソ錠,100.0mg,錠,ウルソ錠50mg,be2e23fd8fa4
アミドトリゾ酸ナトリウムメグルミン,ウログラフイン注60%,7214400A5041,アミドトリゾ酸ナトリウムメグルミン|ウログラフイン注,60.0%,注射剤,ウログラフイン注60%,88e5595a5a1a
アミドトリゾ酸ナトリウムメグルミン,ウログラフイン注76%,7214400A6030,アミドトリゾ酸ナトリウムメグルミン|ウログラフイン注,76.0%,注射剤,ウログラフイン注60%,88e5595a5a1a
メスナ,ウロミテキサン注400mg,3929406A2026,メスナ|ウロミテキサン注,400.0mg,注射剤,ウロミテキサン注100mg,2b359908f1fc
ソタテルセプト（遺伝子組換え）製剤,エアウィン皮下注用60mg,2190419D2020,ソタテルセプト（遺伝子組換え）製剤|エアウィン皮下注用,60.0mg,注射剤,エアウィン皮下注用45mg,24b62a591b00
ロノクトコグ　アルファ（遺伝子組換え）,エイフスチラ静注用1000,6343450D3020,ロノクトコグ　アルファ（遺伝子組換え）|エイフスチラ静注用1000,,注射剤,,1a86fa70233f
ロノクトコグ　アルファ（遺伝子組換え）,エイフスチラ静注用1500,6343450D4026,ロノクトコグ　アルファ（遺伝子組換え）|エイフスチラ静注用1500,,注射剤,,1a86fa70233f
ロノクトコグ　アルファ（遺伝子組換え）,エイフスチラ静注用2000,6343450D5022,ロノクトコグ　アルファ（遺伝子組換え）|エイフスチラ静注用2000,,注射剤,,1a86fa70233f
ロノクトコグ　アルファ（遺伝子組換え）,エイフスチラ静注用2500,6343450D6029,ロノクトコグ　アルファ（遺伝子組換え）|エイフスチラ静注用2500,,注射剤,,1a86fa70233f
ロノクトコグ　アルファ（遺伝子組換え）,エイフスチラ静注用3000,6343450D7025,ロノクトコグ　アルファ（遺伝子組換え）|エイフスチラ静注用3000,,注射剤,,1a86fa70233f
ロノクトコグ　アルファ（遺伝子組換え）,エイフスチラ静注用500,6343450D2023,ロノクトコグ　アルファ（遺伝子組換え）|エイフスチラ静注用500,,注射剤,,1a86fa70233f
オミデネパグ　イソプロピル点眼液,エイベリスミニ点眼液0.002％,1319764Q2023,オミデネパグ　イソプロピル点眼液|エイベリスミニ点眼液,0.002%,点眼剤,,dad90dbbc929
カンデサルタンシレキセチル・ヒドロクロロチアジド錠,エカード配合錠HD,2149111F2024,カンデサルタンシレキセチル・ヒドロクロロチアジド錠|エカード配合錠HD,,錠,,38b406ef9449
デペモキマブ（遺伝子組換え）,エキシデンサー皮下注100mgシリンジ,2290404G1020,デペモキマブ（遺伝子組換え）|エキシデンサー皮下注シリンジ,100.0mg,注射剤,,637c49e7b49f
イセパマイシン硫酸塩,エクサシン注射液400,6123404A2031,イセパマイシン硫酸塩|エクサシン注射液400,,注射剤,,1e11786eec6c
-,エクストラニール腹膜透析液,3420432A4037,-|エクストラニール腹膜透析液,,液剤,エクストラニール腹膜透析液,416a6d3dabbf
-,エクストラニール腹膜透析液,3420432A2034,-|エクストラニール腹膜透析液,,液剤,エクストラニール腹膜透析液,416a6d3dabbf
-,エクストラニール腹膜透析液,3420432A3030,-|エクストラニール腹膜透析液,,液剤,エクストラニール腹膜透析液,416a6d3dabbf
ゾニサミド,エクセグラン散20％,1139005B1048,ゾニサミド|エクセグラン散,20.0%,散剤,,f20677b1f8dd
スルコナゾール硝酸塩クリーム・外用液,エクセルダーム外用液1%,2655707Q1034,スルコナゾール硝酸塩クリーム・外用液|エクセルダーム外用液,1.0%,液剤,,2c4e81fd36e4
ビルダグリプチンメトホルミン塩酸塩,エクメット配合錠HD,3969104F2025,ビルダグリプチンメトホルミン塩酸塩|エクメット配合錠HD,,錠,,d9f3de516dc8
デプロドンプロピオン酸エステル製剤,エクラークリーム0.3%,2646729N1043,デプロドンプロピオン酸エステル製剤|エクラークリーム,0.3%,クリーム,,3637f7eed386
アクリジニウム臭化物吸入剤,エクリラ400μgジェヌエア60吸入用,2259713G2020,アクリジニウム臭化物吸入剤|エクリラジェヌエア60吸入用,400.0μg,吸入剤,,ce81d7b2e38f
エタンブトール塩酸塩,エサンブトール錠250mg,6225001F2040,エタンブトール塩酸塩|エサンブトール錠,250.0mg,錠,エサンブトール錠125mg,0be639fd5fc2
バレメトスタットトシル酸塩錠,エザルミア錠100mg,4291079F2022,バレメトスタットトシル酸塩錠|エザルミア錠,100.0mg,錠,エザルミア錠50mg,95a2ec70c5b1
"テガフール
ギメラシル
オテラシルカリウム",エスエーワン配合OD錠T25,4229101F2030,"テガフール
ギメラシル
オテラシルカリウム|エスエーワン配合OD錠T25",,OD錠,,a5678e4ba331
"テガフール
ギメラシル
オテラシルカリウム",エスエーワン配合カプセルT25,4229101M2048,"テガフール
ギメラシル
オテラシルカリウム|エスエーワン配合カプセルT25",,カプセル,,82a265e4a1aa
"テガフール
ギメラシル
オテラシルカリウム",エスエーワン配合顆粒T20,4229101D1033,"テガフール
ギメラシル
オテラシルカリウム|エスエーワン配合顆粒T20",,顆粒,,82a265e4a1aa
"テガフール
ギメラシル
オテラシルカリウム",エスエーワン配合顆粒T25,4229101D2030,"テガフール
ギメラシル
オテラシルカリウム|エスエーワン配合顆粒T25",,顆粒,,82a265e4a1aa
抱水クロラール坐剤,エスクレ坐剤「500」,1123700J2027,抱水クロラール坐剤|エスクレ坐剤「500」,,坐剤,,0bdcad3ed0d0
エスシタロプラムシュウ酸塩,エスシタロプラムOD錠10mg「サワイ」,1179054F3033,エスシタロプラムシュウ酸塩|エスシタロプラムOD錠「サワイ」,10.0mg,OD錠,,ed13e0290932
エスシタロプラムシュウ酸塩口腔内崩壊錠,エスシタロプラムOD錠20mg「DSEP」,1179054F4021,エスシタロプラムシュウ酸塩口腔内崩壊錠|エスシタロプラムOD錠「DSEP」,20.0mg,OD錠,エスシタロプラムOD錠10mg「DSEP」,77b0ef53fe15
エスシタロプラムシュウ酸塩,エスシタロプラムOD錠20mg「サワイ」,1179054F4030,エスシタロプラムシュウ酸塩|エスシタロプラムOD錠「サワイ」,20.0mg,OD錠,,ed13e0290932
エスシタロプラムシュウ酸塩口腔内崩壊錠,エスシタロプラムOD錠20mg「トーワ」,1179054F4048,エスシタロプラムシュウ酸塩口腔内崩壊錠|エスシタロプラムOD錠「トーワ」,20.0mg,OD錠,エスシタロプラムOD錠10mg「トーワ」,c21d0f44ef67
エスシタロプラムシュウ酸塩錠,エスシタロプラム錠20mg「JG」,1179054F2037,エスシタロプラムシュウ酸塩錠|エスシタロプラム錠「JG」,20.0mg,錠,エスシタロプラム錠10mg「JG」,fd9b1c0d0017
エスシタロプラムシュウ酸塩錠,エスシタロプラム錠20mg「TCK」,1179054F2118,エスシタロプラムシュウ酸塩錠|エスシタロプラム錠「TCK」,20.0mg,錠,エスシタロプラム錠10mg「TCK」,8bd2505f0edb
エスシタロプラムシュウ酸塩,エスシタロプラム錠20mg「VTRS」,1179054F2045,エスシタロプラムシュウ酸塩|エスシタロプラム錠「VTRS」,20.0mg,錠,エスシタロプラム錠10mg「VTRS」,430830a1efcd
エスシタロプラムシュウ酸塩,エスシタロプラム錠20mg「サワイ」,1179054F2053,エスシタロプラムシュウ酸塩|エスシタロプラム錠「サワイ」,20.0mg,錠,エスシタロプラム錠10mg「サワイ」,ed13e0290932
エスシタロプラムシュウ酸塩錠,エスシタロプラム錠20mg「タカタ」,1179054F2061,エスシタロプラムシュウ酸塩錠|エスシタロプラム錠「タカタ」,20.0mg,錠,エスシタロプラム錠10mg「タカタ」,07f1a64aada6
エスシタロプラムシュウ酸塩錠/口腔内崩壊錠,エスシタロプラム錠20mg「トーワ」,1179054F2070,エスシタロプラムシュウ酸塩錠/口腔内崩壊錠|エスシタロプラム錠「トーワ」,20.0mg,錠,エスシタロプラム錠10mg「トーワ」,f86c88b8aa4c
エスシタロプラムシュウ酸塩錠,エスシタロプラム錠20mg「ニプロ」,1179054F2096,エスシタロプラムシュウ酸塩錠|エスシタロプラム錠「ニプロ」,20.0mg,錠,エスシタロプラム錠10mg「ニプロ」,0c1f4fce8351
エスシタロプラムシュウ酸塩,エスシタロプラム錠20mg「日医工」,1179054F2088,エスシタロプラムシュウ酸塩|エスシタロプラム錠「日医工」,20.0mg,錠,エスシタロプラム錠10mg「日医工」,5f72f8c46b2a
エスシタロプラムシュウ酸塩錠,エスシタロプラム錠20mg「明治」,1179054F2100,エスシタロプラムシュウ酸塩錠|エスシタロプラム錠「明治」,20.0mg,錠,エスシタロプラム錠10mg「明治」,04c983d44cf3
エスゾピクロン錠,エスゾピクロン錠2mg「DSEP」,1129010F2032,エスゾピクロン錠|エスゾピクロン錠「DSEP」,2.0mg,錠,エスゾピクロン錠1mg「DSEP」,41724ea79a1e
エスゾピクロン,エスゾピクロン錠2mg「KMP」,1129010F2040,エスゾピクロン|エスゾピクロン錠「KMP」,2.0mg,錠,エスゾピクロン錠1mg「KMP」,ec855bc927c1
エスゾピクロン錠,エスゾピクロン錠2mg「NPI」,1129010F2059,エスゾピクロン錠|エスゾピクロン錠「NPI」,2.0mg,錠,エスゾピクロン錠1mg「NPI」,061b940cc25e
エスゾピクロン錠,エスゾピクロン錠2mg「TCK」,1129010F2067,エスゾピクロン錠|エスゾピクロン錠「TCK」,2.0mg,錠,エスゾピクロン錠1mg「TCK」,a6ca405989ef
エスゾピクロン錠,エスゾピクロン錠2mg「YD」,1129010F2075,エスゾピクロン錠|エスゾピクロン錠「YD」,2.0mg,錠,エスゾピクロン錠1mg「YD」,88eff9657191
エスゾピクロン,エスゾピクロン錠2mg「アメル」,1129010F2083,エスゾピクロン|エスゾピクロン錠「アメル」,2.0mg,錠,エスゾピクロン錠1mg「アメル」,2cbc1a9608c3
エスゾピクロン,エスゾピクロン錠2mg「ケミファ」,1129010F2105,エスゾピクロン|エスゾピクロン錠「ケミファ」,2.0mg,錠,エスゾピクロン錠1mg「ケミファ」,d8d67fc0883a
エスゾピクロン,エスゾピクロン錠2mg「サワイ」,1129010F2113,エスゾピクロン|エスゾピクロン錠「サワイ」,2.0mg,錠,エスゾピクロン錠1mg「サワイ」,05402479c456
エスゾピクロン製剤,エスゾピクロン錠2mg「トーワ」,1129010F2121,エスゾピクロン製剤|エスゾピクロン錠「トーワ」,2.0mg,錠,エスゾピクロン錠1mg「トーワ」,09a13bae0331
エスゾピクロン錠,エスゾピクロン錠2mg「ニプロ」,1129010F2148,エスゾピクロン錠|エスゾピクロン錠「ニプロ」,2.0mg,錠,エスゾピクロン錠1mg「ニプロ」,aed6febf3884
エスゾピクロン,エスゾピクロン錠2mg「日医工」,1129010F2164,エスゾピクロン|エスゾピクロン錠「日医工」,2.0mg,錠,エスゾピクロン錠1mg「日医工」,b9d426fe6a8a
エスゾピクロン,エスゾピクロン錠2mg「日新」,1129010F2130,エスゾピクロン|エスゾピクロン錠「日新」,2.0mg,錠,エスゾピクロン錠1mg「日新」,130d4828a16d
エスゾピクロン,エスゾピクロン錠2mg「明治」,1129010F2156,エスゾピクロン|エスゾピクロン錠「明治」,2.0mg,錠,エスゾピクロン錠1mg「明治」,803553d16bd0
エスゾピクロン,エスゾピクロン錠2mg「杏林」,1129010F2091,エスゾピクロン|エスゾピクロン錠「杏林」,2.0mg,錠,エスゾピクロン錠1mg「杏林」,8ec12b08ece1
エスゾピクロン錠,エスゾピクロン錠3mg「DSEP」,1129010F3039,エスゾピクロン錠|エスゾピクロン錠「DSEP」,3.0mg,錠,エスゾピクロン錠1mg「DSEP」,41724ea79a1e
エスゾピクロン,エスゾピクロン錠3mg「KMP」,1129010F3047,エスゾピクロン|エスゾピクロン錠「KMP」,3.0mg,錠,エスゾピクロン錠1mg「KMP」,ec855bc927c1
エスゾピクロン錠,エスゾピクロン錠3mg「NPI」,1129010F3055,エスゾピクロン錠|エスゾピクロン錠「NPI」,3.0mg,錠,エスゾピクロン錠1mg「NPI」,061b940cc25e
エスゾピクロン錠,エスゾピクロン錠3mg「TCK」,1129010F3063,エスゾピクロン錠|エスゾピクロン錠「TCK」,3.0mg,錠,エスゾピクロン錠1mg「TCK」,a6ca405989ef
エスゾピクロン錠,エスゾピクロン錠3mg「YD」,1129010F3071,エスゾピクロン錠|エスゾピクロン錠「YD」,3.0mg,錠,エスゾピクロン錠1mg「YD」,88eff9657191
エスゾピクロン,エスゾピクロン錠3mg「アメル」,1129010F3080,エスゾピクロン|エスゾピクロン錠「アメル」,3.0mg,錠,エスゾピクロン錠1mg「アメル」,2cbc1a9608c3
エスゾピクロン,エスゾピクロン錠3mg「ケミファ」,1129010F3101,エスゾピクロン|エスゾピクロン錠「ケミファ」,3.0mg,錠,エスゾピクロン錠1mg「ケミファ」,d8d67fc0883a
エスゾピクロン,エスゾピクロン錠3mg「サワイ」,1129010F3110,エスゾピクロン|エスゾピクロン錠「サワイ」,3.0mg,錠,エスゾピクロン錠1mg「サワイ」,05402479c456
エスゾピクロン製剤,エスゾピクロン錠3mg「トーワ」,1129010F3128,エスゾピクロン製剤|エスゾピクロン錠「トーワ」,3.0mg,錠,エスゾピクロン錠1mg「トーワ」,09a13bae0331
エスゾピクロン錠,エスゾピクロン錠3mg「ニプロ」,1129010F3144,エスゾピクロン錠|エスゾピクロン錠「ニプロ」,3.0mg,錠,エスゾピクロン錠1mg「ニプロ」,aed6febf3884
エスゾピクロン,エスゾピクロン錠3mg「日医工」,1129010F3160,エスゾピクロン|エスゾピクロン錠「日医工」,3.0mg,錠,エスゾピクロン錠1mg「日医工」,b9d426fe6a8a
エスゾピクロン,エスゾピクロン錠3mg「日新」,1129010F3136,エスゾピクロン|エスゾピクロン錠「日新」,3.0mg,錠,エスゾピクロン錠1mg「日新」,130d4828a16d
エスゾピクロン,エスゾピクロン錠3mg「明治」,1129010F3152,エスゾピクロン|エスゾピクロン錠「明治」,3.0mg,錠,エスゾピクロン錠1mg「明治」,803553d16bd0
エスゾピクロン,エスゾピクロン錠3mg「杏林」,1129010F3098,エスゾピクロン|エスゾピクロン錠「杏林」,3.0mg,錠,エスゾピクロン錠1mg「杏林」,8ec12b08ece1
エスタゾラム,エスタゾラム錠2mg「アメル」,1124001F2037,エスタゾラム|エスタゾラム錠「アメル」,2.0mg,錠,エスタゾラム錠1mg「アメル」,5d7c7b689c9e
エストラジオール経皮吸収型製剤,エストラーナテープ0.18mg,2473700S6020,エストラジオール経皮吸収型製剤|エストラーナテープ,0.18mg,貼付剤,エストラーナテープ0.09mg,2ec355a928d6
エストラジオール経皮吸収型製剤,エストラーナテープ0.36mg,2473700S7027,エストラジオール経皮吸収型製剤|エストラーナテープ,0.36mg,貼付剤,エストラーナテープ0.09mg,2ec355a928d6
エストラジオール経皮吸収型製剤,エストラーナテープ0.72mg,2473700S2076,エストラジオール経皮吸収型製剤|エストラーナテープ,0.72mg,貼付剤,エストラーナテープ0.09mg,2ec355a928d6
エストリオール,エストリール錠0.5mg,2475001F2029,エストリオール|エストリール錠,0.5mg,錠,,ab7dc967fbec
エストリオール,エストリール錠1mg,2475001F3033,エストリオール|エストリール錠,1.0mg,錠,,ab7dc967fbec
ロクロニウム臭化物,エスラックス静注50mg/5.0mL,1229405A2024,ロクロニウム臭化物|エスラックス静注/,50.0mg/5.0ml,注射剤,エスラックス静注25mg/2.5mL,c00da114b95e
マルトース加酢酸維持液,エスロンB注（500mLバッグ）,3319550A5106,マルトース加酢酸維持液|エスロンB注(バッグ),500.0ml,注射剤,エスロンB注（200mLバッグ）,28e63ad314a7
テガフール・ギメラシル・オテラシルカリウム配合 有核型口腔内崩壊錠,エスワンタイホウ配合OD錠T25,4229101F2057,テガフール・ギメラシル・オテラシルカリウム配合 有核型口腔内崩壊錠|エスワンタイホウ配合OD錠T25,,OD錠,,9accdf1f3825
エゼチミブ／アトルバスタチンカルシウム水和物配合錠,エゼアト配合錠HD「JG」,2189101F2034,エゼチミブ／アトルバスタチンカルシウム水和物配合錠|エゼアト配合錠HD「JG」,,錠,,15f8627a9fcd
エゼチミブ錠/口腔内崩壊錠,エゼチミブOD錠10mg「トーワ」,2189018F2023,エゼチミブ錠/口腔内崩壊錠|エゼチミブOD錠「トーワ」,10.0mg,OD錠,,7755810d69a9
エゼチミブ／ロスバスタチンカルシウム配合錠,エゼロス配合錠HD「JG」,2189102F2039,エゼチミブ／ロスバスタチンカルシウム配合錠|エゼロス配合錠HD「JG」,,錠,,66bb888f947e
"エゼチミブ
ロスバスタチンカルシウム",エゼロス配合錠HD「サワイ」,2189102F2047,"エゼチミブ
ロスバスタチンカルシウム|エゼロス配合錠HD「サワイ」",,錠,,79c4d343d39e
エソメプラゾールマグネシウム水和物カプセル,エソメプラゾールカプセル20mg「DSEP」,2329029M2031,エソメプラゾールマグネシウム水和物カプセル|エソメプラゾールカプセル「DSEP」,20.0mg,カプセル,エソメプラゾールカプセル10mg「DSEP」,3c02a7c9b98f
エソメプラゾールマグネシウム水和物カプセル,エソメプラゾールカプセル20mg「YD」,2329029M2040,エソメプラゾールマグネシウム水和物カプセル|エソメプラゾールカプセル「YD」,20.0mg,カプセル,エソメプラゾールカプセル10mg「YD」,c2f3d97f1602
エソメプラゾールマグネシウム水和物カプセル,エソメプラゾールカプセル20mg「ケミファ」,2329029M2066,エソメプラゾールマグネシウム水和物カプセル|エソメプラゾールカプセル「ケミファ」,20.0mg,カプセル,エソメプラゾールカプセル10mg「ケミファ」,c64337491616
エソメプラゾールマグネシウム水和物,エソメプラゾールカプセル20mg「サワイ」,2329029M2074,エソメプラゾールマグネシウム水和物|エソメプラゾールカプセル「サワイ」,20.0mg,カプセル,エソメプラゾールカプセル10mg「サワイ」,07ef5c33a490
エソメプラゾールマグネシウム水和物カプセル,エソメプラゾールカプセル20mg「トーワ」,2329029M2082,エソメプラゾールマグネシウム水和物カプセル|エソメプラゾールカプセル「トーワ」,20.0mg,カプセル,エソメプラゾールカプセル10mg「トーワ」,042db856c0c7
エソメプラゾールマグネシウム水和物カプセル,エソメプラゾールカプセル20mg「ニプロ」,2329029M2104,エソメプラゾールマグネシウム水和物カプセル|エソメプラゾールカプセル「ニプロ」,20.0mg,カプセル,エソメプラゾールカプセル10mg「ニプロ」,b8a00d72fd90
エソメプラゾールマグネシウム水和物カプセル,エソメプラゾールカプセル20mg「日新」,2329029M2090,エソメプラゾールマグネシウム水和物カプセル|エソメプラゾールカプセル「日新」,20.0mg,カプセル,エソメプラゾールカプセル10mg「日新」,6ab6cc3695b1
エソメプラゾールマグネシウム水和物,エソメプラゾールカプセル20mg「杏林」,2329029M2058,エソメプラゾールマグネシウム水和物|エソメプラゾールカプセル「杏林」,20.0mg,カプセル,エソメプラゾールカプセル10mg「杏林」,853812f816c5
エソメプラゾールマグネシウム水和物錠,エソメプラゾール錠20mg「JG」,23290A9F2020,エソメプラゾールマグネシウム水和物錠|エソメプラゾール錠「JG」,20.0mg,錠,エソメプラゾール錠10mg「JG」,f825b1fa8667
エタネルセプト（遺伝子組換え）［エタネルセプト後続2］注射液,エタネルセプトBS皮下注25mgシリンジ0.5mL「TY」,3999451G2029,エタネルセプト（遺伝子組換え）［エタネルセプト後続2］注射液|エタネルセプトBS皮下注シリンジ「TY」,25.0mg/0.5ml,注射剤,エタネルセプトBS皮下注10mgシリンジ1.0mL「TY」,6cf4040d626a
エタネルセプト（遺伝子組換え）［エタネルセプト後続2］,エタネルセプトBS皮下注25mgシリンジ0.5mL「日医工」,3999451G2037,エタネルセプト（遺伝子組換え）［エタネルセプト後続2］|エタネルセプトBS皮下注シリンジ「日医工」,25.0mg/0.5ml,注射剤,エタネルセプトBS皮下注10mgシリンジ1.0mL「日医工」,9855af08bbb2
エタネルセプト（遺伝子組換え）［エタネルセプト後続1］,エタネルセプトBS皮下注50mgシリンジ1.0mL「MA」,3999448G2027,エタネルセプト（遺伝子組換え）［エタネルセプト後続1］|エタネルセプトBS皮下注シリンジ「MA」,50.0mg/1.0ml,注射剤,エタネルセプトBS皮下注25mgシリンジ0.5mL「MA」,80846b078da9
エタネルセプト（遺伝子組換え）［エタネルセプト後続2］注射液,エタネルセプトBS皮下注50mgシリンジ1.0mL「TY」,3999451G3025,エタネルセプト（遺伝子組換え）［エタネルセプト後続2］注射液|エタネルセプトBS皮下注シリンジ「TY」,50.0mg/1.0ml,注射剤,エタネルセプトBS皮下注10mgシリンジ1.0mL「TY」,6cf4040d626a
エタネルセプト（遺伝子組換え）［エタネルセプト後続2］,エタネルセプトBS皮下注50mgシリンジ1.0mL「日医工」,3999451G3033,エタネルセプト（遺伝子組換え）［エタネルセプト後続2］|エタネルセプトBS皮下注シリンジ「日医工」,50.0mg/1.0ml,注射剤,エタネルセプトBS皮下注10mgシリンジ1.0mL「日医工」,9855af08bbb2
エタネルセプト（遺伝子組換え）［エタネルセプト後続1］,エタネルセプトBS皮下注50mgペン1.0mL「MA」,3999448G3023,エタネルセプト（遺伝子組換え）［エタネルセプト後続1］|エタネルセプトBS皮下注ペン「MA」,50.0mg/1.0ml,注射剤,エタネルセプトBS皮下注25mgペン0.5mL「MA」,8d9c14f03c5f
エタネルセプト（遺伝子組換え）［エタネルセプト後続2］注射液,エタネルセプトBS皮下注50mgペン1.0mL「TY」,3999451G4021,エタネルセプト（遺伝子組換え）［エタネルセプト後続2］注射液|エタネルセプトBS皮下注ペン「TY」,50.0mg/1.0ml,注射剤,,6cf4040d626a
エタネルセプト（遺伝子組換え）［エタネルセプト後続2］,エタネルセプトBS皮下注50mgペン1.0mL「日医工」,3999451G4030,エタネルセプト（遺伝子組換え）［エタネルセプト後続2］|エタネルセプトBS皮下注ペン「日医工」,50.0mg/1.0ml,注射剤,,9855af08bbb2
エタネルセプト（遺伝子組換え）［エタネルセプト後続1］,エタネルセプトBS皮下注用25mg「MA」,3999448D2020,エタネルセプト（遺伝子組換え）［エタネルセプト後続1］|エタネルセプトBS皮下注用「MA」,25.0mg,注射剤,エタネルセプトBS皮下注用10mg「MA」,8439fa9a4af7
エダラボン注射液,エダラボン点滴静注液30mgバッグ「NP」,1190401G1069,エダラボン注射液|エダラボン点滴静注液バッグ「NP」,30.0mg,注射剤,,dd448c348dcf
エチゾラム,エチゾラム錠0.5mg「EMEC」,1179025F1182,エチゾラム|エチゾラム錠「EMEC」,0.5mg,錠,エチゾラム錠0.25mg「EMEC」,c37dbd4cb488
エチゾラム,エチゾラム錠0.5mg「JG」,1179025F1328,エチゾラム|エチゾラム錠「JG」,0.5mg,錠,エチゾラム錠0.25mg「JG」,453bbbe1f403
エチゾラム錠,エチゾラム錠0.5mg「NIG」,1179025F1360,エチゾラム錠|エチゾラム錠「NIG」,0.5mg,錠,エチゾラム錠0.25mg「NIG」,efe06440669f
エチゾラム錠,エチゾラム錠0.5mg「NP」,1179025F1220,エチゾラム錠|エチゾラム錠「NP」,0.5mg,錠,エチゾラム錠0.25mg「NP」,b58412390305
エチゾラム,エチゾラム錠0.5mg「SW」,1179025F1239,エチゾラム|エチゾラム錠「SW」,0.5mg,錠,エチゾラム錠0.25mg「SW」,f48a1c382c39
エチゾラム錠,エチゾラム錠0.5mg「TCK」,1179025F1280,エチゾラム錠|エチゾラム錠「TCK」,0.5mg,錠,エチゾラム錠0.25mg「TCK」,d6d52f78817d
エチゾラム,エチゾラム錠0.5mg「アメル」,1179025F1247,エチゾラム|エチゾラム錠「アメル」,0.5mg,錠,エチゾラム錠0.25mg「アメル」,b75c6e52b1d7
日本薬局方　エチゾラム錠,エチゾラム錠0.5mg「クニヒロ」,1179025F1344,日本薬局方　エチゾラム錠|エチゾラム錠「クニヒロ」,0.5mg,錠,エチゾラム錠0.25mg「クニヒロ」,814869898893
エチゾラム,エチゾラム錠0.5mg「ツルハラ」,1179025F1298,エチゾラム|エチゾラム錠「ツルハラ」,0.5mg,錠,エチゾラム錠0.25mg「ツルハラ」,b6f667acb5ba
エチゾラム錠,エチゾラム錠0.5mg「トーワ」,1179025F1301,エチゾラム錠|エチゾラム錠「トーワ」,0.5mg,錠,エチゾラム錠0.25mg「トーワ」,9a6930f58958
エチゾラム,エチゾラム錠0.5mg「フジナガ」,1179025F1336,エチゾラム|エチゾラム錠「フジナガ」,0.5mg,錠,エチゾラム錠0.25mg「フジナガ」,fed842e4f253
エチゾラム,エチゾラム錠0.5mg「日医工」,1179025F1263,エチゾラム|エチゾラム錠「日医工」,0.5mg,錠,エチゾラム錠0.25mg「日医工」,f0d020f524a9
エチゾラム,エチゾラム錠0.5mg「日新」,1179025F1310,エチゾラム|エチゾラム錠「日新」,0.5mg,錠,エチゾラム錠0.25mg「日新」,fe8e0ced8c31
エチゾラム,エチゾラム錠1mg「EMEC」,1179025F2170,エチゾラム|エチゾラム錠「EMEC」,1.0mg,錠,エチゾラム錠0.25mg「EMEC」,c37dbd4cb488
エチゾラム,エチゾラム錠1mg「JG」,1179025F2286,エチゾラム|エチゾラム錠「JG」,1.0mg,錠,エチゾラム錠0.25mg「JG」,453bbbe1f403
エチゾラム錠,エチゾラム錠1mg「NIG」,1179025F2324,エチゾラム錠|エチゾラム錠「NIG」,1.0mg,錠,エチゾラム錠0.25mg「NIG」,efe06440669f
エチゾラム錠,エチゾラム錠1mg「NP」,1179025F2189,エチゾラム錠|エチゾラム錠「NP」,1.0mg,錠,エチゾラム錠0.25mg「NP」,b58412390305
エチゾラム,エチゾラム錠1mg「SW」,1179025F2197,エチゾラム|エチゾラム錠「SW」,1.0mg,錠,エチゾラム錠0.25mg「SW」,f48a1c382c39
エチゾラム錠,エチゾラム錠1mg「TCK」,1179025F2243,エチゾラム錠|エチゾラム錠「TCK」,1.0mg,錠,エチゾラム錠0.25mg「TCK」,d6d52f78817d
エチゾラム,エチゾラム錠1mg「アメル」,1179025F2200,エチゾラム|エチゾラム錠「アメル」,1.0mg,錠,エチゾラム錠0.25mg「アメル」,b75c6e52b1d7
日本薬局方　エチゾラム錠,エチゾラム錠1mg「クニヒロ」,1179025F2308,日本薬局方　エチゾラム錠|エチゾラム錠「クニヒロ」,1.0mg,錠,エチゾラム錠0.25mg「クニヒロ」,814869898893
エチゾラム,エチゾラム錠1mg「ツルハラ」,1179025F2251,エチゾラム|エチゾラム錠「ツルハラ」,1.0mg,錠,エチゾラム錠0.25mg「ツルハラ」,b6f667acb5ba
エチゾラム錠,エチゾラム錠1mg「トーワ」,1179025F2260,エチゾラム錠|エチゾラム錠「トーワ」,1.0mg,錠,エチゾラム錠0.25mg「トーワ」,9a6930f58958
エチゾラム,エチゾラム錠1mg「フジナガ」,1179025F2294,エチゾラム|エチゾラム錠「フジナガ」,1.0mg,錠,エチゾラム錠0.25mg「フジナガ」,fed842e4f253
エチゾラム,エチゾラム錠1mg「日医工」,1179025F2227,エチゾラム|エチゾラム錠「日医工」,1.0mg,錠,エチゾラム錠0.25mg「日医工」,f0d020f524a9
エチゾラム,エチゾラム錠1mg「日新」,1179025F2278,エチゾラム|エチゾラム錠「日新」,1.0mg,錠,エチゾラム錠0.25mg「日新」,fe8e0ced8c31
エルデカルシトール,エディロールカプセル0.75μg,3112006M2029,エルデカルシトール|エディロールカプセル,0.75μg,カプセル,エディロールカプセル0.5μg,035389535066
エルデカルシトール,エディロール錠0.75μg,3112006F2020,エルデカルシトール|エディロール錠,0.75μg,錠,エディロール錠0.5μg,5346c9160897
エトドラク,エトドラク錠200mg「SW」,1149032F2171,エトドラク|エトドラク錠「SW」,200.0mg,錠,エトドラク錠100mg「SW」,3d7b51640b12
インダカテロール酢酸塩、グリコピロニウム臭化物、モメタゾンフランカルボン酸エステル,エナジア吸入用カプセル高用量,2290807G2022,インダカテロール酢酸塩、グリコピロニウム臭化物、モメタゾンフランカルボン酸エステル|エナジア吸入用カプセル高用量,,カプセル,,59711ed6b29f
エナラプリルマレイン酸塩,エナラプリルマレイン酸塩錠10mg「EMEC」,2144002F3388,エナラプリルマレイン酸塩|エナラプリルマレイン酸塩錠「EMEC」,10.0mg,錠,エナラプリルマレイン酸塩錠2.5mg「EMEC」,5e65947fae99
エナラプリルマレイン酸塩錠,エナラプリルマレイン酸塩錠10mg「JG」,2144002F3205,エナラプリルマレイン酸塩錠|エナラプリルマレイン酸塩錠「JG」,10.0mg,錠,エナラプリルマレイン酸塩錠2.5mg「JG」,925af76cc90f
エナラプリルマレイン酸塩,エナラプリルマレイン酸塩錠10mg「NikP」,2144002F3302,エナラプリルマレイン酸塩|エナラプリルマレイン酸塩錠「NikP」,10.0mg,錠,エナラプリルマレイン酸塩錠2.5mg「NikP」,2638db44285f
エナラプリルマレイン酸塩,エナラプリルマレイン酸塩錠10mg「VTRS」,2144002F3396,エナラプリルマレイン酸塩|エナラプリルマレイン酸塩錠「VTRS」,10.0mg,錠,エナラプリルマレイン酸塩錠2.5mg「VTRS」,44657f165fe0
エナラプリルマレイン酸塩,エナラプリルマレイン酸塩錠10mg「オーハラ」,2144002F3248,エナラプリルマレイン酸塩|エナラプリルマレイン酸塩錠「オーハラ」,10.0mg,錠,エナラプリルマレイン酸塩錠2.5mg「オーハラ」; エナラプリルマレイン酸塩錠5mg「オーハラ」,106ebb75121c
エナラプリルマレイン酸塩,エナラプリルマレイン酸塩錠10mg「ケミファ」,2144002F3299,エナラプリルマレイン酸塩|エナラプリルマレイン酸塩錠「ケミファ」,10.0mg,錠,エナラプリルマレイン酸塩錠2.5mg「ケミファ」,6e42adbfba97
エナラプリルマレイン酸塩,エナラプリルマレイン酸塩錠10mg「サンド」,2144002F3370,エナラプリルマレイン酸塩|エナラプリルマレイン酸塩錠「サンド」,10.0mg,錠,エナラプリルマレイン酸塩錠2.5mg「サンド」,568c4021d81b
エナラプリルマレイン酸塩錠,エナラプリルマレイン酸塩錠10mg「トーワ」,2144002F3264,エナラプリルマレイン酸塩錠|エナラプリルマレイン酸塩錠「トーワ」,10.0mg,錠,エナラプリルマレイン酸塩錠2.5mg「トーワ」,b1b2375a6dfe
日本薬局方　エナラプリルマレイン酸塩錠,エナラプリルマレイン酸塩錠10mg「フソー」,2144002F3329,日本薬局方　エナラプリルマレイン酸塩錠|エナラプリルマレイン酸塩錠「フソー」,10.0mg,錠,エナラプリルマレイン酸塩錠2.5mg「フソー」,81eae6391d15
エナラプリルマレイン酸塩,エナラプリルマレイン酸塩錠10mg「日新」,2144002F3310,エナラプリルマレイン酸塩|エナラプリルマレイン酸塩錠「日新」,10.0mg,錠,エナラプリルマレイン酸塩錠2.5mg「日新」,a20141a2ecd3
エナラプリルマレイン酸塩,エナラプリルマレイン酸塩錠10mg「杏林」,2144002F3345,エナラプリルマレイン酸塩|エナラプリルマレイン酸塩錠「杏林」,10.0mg,錠,エナラプリルマレイン酸塩錠2.5mg「杏林」,ab0ae3a7b326
エナラプリルマレイン酸塩,エナラプリルマレイン酸塩錠10㎎「サワイ」,2144002F3272,エナラプリルマレイン酸塩|エナラプリルマレイン酸塩錠「サワイ」,10.0mg,錠,エナラプリルマレイン酸塩錠2.5mg「サワイ」,30e4e5dbfc2c
エナラプリルマレイン酸塩,エナラプリルマレイン酸塩錠5mg「EMEC」,2144002F2462,エナラプリルマレイン酸塩|エナラプリルマレイン酸塩錠「EMEC」,5.0mg,錠,エナラプリルマレイン酸塩錠2.5mg「EMEC」,5e65947fae99
エナラプリルマレイン酸塩錠,エナラプリルマレイン酸塩錠5mg「JG」,2144002F2292,エナラプリルマレイン酸塩錠|エナラプリルマレイン酸塩錠「JG」,5.0mg,錠,エナラプリルマレイン酸塩錠2.5mg「JG」,925af76cc90f
エナラプリルマレイン酸塩,エナラプリルマレイン酸塩錠5mg「NikP」,2144002F2381,エナラプリルマレイン酸塩|エナラプリルマレイン酸塩錠「NikP」,5.0mg,錠,エナラプリルマレイン酸塩錠2.5mg「NikP」,2638db44285f
エナラプリルマレイン酸塩,エナラプリルマレイン酸塩錠5mg「VTRS」,2144002F2470,エナラプリルマレイン酸塩|エナラプリルマレイン酸塩錠「VTRS」,5.0mg,錠,エナラプリルマレイン酸塩錠2.5mg「VTRS」,44657f165fe0
エナラプリルマレイン酸塩,エナラプリルマレイン酸塩錠5mg「ケミファ」,2144002F2373,エナラプリルマレイン酸塩|エナラプリルマレイン酸塩錠「ケミファ」,5.0mg,錠,エナラプリルマレイン酸塩錠2.5mg「ケミファ」,6e42adbfba97
エナラプリルマレイン酸塩,エナラプリルマレイン酸塩錠5mg「サワイ」,2144002F2357,エナラプリルマレイン酸塩|エナラプリルマレイン酸塩錠「サワイ」,5.0mg,錠,エナラプリルマレイン酸塩錠2.5mg「サワイ」,30e4e5dbfc2c
エナラプリルマレイン酸塩,エナラプリルマレイン酸塩錠5mg「サンド」,2144002F2454,エナラプリルマレイン酸塩|エナラプリルマレイン酸塩錠「サンド」,5.0mg,錠,エナラプリルマレイン酸塩錠2.5mg「サンド」,568c4021d81b
エナラプリルマレイン酸塩錠,エナラプリルマレイン酸塩錠5mg「トーワ」,2144002F2349,エナラプリルマレイン酸塩錠|エナラプリルマレイン酸塩錠「トーワ」,5.0mg,錠,エナラプリルマレイン酸塩錠2.5mg「トーワ」,b1b2375a6dfe
日本薬局方　エナラプリルマレイン酸塩錠,エナラプリルマレイン酸塩錠5mg「フソー」,2144002F2403,日本薬局方　エナラプリルマレイン酸塩錠|エナラプリルマレイン酸塩錠「フソー」,5.0mg,錠,エナラプリルマレイン酸塩錠2.5mg「フソー」,81eae6391d15
エナラプリルマレイン酸塩,エナラプリルマレイン酸塩錠5mg「日新」,2144002F2390,エナラプリルマレイン酸塩|エナラプリルマレイン酸塩錠「日新」,5.0mg,錠,エナラプリルマレイン酸塩錠2.5mg「日新」,a20141a2ecd3
エナラプリルマレイン酸塩,エナラプリルマレイン酸塩錠5mg「杏林」,2144002F2420,エナラプリルマレイン酸塩|エナラプリルマレイン酸塩錠「杏林」,5.0mg,錠,エナラプリルマレイン酸塩錠2.5mg「杏林」,d3ea7251e039
テストステロンエナント酸エステル,エナルモンデポー筋注250mg,2461400A2091,テストステロンエナント酸エステル|エナルモンデポー筋注,250.0mg,注射剤,エナルモンデポー筋注125mg,4c3937fbecda
エナロデュスタット錠,エナロイ錠4mg,3999052F2025,エナロデュスタット錠|エナロイ錠,4.0mg,錠,エナロイ錠2mg,673ac04728c4
"テガフール
ギメラシル
オテラシルカリウム",エヌケーエスワン配合OD錠T25,4229101F2049,"テガフール
ギメラシル
オテラシルカリウム|エヌケーエスワン配合OD錠T25",,OD錠,,d16fd861d859
テガフール・ギメラシル・オテラシルカリウム,エヌケーエスワン配合カプセルT25,4229101M2056,テガフール・ギメラシル・オテラシルカリウム|エヌケーエスワン配合カプセルT25,,カプセル,,49c284e5ace5
ソムアトロゴン（遺伝子組換え）,エヌジェンラ皮下注60mgペン,2412404G2020,ソムアトロゴン（遺伝子組換え）|エヌジェンラ皮下注ペン,60.0mg,注射剤,エヌジェンラ皮下注24mgペン,ad7936fe3a55
アミノ酸・糖・電解質・脂肪・水溶性ビタミン液,エネフリード輸液,3259537G2023,アミノ酸・糖・電解質・脂肪・水溶性ビタミン液|エネフリード輸液,,液剤,エネフリード輸液,7cc24be010ac
エバスチン,エバスチンOD錠10mg「NP」,4490019F4051,エバスチン|エバスチンOD錠「NP」,10.0mg,OD錠,エバスチンOD錠5mg「NP」,11926e631d0d
エバスチン,エバスチンOD錠10mg「NS」,4490019F4140,エバスチン|エバスチンOD錠「NS」,10.0mg,OD錠,エバスチンOD錠5mg「NS」,3ddb25952cd8
エバスチン,エバスチンOD錠10mg「VTRS」,4490019F4191,エバスチン|エバスチンOD錠「VTRS」,10.0mg,OD錠,エバスチンOD錠5mg「VTRS」,379e0ec1b408
エバスチン製剤,エバスチンOD錠10mg「YD」,4490019F4159,エバスチン製剤|エバスチンOD錠「YD」,10.0mg,OD錠,,00dae202ef65
エバスチン,エバスチンOD錠10mg「ZE」,4490019F4078,エバスチン|エバスチンOD錠「ZE」,10.0mg,OD錠,エバスチンOD錠5mg「ZE」,b66e3f25e5a5
エバスチン,エバスチンOD錠10mg「ケミファ」,4490019F4094,エバスチン|エバスチンOD錠「ケミファ」,10.0mg,OD錠,,f6aea160b222
エバスチン,エバスチンOD錠10mg「サワイ」,4490019F4108,エバスチン|エバスチンOD錠「サワイ」,10.0mg,OD錠,,5d0653df206f
エバスチン,エバスチンOD錠10mg「タカタ」,4490019F4124,エバスチン|エバスチンOD錠「タカタ」,10.0mg,OD錠,,bc80d4dc43c6
エバスチン,エバスチンOD錠10mg「杏林」,4490019F4183,エバスチン|エバスチンOD錠「杏林」,10.0mg,OD錠,,6e7bb4362c4c
エバスチン,エバスチンOD錠10mg「科研」,4490019F4086,エバスチン|エバスチンOD錠「科研」,10.0mg,OD錠,,98b303524bb5
エバスチン製剤,エバスチンOD錠5mg「YD」,4490019F3152,エバスチン製剤|エバスチンOD錠「YD」,5.0mg,OD錠,,00dae202ef65
エバスチン,エバスチンOD錠5mg「ケミファ」,4490019F3098,エバスチン|エバスチンOD錠「ケミファ」,5.0mg,OD錠,,f6aea160b222
エバスチン,エバスチンOD錠5mg「サワイ」,4490019F3101,エバスチン|エバスチンOD錠「サワイ」,5.0mg,OD錠,,5d0653df206f
エバスチン,エバスチンOD錠5mg「タカタ」,4490019F3128,エバスチン|エバスチンOD錠「タカタ」,5.0mg,OD錠,,bc80d4dc43c6
エバスチン,エバスチンOD錠5mg「杏林」,4490019F3187,エバスチン|エバスチンOD錠「杏林」,5.0mg,OD錠,,6e7bb4362c4c
エバスチン,エバスチンOD錠5mg「科研」,4490019F3080,エバスチン|エバスチンOD錠「科研」,5.0mg,OD錠,,98b303524bb5
エバスチン,エバスチン錠10mg「NS」,4490019F2067,エバスチン|エバスチン錠「NS」,10.0mg,錠,エバスチン錠5mg「NS」,38dc2920d31c
エバスチン製剤,エバスチン錠10mg「YD」,4490019F2083,エバスチン製剤|エバスチン錠「YD」,10.0mg,錠,エバスチン錠5mg「YD」,00dae202ef65
エバスチン,エバスチン錠10mg「ケミファ」,4490019F2105,エバスチン|エバスチン錠「ケミファ」,10.0mg,錠,エバスチン錠5mg「ケミファ」,f6aea160b222
エバスチン,エバスチン錠10mg「サワイ」,4490019F2113,エバスチン|エバスチン錠「サワイ」,10.0mg,錠,エバスチン錠5mg「サワイ」,5d0653df206f
エバスチン,エバスチン錠10mg「タカタ」,4490019F2121,エバスチン|エバスチン錠「タカタ」,10.0mg,錠,エバスチン錠5mg「タカタ」,bc80d4dc43c6
エバスチン錠,エバスチン錠10mg「トーワ」,4490019F2130,エバスチン錠|エバスチン錠「トーワ」,10.0mg,錠,エバスチン錠5mg「トーワ」,df4137d69c9f
エバスチン,エバスチン錠10mg「杏林」,4490019F2180,エバスチン|エバスチン錠「杏林」,10.0mg,錠,エバスチン錠5mg「杏林」,6e7bb4362c4c
エバスチン,エバスチン錠10mg「科研」,4490019F2091,エバスチン|エバスチン錠「科研」,10.0mg,錠,エバスチン錠5mg「科研」,98b303524bb5
エバスチン,エバステルOD錠10mg,4490019F4027,エバスチン|エバステルOD錠,10.0mg,OD錠,,51c2cd4acd14
エバスチン,エバステルOD錠5mg,4490019F3020,エバスチン|エバステルOD錠,5.0mg,OD錠,,51c2cd4acd14
イコサペント酸エチル,エパデールS600,3399004M3029,イコサペント酸エチル|エパデールS600,,(不明),,74092be9bd88
イコサペント酸エチル,エパデールS900,3399004M4025,イコサペント酸エチル|エパデールS900,,(不明),,74092be9bd88
アリピプラゾール口腔内崩壊錠,エビリファイOD錠12mg,1179045F6025,アリピプラゾール口腔内崩壊錠|エビリファイOD錠,12.0mg,OD錠,エビリファイOD錠3mg,9a2a3c71f34b
アリピプラゾール口腔内崩壊錠,エビリファイOD錠24mg,1179045F7021,アリピプラゾール口腔内崩壊錠|エビリファイOD錠,24.0mg,OD錠,エビリファイOD錠3mg,9a2a3c71f34b
アリピプラゾール口腔内崩壊錠,エビリファイOD錠6mg,1179045F5029,アリピプラゾール口腔内崩壊錠|エビリファイOD錠,6.0mg,OD錠,エビリファイOD錠3mg,9a2a3c71f34b
アリピプラゾール水和物持続性注射剤,エビリファイ持続性水懸筋注用400mg,1179410E2023,アリピプラゾール水和物持続性注射剤|エビリファイ持続性水懸筋注用,400.0mg,注射剤,エビリファイ持続性水懸筋注用300mg,90a67a00d79b
アリピプラゾール水和物持続性注射剤,エビリファイ持続性水懸筋注用400mgシリンジ,1179410G2024,アリピプラゾール水和物持続性注射剤|エビリファイ持続性水懸筋注用シリンジ,400.0mg,注射剤,エビリファイ持続性水懸筋注用300mgシリンジ,d72c439f9adb
"アリピプラゾール錠
アリピプラゾール散",エビリファイ散1%,1179045B1021,"アリピプラゾール錠
アリピプラゾール散|エビリファイ散",1.0%,散剤,,707211c3cac6
"アリピプラゾール錠
アリピプラゾール散",エビリファイ錠12mg,1179045F3026,"アリピプラゾール錠
アリピプラゾール散|エビリファイ錠",12.0mg,錠,エビリファイ錠1mg,707211c3cac6
"アリピプラゾール錠
アリピプラゾール散",エビリファイ錠3mg,1179045F1023,"アリピプラゾール錠
アリピプラゾール散|エビリファイ錠",3.0mg,錠,エビリファイ錠1mg,707211c3cac6
"アリピプラゾール錠
アリピプラゾール散",エビリファイ錠6mg,1179045F2020,"アリピプラゾール錠
アリピプラゾール散|エビリファイ錠",6.0mg,錠,エビリファイ錠1mg,707211c3cac6
エピナスチン塩酸塩,エピナスチン塩酸塩錠20mg「JG」,4490014F2315,エピナスチン塩酸塩|エピナスチン塩酸塩錠「JG」,20.0mg,錠,エピナスチン塩酸塩錠10mg「JG」,c1af705a0ea2
エピナスチン塩酸塩錠,エピナスチン塩酸塩錠20mg「NIG」,4490014F2390,エピナスチン塩酸塩錠|エピナスチン塩酸塩錠「NIG」,20.0mg,錠,エピナスチン塩酸塩錠10mg「NIG」,a00a6465855c
エピナスチン塩酸塩,エピナスチン塩酸塩錠20mg「VTRS」,4490014F2382,エピナスチン塩酸塩|エピナスチン塩酸塩錠「VTRS」,20.0mg,錠,エピナスチン塩酸塩錠10mg「VTRS」,092e3fe19359
エピナスチン塩酸塩錠,エピナスチン塩酸塩錠20mg「YD」,4490014F2277,エピナスチン塩酸塩錠|エピナスチン塩酸塩錠「YD」,20.0mg,錠,エピナスチン塩酸塩錠10mg「YD」,670133d42c15
エピナスチン塩酸塩,エピナスチン塩酸塩錠20mg「イワキ」,4490014F2374,エピナスチン塩酸塩|エピナスチン塩酸塩錠「イワキ」,20.0mg,錠,エピナスチン塩酸塩錠10mg「イワキ」,ec7deba7fdbd
エピナスチン塩酸塩,エピナスチン塩酸塩錠20mg「ケミファ」,4490014F2250,エピナスチン塩酸塩|エピナスチン塩酸塩錠「ケミファ」,20.0mg,錠,エピナスチン塩酸塩錠10mg「ケミファ」,64cdbde68e18
エピナスチン塩酸塩,エピナスチン塩酸塩錠20mg「サワイ」,4490014F2285,エピナスチン塩酸塩|エピナスチン塩酸塩錠「サワイ」,20.0mg,錠,エピナスチン塩酸塩錠10mg「サワイ」,4ba932f2bbbe
エピナスチン塩酸塩,エピナスチン塩酸塩錠20mg「ダイト」,4490014F2404,エピナスチン塩酸塩|エピナスチン塩酸塩錠「ダイト」,20.0mg,錠,エピナスチン塩酸塩錠10mg「ダイト」,e73aaa1c8645
エピナスチン塩酸塩錠,エピナスチン塩酸塩錠20mg「トーワ」,4490014F2293,エピナスチン塩酸塩錠|エピナスチン塩酸塩錠「トーワ」,20.0mg,錠,エピナスチン塩酸塩錠10mg「トーワ」,cf56b165945f
エピナスチン塩酸塩,エピナスチン塩酸塩錠20mg「日新」,4490014F2331,エピナスチン塩酸塩|エピナスチン塩酸塩錠「日新」,20.0mg,錠,エピナスチン塩酸塩錠10mg「日新」,a1dfcb668876
"ラミブジン
別名：3TC",エピビル錠300,6250006F2020,"ラミブジン
別名：3TC|エピビル錠300",,錠,,faf2e2915c41
アドレナリン,エピペン注射液0.3mg,2451402G3026,アドレナリン|エピペン注射液,0.3mg,注射剤,エピペン注射液0.15mg,51b056c14b91
リドカイン塩酸塩・アドレナリン注射液,エピリド配合注歯科用カートリッジ1.8mL,2710806U1056,リドカイン塩酸塩・アドレナリン注射液|エピリド配合注歯科用カートリッジ,1.8ml,注射剤,エピリド配合注歯科用カートリッジ1.0mL,7852edd7f8cb
エピルビシン塩酸塩,エピルビシン塩酸塩注射液50mg/25mL「NK」,4235404A2047,エピルビシン塩酸塩|エピルビシン塩酸塩注射液/「NK」,50.0mg/25.0ml,注射剤,エピルビシン塩酸塩注射液10mg/5mL「NK」,8206a2c94fad
エピルビシン塩酸塩,エピルビシン塩酸塩注射用50mg「NK」,4235404D2060,エピルビシン塩酸塩|エピルビシン塩酸塩注射用「NK」,50.0mg,注射剤,エピルビシン塩酸塩注射用10mg「NK」,343cdfc31fc6
エピルビシン塩酸塩,エピルビシン塩酸塩注射用50mg「サワイ」,4235404D2078,エピルビシン塩酸塩|エピルビシン塩酸塩注射用「サワイ」,50.0mg,注射剤,エピルビシン塩酸塩注射用10mg「サワイ」,4c74ce9e3c59
プラスグレル塩酸塩製剤,エフィエントOD錠20mg,3399009F5025,プラスグレル塩酸塩製剤|エフィエントOD錠,20.0mg,OD錠,,58c776217725
プラスグレル塩酸塩製剤,エフィエント錠3.75mg,3399009F1020,プラスグレル塩酸塩製剤|エフィエント錠,3.75mg,錠,エフィエント錠2.5mg,58c776217725
プラスグレル塩酸塩製剤,エフィエント錠5mg,3399009F2026,プラスグレル塩酸塩製剤|エフィエント錠,5.0mg,錠,エフィエント錠2.5mg,58c776217725
エタンブトール塩酸塩,エブトール250mg錠,6225001F2032,エタンブトール塩酸塩|エブトール錠,250.0mg,錠,エブトール125mg錠,085ee79ac2bf
ウラピジル,エブランチルカプセル30mg,2149020N2038,ウラピジル|エブランチルカプセル,30.0mg,カプセル,エブランチルカプセル15mg,ab9859c9e1b3
リスジプラム製剤,エブリスディ錠5mg,1190029F1021,リスジプラム製剤|エブリスディ錠,5.0mg,錠,,272dc7daefbc
エプコリタマブ（遺伝子組換え）,エプキンリ皮下注48mg,4291469A2024,エプコリタマブ（遺伝子組換え）|エプキンリ皮下注,48.0mg,注射剤,エプキンリ皮下注4mg,c49774bacac3
エプレレノン,エプレレノン錠100mg「杏林」,2149045F3030,エプレレノン|エプレレノン錠「杏林」,100.0mg,錠,エプレレノン錠25mg「杏林」,13ee08b87e6c
エプレレノン,エプレレノン錠50mg「杏林」,2149045F2033,エプレレノン|エプレレノン錠「杏林」,50.0mg,錠,エプレレノン錠25mg「杏林」,13ee08b87e6c
"ロキサデュスタット錠
Roxadustat",エベレンゾ錠100mg,3999047F3020,"ロキサデュスタット錠
Roxadustat|エベレンゾ錠",100.0mg,錠,エベレンゾ錠20mg,b3678f5374c1
"ロキサデュスタット錠
Roxadustat",エベレンゾ錠50mg,3999047F2024,"ロキサデュスタット錠
Roxadustat|エベレンゾ錠",50.0mg,錠,エベレンゾ錠20mg,b3678f5374c1
エポエチン　カッパ（遺伝子組換え）［エポエチンアルファ後続1］,エポエチンアルファBS注1500シリンジ「JCR」,3999427G2025,エポエチン　カッパ（遺伝子組換え）［エポエチンアルファ後続1］|エポエチンアルファBS注1500シリンジ「JCR」,,注射剤,,21961c96c89f
エポエチン　カッパ（遺伝子組換え）［エポエチンアルファ後続1］,エポエチンアルファBS注3000シリンジ「JCR」,3999427G3021,エポエチン　カッパ（遺伝子組換え）［エポエチンアルファ後続1］|エポエチンアルファBS注3000シリンジ「JCR」,,注射剤,,21961c96c89f
エポエチン　カッパ（遺伝子組換え）［エポエチンアルファ後続1］,エポエチンアルファBS注750「JCR」,3999427A1026,エポエチン　カッパ（遺伝子組換え）［エポエチンアルファ後続1］|エポエチンアルファBS注750「JCR」,,注射剤,,21961c96c89f
エポエチン　ベータ（遺伝子組換え）,エポジン注シリンジ3000,3999413G3038,エポエチン　ベータ（遺伝子組換え）|エポジン注シリンジ3000,,注射剤,,d1c5ff56323b
エポプロステノールナトリウム,エポプロステノール静注用1.5mg「ヤンセン」,2190413F3071,エポプロステノールナトリウム|エポプロステノール静注用「ヤンセン」,1.5mg,注射剤,エポプロステノール静注用0.5mg「ヤンセン」,72fd95cd4c97
塩化ナトリウム,エポプロステノール静注用1.5mg「ヤンセン」専用溶解用液（生理食塩液）,3311401H2105,塩化ナトリウム|エポプロステノール静注用「ヤンセン」専用溶解用液(生理食塩液),1.5mg,注射剤,エポプロステノール静注用0.5mg「ヤンセン」専用溶解用液（生理食塩液）,5181668d444c
ネモナプリド,エミレース錠10mg,1179036F2020,ネモナプリド|エミレース錠,10.0mg,錠,エミレース錠3mg,b29c608d2483
ガルカネズマブ（遺伝子組換え）注射液,エムガルティ皮下注120mgシリンジ,1190404G1020,ガルカネズマブ（遺伝子組換え）注射液|エムガルティ皮下注シリンジ,120.0mg,注射剤,,d2728ccffc8a
エロツズマブ（遺伝子組換え）,エムプリシティ点滴静注用400mg,4291434D2027,エロツズマブ（遺伝子組換え）|エムプリシティ点滴静注用,400.0mg,注射剤,エムプリシティ点滴静注用300mg,49c7bcb1554b
エメダスチンフマル酸塩徐放カプセル,エメダスチンフマル酸塩徐放カプセル2mg「トーワ」,4490013M2050,エメダスチンフマル酸塩徐放カプセル|エメダスチンフマル酸塩徐放カプセル「トーワ」,2.0mg,カプセル,エメダスチンフマル酸塩徐放カプセル1mg「トーワ」,f57035d2b9b1
アピキサバン,エリキュース錠5mg,3339004F2025,アピキサバン|エリキュース錠,5.0mg,錠,エリキュース錠2.5mg,e28279788e59
エリスロマイシンエチルコハク酸エステル,エリスロシンW顆粒20％,6141001D1033,エリスロマイシンエチルコハク酸エステル|エリスロシンW顆粒,20.0%,顆粒,,fed192a04945
エリスロマイシンエチルコハク酸エステル,エリスロシンドライシロップW20％,6141001R2053,エリスロマイシンエチルコハク酸エステル|エリスロシンドライシロップW,20.0%,ドライシロップ,,fed192a04945
エリスロマイシンステアリン酸塩,エリスロシン錠200mg,6141004F2042,エリスロマイシンステアリン酸塩|エリスロシン錠,200.0mg,錠,エリスロシン錠100mg,1cbd08fad6a4
レボカルニチン内用液,エルカルチンFF内用液10%分包10mL,3999033S3027,レボカルニチン内用液|エルカルチンFF内用液分包,10.0%/10.0ml,液剤,,e6f44d5c3f2f
レボカルニチン内用液,エルカルチンFF内用液10%分包5mL,3999033S2020,レボカルニチン内用液|エルカルチンFF内用液分包,10.0%/5.0ml,液剤,,e6f44d5c3f2f
レボカルニチン錠,エルカルチンFF錠250mg,3999033F2022,レボカルニチン錠|エルカルチンFF錠,250.0mg,錠,エルカルチンFF錠100mg,afef528e27bc
エルデカルシトール,エルデカルシトールカプセル0.75μg「サワイ」,3112006M2037,エルデカルシトール|エルデカルシトールカプセル「サワイ」,0.75μg,カプセル,エルデカルシトールカプセル0.5μg「サワイ」,94c0a481b067
エルデカルシトールカプセル,エルデカルシトールカプセル0.75μg「トーワ」,3112006M2053,エルデカルシトールカプセル|エルデカルシトールカプセル「トーワ」,0.75μg,カプセル,エルデカルシトールカプセル0.5μg「トーワ」,725ffe3ce86d
エルデカルシトールカプセル,エルデカルシトールカプセル0.75μg「日医工」,3112006M2045,エルデカルシトールカプセル|エルデカルシトールカプセル「日医工」,0.75μg,カプセル,エルデカルシトールカプセル0.5μg「日医工」,91199b12f458
エルデカルシトール錠,エルデカルシトール錠0.75μg「トーワ」,31120A2F2033,エルデカルシトール錠|エルデカルシトール錠「トーワ」,0.75μg,錠,エルデカルシトール錠0.5μg「トーワ」,331ae5b48305
エルトロンボパグ　オラミン,エルトロンボパグ錠25mg「F」,3999028F2030,エルトロンボパグ　オラミン|エルトロンボパグ錠「F」,25.0mg,錠,エルトロンボパグ錠12.5mg「F」,7fa23dac07ec
エルトロンボパグ　オラミン,エルトロンボパグ錠25mg「サワイ」,3999028F2048,エルトロンボパグ　オラミン|エルトロンボパグ錠「サワイ」,25.0mg,錠,エルトロンボパグ錠12.5mg「サワイ」,0e1d24741cdd
エルトロンボパグ　オラミン錠,エルトロンボパグ錠25mg「トーワ」,3999028F2056,エルトロンボパグ　オラミン錠|エルトロンボパグ錠「トーワ」,25.0mg,錠,エルトロンボパグ錠12.5mg「トーワ」,3e8d3808435d
エルトロンボパグ　オラミン,エルトロンボパグ錠25mg「日医工」,3999028F2064,エルトロンボパグ　オラミン|エルトロンボパグ錠「日医工」,25.0mg,錠,エルトロンボパグ錠12.5mg「日医工」,108a467defd5
酸化エチレン,エルナックH−20,732970AQ2048,酸化エチレン|エルナックH−20,,(不明),,4b423da07f87
高カロリー輸液用アミノ酸・糖・電解質・総合ビタミン・微量元素液,エルネオパNF1号輸液,3259533G3021,高カロリー輸液用アミノ酸・糖・電解質・総合ビタミン・微量元素液|エルネオパNF1号輸液,,液剤,エルネオパNF1号輸液,8b18c9e4c768
高カロリー輸液用アミノ酸・糖・電解質・総合ビタミン・微量元素液,エルネオパNF1号輸液,3259533G2025,高カロリー輸液用アミノ酸・糖・電解質・総合ビタミン・微量元素液|エルネオパNF1号輸液,,液剤,エルネオパNF1号輸液,8b18c9e4c768
高カロリー輸液用アミノ酸・糖・電解質・総合ビタミン・微量元素液,エルネオパNF2号輸液,3259534G1023,高カロリー輸液用アミノ酸・糖・電解質・総合ビタミン・微量元素液|エルネオパNF2号輸液,,液剤,,8b18c9e4c768
高カロリー輸液用アミノ酸・糖・電解質・総合ビタミン・微量元素液,エルネオパNF2号輸液,3259534G3026,高カロリー輸液用アミノ酸・糖・電解質・総合ビタミン・微量元素液|エルネオパNF2号輸液,,液剤,,8b18c9e4c768
高カロリー輸液用アミノ酸・糖・電解質・総合ビタミン・微量元素液,エルネオパNF2号輸液,3259534G2020,高カロリー輸液用アミノ酸・糖・電解質・総合ビタミン・微量元素液|エルネオパNF2号輸液,,液剤,,8b18c9e4c768
オキサリプラチン点滴静注液,エルプラット点滴静注液100mg,4291410A2025,オキサリプラチン点滴静注液|エルプラット点滴静注液,100.0mg,注射剤,エルプラット点滴静注液50mg,d579d5a87037
オキサリプラチン点滴静注液,エルプラット点滴静注液200mg,4291410A3021,オキサリプラチン点滴静注液|エルプラット点滴静注液,200.0mg,注射剤,エルプラット点滴静注液50mg,d579d5a87037
エルラナタマブ（遺伝子組換え）,エルレフィオ皮下注76mg,4291470A2027,エルラナタマブ（遺伝子組換え）|エルレフィオ皮下注,76.0mg,注射剤,エルレフィオ皮下注44mg,4a972b56f8c7
エルロチニブ塩酸塩,エルロチニブ錠100mg「NK」,4291016F2035,エルロチニブ塩酸塩|エルロチニブ錠「NK」,100.0mg,錠,エルロチニブ錠150mg「NK」; エルロチニブ錠25mg「NK」,217a7f6d84ec
ウメクリジニウム臭化物,エンクラッセ62.5μgエリプタ30吸入用,2259714G2024,ウメクリジニウム臭化物|エンクラッセエリプタ30吸入用,62.5μg,吸入剤,,5d035ad408b4
サトラリズマブ（遺伝子組換え）,エンスプリング皮下注120mgオートインジェクター,6399428G2020,サトラリズマブ（遺伝子組換え）|エンスプリング皮下注オートインジェクター,120.0mg,注射剤,,b12772d415ba
ベドリズマブ（遺伝子組換え）,エンタイビオ皮下注108mgシリンジ,2399405G1025,ベドリズマブ（遺伝子組換え）|エンタイビオ皮下注シリンジ,108.0mg,注射剤,,7ef85fde3a25
エタネルセプト（遺伝子組換え）,エンブレル皮下注50mgクリックワイズ用1.0mL,3999424G6027,エタネルセプト（遺伝子組換え）|エンブレル皮下注クリックワイズ用,50.0mg/1.0ml,注射剤,エンブレル皮下注25mgクリックワイズ用0.5mL,e6423835f72d
エタネルセプト（遺伝子組換え）,エンブレル皮下注50mgシリンジ1.0mL,3999424G2021,エタネルセプト（遺伝子組換え）|エンブレル皮下注シリンジ,50.0mg/1.0ml,注射剤,エンブレル皮下注25mgシリンジ0.5mL,33f6fec5f204
エタネルセプト（遺伝子組換え）,エンブレル皮下注50mgペン1.0mL,3999424G3028,エタネルセプト（遺伝子組換え）|エンブレル皮下注ペン,50.0mg/1.0ml,注射剤,エンブレル皮下注25mgペン0.5mL,3e7c6dc57a78
エタネルセプト（遺伝子組換え）,エンブレル皮下注用25mg,3999424D1029,エタネルセプト（遺伝子組換え）|エンブレル皮下注用,25.0mg,注射剤,エンブレル皮下注用10mg,a2cac7b9d09e
サクビトリルバルサルタンナトリウム水和物,エンレスト粒状錠小児用12.5mg,2190041F4026,サクビトリルバルサルタンナトリウム水和物|エンレスト粒状錠小児用,12.5mg,錠,,5c03a3a5b990
サクビトリルバルサルタンナトリウム水和物,エンレスト粒状錠小児用31.25mg,2190041F5022,サクビトリルバルサルタンナトリウム水和物|エンレスト粒状錠小児用,31.25mg,錠,,5c03a3a5b990
サクビトリルバルサルタンナトリウム水和物,エンレスト錠100mg,2190041F2023,サクビトリルバルサルタンナトリウム水和物|エンレスト錠,100.0mg,錠,エンレスト錠50mg,5c03a3a5b990
サクビトリルバルサルタンナトリウム水和物,エンレスト錠200mg,2190041F3020,サクビトリルバルサルタンナトリウム水和物|エンレスト錠,200.0mg,錠,エンレスト錠50mg,5c03a3a5b990
テモカプリル塩酸塩,エースコール錠2mg,2144009F2022,テモカプリル塩酸塩|エースコール錠,2.0mg,錠,エースコール錠1mg,d2fc0e349fb2
テモカプリル塩酸塩,エースコール錠4mg,2144009F3029,テモカプリル塩酸塩|エースコール錠,4.0mg,錠,エースコール錠1mg,d2fc0e349fb2
グリベンクラミド,オイグルコン錠2.5mg,3961003F2024,グリベンクラミド|オイグルコン錠,2.5mg,錠,オイグルコン錠1.25mg,1227c2998118
デキサメタゾン,オイラゾンクリーム0.1％,2646704N1043,デキサメタゾン|オイラゾンクリーム,0.1%,クリーム,オイラゾンクリーム0.05％,dc9cccfee6e8
オキサリプラチン,オキサリプラチン点滴静注100mg「トーワ」,4291410A2122,オキサリプラチン|オキサリプラチン点滴静注「トーワ」,100.0mg,注射剤,オキサリプラチン点滴静注50mg「トーワ」,1cbc13ec6a88
オキサリプラチン,オキサリプラチン点滴静注200mg「トーワ」,4291410A3110,オキサリプラチン|オキサリプラチン点滴静注「トーワ」,200.0mg,注射剤,オキサリプラチン点滴静注50mg「トーワ」,1cbc13ec6a88
オキサリプラチン,オキサリプラチン点滴静注液100mg/20mL「ケミファ」,4291410A2033,オキサリプラチン|オキサリプラチン点滴静注液/「ケミファ」,100.0mg/20.0ml,注射剤,オキサリプラチン点滴静注液50mg/10mL「ケミファ」,58d3c3b238b8
オキサリプラチン点滴静注液,オキサリプラチン点滴静注液100mg/20mL「サンド」,4291410A2041,オキサリプラチン点滴静注液|オキサリプラチン点滴静注液/「サンド」,100.0mg/20.0ml,注射剤,オキサリプラチン点滴静注液50mg/10mL「サンド」,e03cdaa25d3c
オキサリプラチン・注射液,オキサリプラチン点滴静注液100mg/20mL「ホスピーラ」,4291410A2068,オキサリプラチン・注射液|オキサリプラチン点滴静注液/「ホスピーラ」,100.0mg/20.0ml,注射剤,オキサリプラチン点滴静注液50mg/10mL「ホスピーラ」,4bf33897e9a9
オキサリプラチン注,オキサリプラチン点滴静注液100mg「DSEP」,4291410A2076,オキサリプラチン注|オキサリプラチン点滴静注液「DSEP」,100.0mg,注射剤,オキサリプラチン点滴静注液50mg「DSEP」,c36d16dc773e
オキサリプラチン注射液,オキサリプラチン点滴静注液100mg「NIG」,4291410A2165,オキサリプラチン注射液|オキサリプラチン点滴静注液「NIG」,100.0mg,注射剤,オキサリプラチン点滴静注液50mg「NIG」,2f28dda54c91
オキサリプラチン,オキサリプラチン点滴静注液100mg「NK」,4291410A2092,オキサリプラチン|オキサリプラチン点滴静注液「NK」,100.0mg,注射剤,オキサリプラチン点滴静注液50mg「NK」,c78296e8c7f3
オキサリプラチン,オキサリプラチン点滴静注液100mg「サワイ」,4291410A2106,オキサリプラチン|オキサリプラチン点滴静注液「サワイ」,100.0mg,注射剤,オキサリプラチン点滴静注液50mg「サワイ」,6d5bdc68cd90
オキサリプラチン点滴静注液,オキサリプラチン点滴静注液100mg「ニプロ」,4291410A2149,オキサリプラチン点滴静注液|オキサリプラチン点滴静注液「ニプロ」,100.0mg,注射剤,オキサリプラチン点滴静注液50mg「ニプロ」,2cceb2e7ec78
オキサリプラチン,オキサリプラチン点滴静注液200mg/40mL「ケミファ」,4291410A3048,オキサリプラチン|オキサリプラチン点滴静注液/「ケミファ」,200.0mg/40.0ml,注射剤,オキサリプラチン点滴静注液50mg/10mL「ケミファ」,58d3c3b238b8
オキサリプラチン点滴静注液,オキサリプラチン点滴静注液200mg/40mL「サンド」,4291410A3145,オキサリプラチン点滴静注液|オキサリプラチン点滴静注液/「サンド」,200.0mg/40.0ml,注射剤,オキサリプラチン点滴静注液50mg/10mL「サンド」,e03cdaa25d3c
オキサリプラチン・注射液,オキサリプラチン点滴静注液200mg/40mL「ホスピーラ」,4291410A3153,オキサリプラチン・注射液|オキサリプラチン点滴静注液/「ホスピーラ」,200.0mg/40.0ml,注射剤,オキサリプラチン点滴静注液50mg/10mL「ホスピーラ」,4bf33897e9a9
オキサリプラチン注,オキサリプラチン点滴静注液200mg「DSEP」,4291410A3064,オキサリプラチン注|オキサリプラチン点滴静注液「DSEP」,200.0mg,注射剤,オキサリプラチン点滴静注液50mg「DSEP」,c36d16dc773e
オキサリプラチン注射液,オキサリプラチン点滴静注液200mg「NIG」,4291410A3161,オキサリプラチン注射液|オキサリプラチン点滴静注液「NIG」,200.0mg,注射剤,オキサリプラチン点滴静注液50mg「NIG」,2f28dda54c91
オキサリプラチン,オキサリプラチン点滴静注液200mg「NK」,4291410A3080,オキサリプラチン|オキサリプラチン点滴静注液「NK」,200.0mg,注射剤,オキサリプラチン点滴静注液50mg「NK」,c78296e8c7f3
オキサリプラチン,オキサリプラチン点滴静注液200mg「サワイ」,4291410A3099,オキサリプラチン|オキサリプラチン点滴静注液「サワイ」,200.0mg,注射剤,オキサリプラチン点滴静注液50mg「サワイ」,6d5bdc68cd90
オキサリプラチン点滴静注液,オキサリプラチン点滴静注液200mg「ニプロ」,4291410A3137,オキサリプラチン点滴静注液|オキサリプラチン点滴静注液「ニプロ」,200.0mg,注射剤,オキサリプラチン点滴静注液50mg「ニプロ」,2cceb2e7ec78
マキサカルシトール　製剤,オキサロールローション25μg／g,2691702Q1020,マキサカルシトール　製剤|オキサロールローション/g,25.0μg,ローション,,8b3cdc22e345
マキサカルシトール製剤,オキサロール注10μg,3112401A3029,マキサカルシトール製剤|オキサロール注,10.0μg,注射剤,オキサロール注2.5μg,c8599d9974c4
マキサカルシトール製剤,オキサロール注5μg,3112401A2022,マキサカルシトール製剤|オキサロール注,5.0μg,注射剤,オキサロール注2.5μg,c8599d9974c4
オキシコドン塩酸塩水和物内用液,オキシコドン内服液10mg「日本臓器」,8119002S3020,オキシコドン塩酸塩水和物内用液|オキシコドン内服液「日本臓器」,10.0mg,液剤,オキシコドン内服液2.5mg「日本臓器」,cfdd7dbd1492
オキシコドン塩酸塩水和物内用液,オキシコドン内服液20mg「日本臓器」,8119002S4026,オキシコドン塩酸塩水和物内用液|オキシコドン内服液「日本臓器」,20.0mg,液剤,オキシコドン内服液2.5mg「日本臓器」,cfdd7dbd1492
オキシコドン塩酸塩水和物内用液,オキシコドン内服液5mg「日本臓器」,8119002S2023,オキシコドン塩酸塩水和物内用液|オキシコドン内服液「日本臓器」,5.0mg,液剤,オキシコドン内服液2.5mg「日本臓器」,cfdd7dbd1492
オキシコドン塩酸塩水和物徐放カプセル,オキシコドン徐放カプセル10mg「テルモ」,8119002N2020,オキシコドン塩酸塩水和物徐放カプセル|オキシコドン徐放カプセル「テルモ」,10.0mg,カプセル,オキシコドン徐放カプセル5mg「テルモ」,1dbac61bb910
オキシコドン塩酸塩水和物徐放カプセル,オキシコドン徐放カプセル20mg「テルモ」,8119002N3026,オキシコドン塩酸塩水和物徐放カプセル|オキシコドン徐放カプセル「テルモ」,20.0mg,カプセル,オキシコドン徐放カプセル5mg「テルモ」,1dbac61bb910
オキシコドン塩酸塩水和物徐放カプセル,オキシコドン徐放カプセル40mg「テルモ」,8119002N4022,オキシコドン塩酸塩水和物徐放カプセル|オキシコドン徐放カプセル「テルモ」,40.0mg,カプセル,オキシコドン徐放カプセル5mg「テルモ」,1dbac61bb910
オキシコドン塩酸塩水和物徐放錠,オキシコドン徐放錠10mgNX「第一三共」,8119002G6034,オキシコドン塩酸塩水和物徐放錠|オキシコドン徐放錠NX「第一三共」,10.0mg,錠,オキシコドン徐放錠5mgNX「第一三共」,86b76cd581b6
オキシコドン塩酸塩水和物徐放錠,オキシコドン徐放錠20mgNX「第一三共」,8119002G7030,オキシコドン塩酸塩水和物徐放錠|オキシコドン徐放錠NX「第一三共」,20.0mg,錠,オキシコドン徐放錠5mgNX「第一三共」,86b76cd581b6
オキシコドン塩酸塩水和物徐放錠,オキシコドン徐放錠40mgNX「第一三共」,8119002G8037,オキシコドン塩酸塩水和物徐放錠|オキシコドン徐放錠NX「第一三共」,40.0mg,錠,オキシコドン徐放錠5mgNX「第一三共」,86b76cd581b6
オキシコドン塩酸塩水和物注射液,オキシコドン注射液50mg「第一三共」,8119400A2030,オキシコドン塩酸塩水和物注射液|オキシコドン注射液「第一三共」,50.0mg,注射剤,オキシコドン注射液10mg「第一三共」,2af53b63e245
オキシコドン塩酸塩水和物錠,オキシコドン錠10mgNX「第一三共」,8119002F7027,オキシコドン塩酸塩水和物錠|オキシコドン錠NX「第一三共」,10.0mg,錠,オキシコドン錠2.5mgNX「第一三共」,3af875d2887a
オキシコドン塩酸塩水和物錠,オキシコドン錠20mgNX「第一三共」,8119002F8023,オキシコドン塩酸塩水和物錠|オキシコドン錠NX「第一三共」,20.0mg,錠,オキシコドン錠2.5mgNX「第一三共」,3af875d2887a
オキシコドン塩酸塩水和物錠,オキシコドン錠5mgNX「第一三共」,8119002F6020,オキシコドン塩酸塩水和物錠|オキシコドン錠NX「第一三共」,5.0mg,錠,オキシコドン錠2.5mgNX「第一三共」,3af875d2887a
オキシコナゾール硝酸塩,オキシコナゾール硝酸塩腟錠600mg「F」,2529709H2069,オキシコナゾール硝酸塩|オキシコナゾール硝酸塩腟錠「F」,600.0mg,錠,オキシコナゾール硝酸塩腟錠100mg「F」,ff1d12c0d2e7
オキシコドン塩酸塩水和物,オキシコンチンTR錠10mg,8119002G6026,オキシコドン塩酸塩水和物|オキシコンチンTR錠,10.0mg,錠,オキシコンチンTR錠5mg,8cded6a2e70e
オキシコドン塩酸塩水和物,オキシコンチンTR錠20mg,8119002G7022,オキシコドン塩酸塩水和物|オキシコンチンTR錠,20.0mg,錠,オキシコンチンTR錠5mg,8cded6a2e70e
オキシコドン塩酸塩水和物,オキシコンチンTR錠40mg,8119002G8029,オキシコドン塩酸塩水和物|オキシコンチンTR錠,40.0mg,錠,オキシコンチンTR錠5mg,8cded6a2e70e
オキシブチニン塩酸塩,オキシブチニン塩酸塩錠2mg「サワイ」,2590005F1316,オキシブチニン塩酸塩|オキシブチニン塩酸塩錠「サワイ」,2.0mg,錠,オキシブチニン塩酸塩錠1mg「サワイ」,cda79114815c
オキシブチニン塩酸塩,オキシブチニン塩酸塩錠3mg「サワイ」,2590005F2274,オキシブチニン塩酸塩|オキシブチニン塩酸塩錠「サワイ」,3.0mg,錠,オキシブチニン塩酸塩錠1mg「サワイ」,cda79114815c
オキシコナゾール硝酸塩クリーム・外用液,オキナゾール外用液1%,2655706Q1048,オキシコナゾール硝酸塩クリーム・外用液|オキナゾール外用液,1.0%,液剤,,6c71cf4f8a9d
オキシコナゾール硝酸塩腟錠,オキナゾール腟錠600mg,2529709H2042,オキシコナゾール硝酸塩腟錠|オキナゾール腟錠,600.0mg,錠,オキナゾール腟錠100mg,56f09377d11f
オキシコドン塩酸塩水和物,オキノーム散10mg,8119002B4026,オキシコドン塩酸塩水和物|オキノーム散,10.0mg,散剤,オキノーム散2.5mg,8e45f2335d65
オキシコドン塩酸塩水和物,オキノーム散20mg,8119002B5022,オキシコドン塩酸塩水和物|オキノーム散,20.0mg,散剤,オキノーム散2.5mg,8e45f2335d65
オキシコドン塩酸塩水和物,オキノーム散5mg,8119002B3020,オキシコドン塩酸塩水和物|オキノーム散,5.0mg,散剤,オキノーム散2.5mg,8e45f2335d65
オキシコドン塩酸塩水和物,オキファスト注50mg,8119400A2021,オキシコドン塩酸塩水和物|オキファスト注,50.0mg,注射剤,オキファスト注10mg,601e7a5de4fd
メトキサレン製剤,オクソラレンローション0.3%,2699701Q1023,メトキサレン製剤|オクソラレンローション,0.3%,ローション,オクソラレンローション1%,fd972971ad39
オクトレオチド酢酸塩,オクトレオチド皮下注100μg「あすか」,2499403A2050,オクトレオチド酢酸塩|オクトレオチド皮下注「あすか」,100.0μg,注射剤,オクトレオチド皮下注50μg「あすか」,982380021e51
オクトレオチド酢酸塩注射液,オクトレオチド酢酸塩皮下注100μg「サンド」,2499403A2068,オクトレオチド酢酸塩注射液|オクトレオチド酢酸塩皮下注「サンド」,100.0μg,注射剤,オクトレオチド酢酸塩皮下注50μg「サンド」,26e674f1c5b6
オザグレルナトリウム注射液,オザグレルNa注80mgシリンジ「トーワ」,3999411G4051,オザグレルナトリウム注射液|オザグレルNa注シリンジ「トーワ」,80.0mg,注射剤,,f1907ffbc2ee
オザグレルナトリウム,オザグレルNa注射液40mgシリンジ「サワイ」,3999411G7026,オザグレルナトリウム|オザグレルNa注射液シリンジ「サワイ」,40.0mg,注射剤,オザグレルNa注射液20mgシリンジ「サワイ」,50c572ca4642
オザグレルナトリウム,オザグレルNa注射液80mgシリンジ「サワイ」,3999411G4035,オザグレルナトリウム|オザグレルNa注射液シリンジ「サワイ」,80.0mg,注射剤,オザグレルNa注射液20mgシリンジ「サワイ」,50c572ca4642
オザグレルナトリウム,オザグレルNa注射用40mg「SW」,3999411D2079,オザグレルナトリウム|オザグレルNa注射用「SW」,40.0mg,注射剤,オザグレルNa注射用20mg「SW」,96572d44779b
オザグレルナトリウム,オザグレルNa点滴静注40mg「IP」,3999411A6086,オザグレルナトリウム|オザグレルNa点滴静注「IP」,40.0mg,注射剤,オザグレルNa点滴静注20mg「IP」,6e4010713966
オザグレルナトリウム,オザグレルNa点滴静注40mg「タカタ」,3999411H8036,オザグレルナトリウム|オザグレルNa点滴静注「タカタ」,40.0mg,注射剤,オザグレルNa点滴静注20mg「タカタ」,ce3eb65fd5a0
オザグレルナトリウム注射液,オザグレルNa点滴静注40mgシリンジ「NIG」,3999411G2040,オザグレルナトリウム注射液|オザグレルNa点滴静注シリンジ「NIG」,40.0mg,注射剤,オザグレルNa点滴静注20mgシリンジ「NIG」,9e9896193512
オザグレルナトリウム,オザグレルNa点滴静注80mg「IP」,3999411A4083,オザグレルナトリウム|オザグレルNa点滴静注「IP」,80.0mg,注射剤,オザグレルNa点滴静注20mg「IP」,6e4010713966
オザグレルナトリウム,オザグレルNa点滴静注80mg「タカタ」,3999411H1031,オザグレルナトリウム|オザグレルNa点滴静注「タカタ」,80.0mg,注射剤,オザグレルNa点滴静注20mg「タカタ」,ce3eb65fd5a0
オザグレルナトリウム注射液,オザグレルNa点滴静注80mgシリンジ「NIG」,3999411G3047,オザグレルナトリウム注射液|オザグレルNa点滴静注シリンジ「NIG」,80.0mg,注射剤,オザグレルNa点滴静注20mgシリンジ「NIG」,9e9896193512
オザグレルナトリウム,オザグレルNa点滴静注液40mg「ケミファ」,3999411A6078,オザグレルナトリウム|オザグレルNa点滴静注液「ケミファ」,40.0mg,注射剤,オザグレルNa点滴静注液20mg「ケミファ」,037136a8ce8b
オザグレルナトリウム注射液,オザグレルNa点滴静注液40mg「トーワ」,3999411A6094,オザグレルナトリウム注射液|オザグレルNa点滴静注液「トーワ」,40.0mg,注射剤,オザグレルNa点滴静注液20mg「トーワ」,f1907ffbc2ee
オザグレルナトリウム,オザグレルNa点滴静注液80mg「ケミファ」,3999411A4075,オザグレルナトリウム|オザグレルNa点滴静注液「ケミファ」,80.0mg,注射剤,オザグレルNa点滴静注液20mg「ケミファ」,037136a8ce8b
オザグレルナトリウム注射液,オザグレルNa点滴静注液80mg「トーワ」,3999411A4091,オザグレルナトリウム注射液|オザグレルNa点滴静注液「トーワ」,80.0mg,注射剤,オザグレルNa点滴静注液20mg「トーワ」,f1907ffbc2ee
オザグレルナトリウム,オザグレルNa静注液40mg「日医工」,3999411A9042,オザグレルナトリウム|オザグレルNa静注液「日医工」,40.0mg,注射剤,オザグレルNa静注液20mg「日医工」,b567cadb04b0
オザグレルナトリウム,オザグレルNa静注液80mg「日医工」,3999411A2056,オザグレルナトリウム|オザグレルNa静注液「日医工」,80.0mg,注射剤,オザグレルNa静注液20mg「日医工」,b567cadb04b0
オザグレルナトリウム,オザグレルナトリウム点滴静注液80mg「JD」,3999411A4032,オザグレルナトリウム|オザグレルナトリウム点滴静注液「JD」,80.0mg,注射剤,オザグレルナトリウム点滴静注液40mg「JD」,e289d62d7122
スルチアム,オスポロット錠200mg,1137001F2035,スルチアム|オスポロット錠,200.0mg,錠,オスポロット錠50mg,86c9d76114ef
トスフロキサシントシル酸塩水和物,オゼックス錠150,6241010F2027,トスフロキサシントシル酸塩水和物|オゼックス錠150,,錠,,af0eb123c043
トスフロキサシントシル酸塩水和物,オゼックス錠小児用60mg,6241010F3023,トスフロキサシントシル酸塩水和物|オゼックス錠小児用,60.0mg,錠,,c04fcd03bda9
アプレミラスト,オテズラ錠20mg,3999042F2021,アプレミラスト|オテズラ錠,20.0mg,錠,オテズラ錠10mg,84205f7144ac
アプレミラスト,オテズラ錠30mg,3999042F3028,アプレミラスト|オテズラ錠,30.0mg,錠,オテズラ錠10mg,84205f7144ac
トランドラプリル錠,オドリック錠1mg,2144011F2020,トランドラプリル錠|オドリック錠,1.0mg,錠,オドリック錠0.5mg,c1f334c1379e
アザシチジン,オヌレグ錠200mg,42910J7F2021,アザシチジン|オヌレグ錠,200.0mg,錠,オヌレグ錠150mg,80113a818a98
注射用ランジオロール塩酸塩,オノアクト点滴静注用150mg,2123404D3028,注射用ランジオロール塩酸塩|オノアクト点滴静注用,150.0mg,注射剤,オノアクト点滴静注用50mg,0b172a7f9c56
ニンテダニブエタンスルホン酸塩,オフェブカプセル150mg,3999039M2029,ニンテダニブエタンスルホン酸塩|オフェブカプセル,150.0mg,カプセル,オフェブカプセル100mg,767423a750da
ニボルマブ（遺伝子組換え）,オプジーボ点滴静注100mg,4291427A2020,ニボルマブ（遺伝子組換え）|オプジーボ点滴静注,100.0mg,注射剤,オプジーボ点滴静注20mg,aac1ada450f2
ニボルマブ（遺伝子組換え）,オプジーボ点滴静注120mg,4291427A4023,ニボルマブ（遺伝子組換え）|オプジーボ点滴静注,120.0mg,注射剤,オプジーボ点滴静注20mg,aac1ada450f2
ニボルマブ（遺伝子組換え）,オプジーボ点滴静注240mg,4291427A3027,ニボルマブ（遺伝子組換え）|オプジーボ点滴静注,240.0mg,注射剤,オプジーボ点滴静注20mg,aac1ada450f2
マシテンタン,オプスミット小児用分散錠2.5mg,2190035X2023,マシテンタン|オプスミット小児用分散錠,2.5mg,錠,オプスミット小児用分散錠1mg,ef61389c01af
モルヒネ塩酸塩,オプソ内服液10mg,8114005S2020,モルヒネ塩酸塩|オプソ内服液,10.0mg,液剤,オプソ内服液5mg,833b8a0ed49c
イオベルソール,オプチレイ320注100mL,7219416H1033,イオベルソール|オプチレイ320注,100.0ml,注射剤,オプチレイ320注20mL,7453de9f5a30
イオベルソール,オプチレイ320注50mL,7219416A9036,イオベルソール|オプチレイ320注,50.0ml,注射剤,オプチレイ320注20mL,7453de9f5a30
イオベルソール,オプチレイ320注シリンジ100mL,7219416G4037,イオベルソール|オプチレイ320注シリンジ,100.0ml,注射剤,,c4b2e80364cf
イオベルソール,オプチレイ320注シリンジ75mL,7219416G3030,イオベルソール|オプチレイ320注シリンジ,75.0ml,注射剤,,c4b2e80364cf
イオベルソール,オプチレイ350注100mL,7219416H4032,イオベルソール|オプチレイ350注,100.0ml,注射剤,,7453de9f5a30
イオベルソール,オプチレイ350注20mL,7219416H2030,イオベルソール|オプチレイ350注,20.0ml,注射剤,,7453de9f5a30
イオベルソール,オプチレイ350注50mL,7219416H3036,イオベルソール|オプチレイ350注,50.0ml,注射剤,,7453de9f5a30
イオベルソール,オプチレイ350注シリンジ100mL,7219416G9039,イオベルソール|オプチレイ350注シリンジ,100.0ml,注射剤,,c4b2e80364cf
イオベルソール,オプチレイ350注シリンジ135mL,7219416P1020,イオベルソール|オプチレイ350注シリンジ,135.0ml,注射剤,,c4b2e80364cf
精製ヒアルロン酸ナトリウム,オペガン1.1眼粘弾剤1%,1319720Q9041,精製ヒアルロン酸ナトリウム|オペガン1.1眼粘弾剤,1.0%,(不明),,0c5b0b32804a
ブドウ糖・無機塩類配合剤,オペガードMA眼灌流液,1319814Q4026,ブドウ糖・無機塩類配合剤|オペガードMA眼灌流液,,液剤,オペガードMA眼灌流液,edb7ca36fe3d
ブドウ糖・無機塩類配合剤,オペガードMA眼灌流液,1319814Q5022,ブドウ糖・無機塩類配合剤|オペガードMA眼灌流液,,液剤,オペガードMA眼灌流液,edb7ca36fe3d
オマリズマブ（遺伝子組換え）［オマリズマブ後続1］製剤,オマリズマブBS皮下注150mgシリンジ「CT」,22904A5G2024,オマリズマブ（遺伝子組換え）［オマリズマブ後続1］製剤|オマリズマブBS皮下注シリンジ「CT」,150.0mg,注射剤,オマリズマブBS皮下注75mgシリンジ「CT」,a37ab708eff6
オマリズマブ（遺伝子組換え）［オマリズマブ後続1］製剤,オマリズマブBS皮下注150mgペン「CT」,22904A5G4027,オマリズマブ（遺伝子組換え）［オマリズマブ後続1］製剤|オマリズマブBS皮下注ペン「CT」,150.0mg,注射剤,,a37ab708eff6
オマリズマブ（遺伝子組換え）［オマリズマブ後続1］製剤,オマリズマブBS皮下注75mgペン「CT」,22904A5G3020,オマリズマブ（遺伝子組換え）［オマリズマブ後続1］製剤|オマリズマブBS皮下注ペン「CT」,75.0mg,注射剤,,a37ab708eff6
モメロチニブ塩酸塩水和物,オムジャラ錠150mg,4291083F2029,モメロチニブ塩酸塩水和物|オムジャラ錠,150.0mg,錠,オムジャラ錠100mg,ef6e91da2e4d
モメロチニブ塩酸塩水和物,オムジャラ錠200mg,4291083F3025,モメロチニブ塩酸塩水和物|オムジャラ錠,200.0mg,錠,オムジャラ錠100mg,ef6e91da2e4d
イオヘキソール,オムニパーク300注100mL,7219415H2078,イオヘキソール|オムニパーク300注,100.0ml,注射剤,オムニパーク300注20mL,b4f44a263f87
イオヘキソール,オムニパーク300注10mL,7219415A8043,イオヘキソール|オムニパーク300注,10.0ml,注射剤,オムニパーク300注20mL,5ba70856a177
イオヘキソール,オムニパーク300注50mL,7219415H1071,イオヘキソール|オムニパーク300注,50.0ml,注射剤,オムニパーク300注20mL,b4f44a263f87
イオヘキソール,オムニパーク300注シリンジ100mL,7219415G3117,イオヘキソール|オムニパーク300注シリンジ,100.0ml,注射剤,,f46313c5b4a3
イオヘキソール,オムニパーク300注シリンジ110mL,7219415G9026,イオヘキソール|オムニパーク300注シリンジ,110.0ml,注射剤,,f46313c5b4a3
イオヘキソール,オムニパーク300注シリンジ125mL,7219415G7031,イオヘキソール|オムニパーク300注シリンジ,125.0ml,注射剤,,f46313c5b4a3
イオヘキソール,オムニパーク300注シリンジ150mL,7219415G6035,イオヘキソール|オムニパーク300注シリンジ,150.0ml,注射剤,,f46313c5b4a3
イオヘキソール,オムニパーク300注シリンジ50mL,7219415G2064,イオヘキソール|オムニパーク300注シリンジ,50.0ml,注射剤,,f46313c5b4a3
イオヘキソール,オムニパーク300注シリンジ80mL,7219415G4067,イオヘキソール|オムニパーク300注シリンジ,80.0ml,注射剤,,f46313c5b4a3
イオヘキソール,オムニパーク350注100mL,7219415H5069,イオヘキソール|オムニパーク350注,100.0ml,注射剤,,b4f44a263f87
イオヘキソール,オムニパーク350注20mL,7219415H3066,イオヘキソール|オムニパーク350注,20.0ml,注射剤,,b4f44a263f87
イオヘキソール,オムニパーク350注50mL,7219415H4062,イオヘキソール|オムニパーク350注,50.0ml,注射剤,,b4f44a263f87
イオヘキソール,オムニパーク350注シリンジ100mL,7219415G5063,イオヘキソール|オムニパーク350注シリンジ,100.0ml,注射剤,,f46313c5b4a3
イオヘキソール,オムニパーク350注シリンジ45mL,7219415H8025,イオヘキソール|オムニパーク350注シリンジ,45.0ml,注射剤,,f46313c5b4a3
イオヘキソール,オムニパーク350注シリンジ70mL,7219415G8038,イオヘキソール|オムニパーク350注シリンジ,70.0ml,注射剤,,f46313c5b4a3
オメプラゾール腸溶錠,オメプラゾン錠20mg,2329022H1051,オメプラゾール腸溶錠|オメプラゾン錠,20.0mg,錠,オメプラゾン錠10mg,b03fa509bd76
オメプラゾール腸溶錠,オメプラゾール腸溶錠20mg「武田テバ」,2329022H1221,オメプラゾール腸溶錠|オメプラゾール腸溶錠「武田テバ」,20.0mg,錠,オメプラゾール腸溶錠10mg「武田テバ」,d576203f7c71
オメプラゾール腸溶錠,オメプラゾール錠20mg「TSU」,2329022H1140,オメプラゾール腸溶錠|オメプラゾール錠「TSU」,20.0mg,錠,オメプラゾール錠10mg「TSU」,6571bfe61604
オメプラゾール,オメプラゾール錠20mg「アメル」,2329022H1086,オメプラゾール|オメプラゾール錠「アメル」,20.0mg,錠,オメプラゾール錠10mg「アメル」,200e424b5750
オメプラゾール,オメプラゾール錠20mg「ケミファ」,2329022H1191,オメプラゾール|オメプラゾール錠「ケミファ」,20.0mg,錠,オメプラゾール錠10mg「ケミファ」,0f0b5d677ba8
オメプラゾール腸溶錠,オメプラゾール錠20mg「トーワ」,2329022H1230,オメプラゾール腸溶錠|オメプラゾール錠「トーワ」,20.0mg,錠,オメプラゾール錠10mg「トーワ」,274fecb3213a
オメプラゾール,オメプラゾール錠20「SW」,2329022H1094,オメプラゾール|オメプラゾール錠20「SW」,,錠,,9f06e890cdc6
日本薬局方　オメプラゾール腸溶錠,オメプラール錠20,2329022H1043,日本薬局方　オメプラゾール腸溶錠|オメプラール錠20,,錠,,c2c83cc9609d
ベロトラルスタット塩酸塩,オラデオ顆粒分包108mg,44900C3D3020,ベロトラルスタット塩酸塩|オラデオ顆粒分包,108.0mg,顆粒,オラデオ顆粒分包72mg,bd9c1f27c280
ベロトラルスタット塩酸塩,オラデオ顆粒分包132mg,44900C3D4026,ベロトラルスタット塩酸塩|オラデオ顆粒分包,132.0mg,顆粒,オラデオ顆粒分包72mg,bd9c1f27c280
ベロトラルスタット塩酸塩,オラデオ顆粒分包96mg,44900C3D2023,ベロトラルスタット塩酸塩|オラデオ顆粒分包,96.0mg,顆粒,オラデオ顆粒分包72mg,bd9c1f27c280
ドミフェン臭化物トローチ,オラドールSトローチ0.5mg,2399712E1045,ドミフェン臭化物トローチ|オラドールSトローチ,0.5mg,トローチ,,fb1d8c52df8f
オラネキシジングルコン酸塩,オラネジン消毒液1.5％OR,2619717Q1031,オラネキシジングルコン酸塩|オラネジン消毒液OR,1.5%,液剤,,d5f27d860d66
オラネキシジングルコン酸塩,オラネジン液1.5％OR消毒用アプリケータ10mL,2619717Q2038,オラネキシジングルコン酸塩|オラネジン液OR消毒用アプリケータ,1.5%/10.0ml,液剤,,25569beb4340
オラネキシジングルコン酸塩,オラネジン液1.5％OR消毒用アプリケータ25mL,2619717Q3034,オラネキシジングルコン酸塩|オラネジン液OR消毒用アプリケータ,1.5%/25.0ml,液剤,,25569beb4340
オラネキシジングルコン酸塩,オラネジン液1.5％OR消毒用カートリッジ25mL,2619717Q3042,オラネキシジングルコン酸塩|オラネジン液OR消毒用カートリッジ,1.5%/25.0ml,液剤,,12d2cf1526d1
オラネキシジングルコン酸塩,オラネジン液1.5％消毒用アプリケータ25mL,2619717Q3026,オラネキシジングルコン酸塩|オラネジン液消毒用アプリケータ,1.5%/25.0ml,液剤,オラネジン液1.5％消毒用アプリケータ10mL,25569beb4340
オランザピン製剤,オランザピンOD錠10mg「DSEP」,1179044F5032,オランザピン製剤|オランザピンOD錠「DSEP」,10.0mg,OD錠,,e642378323fe
オランザピン口腔内崩壊錠,オランザピンOD錠10mg「JG」,1179044F5040,オランザピン口腔内崩壊錠|オランザピンOD錠「JG」,10.0mg,OD錠,オランザピンOD錠2.5mg「JG」,1801230571cb
オランザピン口腔内崩壊錠,オランザピンOD錠10mg「NIG」,1179044F5180,オランザピン口腔内崩壊錠|オランザピンOD錠「NIG」,10.0mg,OD錠,オランザピンOD錠2.5mg「NIG」,d781201b68ae
オランザピン製剤,オランザピンOD錠10mg「NP」,1179044F5172,オランザピン製剤|オランザピンOD錠「NP」,10.0mg,OD錠,,f868a2ec9726
オランザピン,オランザピンOD錠10mg「VTRS」,1179044F5164,オランザピン|オランザピンOD錠「VTRS」,10.0mg,OD錠,オランザピンOD錠2.5mg「VTRS」,41194074b9eb
オランザピン,オランザピンOD錠10mg「アメル」,1179044F5067,オランザピン|オランザピンOD錠「アメル」,10.0mg,OD錠,オランザピンOD錠1.25mg「アメル」,a1433c502adb
オランザピン,オランザピンOD錠10mg「タカタ」,1179044F5083,オランザピン|オランザピンOD錠「タカタ」,10.0mg,OD錠,オランザピンOD錠2.5mg「タカタ」,220906688251
オランザピン口腔内崩壊錠,オランザピンOD錠10mg「トーワ」,1179044F5105,オランザピン口腔内崩壊錠|オランザピンOD錠「トーワ」,10.0mg,OD錠,オランザピンOD錠2.5mg「トーワ」,0a54fdc73e45
オランザピン製剤,オランザピンOD錠10mg「ニプロ」,1179044F5121,オランザピン製剤|オランザピンOD錠「ニプロ」,10.0mg,OD錠,,30675a5afe39
オランザピン,オランザピンOD錠10mg「日医工」,1179044F5113,オランザピン|オランザピンOD錠「日医工」,10.0mg,OD錠,オランザピンOD錠2.5mg「日医工」,b4edd38ffcc5
オランザピン,オランザピンOD錠10mg「明治」,1179044F5148,オランザピン|オランザピンOD錠「明治」,10.0mg,OD錠,,5d61e8b7c0a9
オランザピン,オランザピンOD錠10mg「杏林」,1179044F5075,オランザピン|オランザピンOD錠「杏林」,10.0mg,OD錠,オランザピンOD錠2.5mg「杏林」,8977cfd6e2a1
オランザピン製剤,オランザピンOD錠2.5mg「DSEP」,1179044F6039,オランザピン製剤|オランザピンOD錠「DSEP」,2.5mg,OD錠,,e642378323fe
オランザピン,オランザピンOD錠2.5mg「アメル」,1179044F6063,オランザピン|オランザピンOD錠「アメル」,2.5mg,OD錠,オランザピンOD錠1.25mg「アメル」,a1433c502adb
オランザピン製剤,オランザピンOD錠2.5mg「ニプロ」,1179044F6144,オランザピン製剤|オランザピンOD錠「ニプロ」,2.5mg,OD錠,,30675a5afe39
オランザピン,オランザピンOD錠2.5mg「明治」,1179044F6128,オランザピン|オランザピンOD錠「明治」,2.5mg,OD錠,,5d61e8b7c0a9
オランザピン製剤,オランザピンOD錠5mg「DSEP」,1179044F4036,オランザピン製剤|オランザピンOD錠「DSEP」,5.0mg,OD錠,,e642378323fe
オランザピン口腔内崩壊錠,オランザピンOD錠5mg「JG」,1179044F4044,オランザピン口腔内崩壊錠|オランザピンOD錠「JG」,5.0mg,OD錠,オランザピンOD錠2.5mg「JG」,1801230571cb
オランザピン口腔内崩壊錠,オランザピンOD錠5mg「NIG」,1179044F4184,オランザピン口腔内崩壊錠|オランザピンOD錠「NIG」,5.0mg,OD錠,オランザピンOD錠2.5mg「NIG」,d781201b68ae
オランザピン製剤,オランザピンOD錠5mg「NP」,1179044F4176,オランザピン製剤|オランザピンOD錠「NP」,5.0mg,OD錠,,f868a2ec9726
オランザピン,オランザピンOD錠5mg「VTRS」,1179044F4168,オランザピン|オランザピンOD錠「VTRS」,5.0mg,OD錠,オランザピンOD錠2.5mg「VTRS」,41194074b9eb
オランザピン,オランザピンOD錠5mg「アメル」,1179044F4060,オランザピン|オランザピンOD錠「アメル」,5.0mg,OD錠,オランザピンOD錠1.25mg「アメル」,a1433c502adb
オランザピン,オランザピンOD錠5mg「タカタ」,1179044F4087,オランザピン|オランザピンOD錠「タカタ」,5.0mg,OD錠,オランザピンOD錠2.5mg「タカタ」,220906688251
オランザピン口腔内崩壊錠,オランザピンOD錠5mg「トーワ」,1179044F4109,オランザピン口腔内崩壊錠|オランザピンOD錠「トーワ」,5.0mg,OD錠,オランザピンOD錠2.5mg「トーワ」,0a54fdc73e45
オランザピン製剤,オランザピンOD錠5mg「ニプロ」,1179044F4125,オランザピン製剤|オランザピンOD錠「ニプロ」,5.0mg,OD錠,,30675a5afe39
オランザピン,オランザピンOD錠5mg「日医工」,1179044F4117,オランザピン|オランザピンOD錠「日医工」,5.0mg,OD錠,オランザピンOD錠2.5mg「日医工」,b4edd38ffcc5
オランザピン,オランザピンOD錠5mg「明治」,1179044F4141,オランザピン|オランザピンOD錠「明治」,5.0mg,OD錠,,5d61e8b7c0a9
オランザピン,オランザピンOD錠5mg「杏林」,1179044F4079,オランザピン|オランザピンOD錠「杏林」,5.0mg,OD錠,オランザピンOD錠2.5mg「杏林」,8977cfd6e2a1
オランザピン製剤,オランザピン細粒1%「NP」,1179044C1170,オランザピン製剤|オランザピン細粒「NP」,1.0%,(不明),,f868a2ec9726
オランザピン,オランザピン細粒1%「明治」,1179044C1111,オランザピン|オランザピン細粒「明治」,1.0%,(不明),,5d61e8b7c0a9
オランザピン,オランザピン細粒1％「サワイ」,1179044C1065,オランザピン|オランザピン細粒「サワイ」,1.0%,(不明),,5a6ead9752fd
オランザピン製剤,オランザピン細粒1％「ニプロ」,1179044C1090,オランザピン製剤|オランザピン細粒「ニプロ」,1.0%,(不明),,30675a5afe39
オランザピン製剤,オランザピン錠10mg「DSEP」,1179044F3030,オランザピン製剤|オランザピン錠「DSEP」,10.0mg,錠,オランザピン錠2.5mg「DSEP」,e642378323fe
オランザピン錠,オランザピン錠10mg「NIG」,1179044F3234,オランザピン錠|オランザピン錠「NIG」,10.0mg,錠,オランザピン錠2.5mg「NIG」,83d04b00f8d6
オランザピン製剤,オランザピン錠10mg「NP」,1179044F3226,オランザピン製剤|オランザピン錠「NP」,10.0mg,錠,オランザピン錠2.5mg「NP」,f868a2ec9726
オランザピン錠,オランザピン錠10mg「YD」,1179044F3072,オランザピン錠|オランザピン錠「YD」,10.0mg,錠,オランザピン錠2.5mg「YD」,80eaa1be13b8
オランザピン,オランザピン錠10mg「アメル」,1179044F3080,オランザピン|オランザピン錠「アメル」,10.0mg,錠,オランザピン錠1.25mg「アメル」,98c1303a6957
オランザピン,オランザピン錠10mg「サワイ」,1179044F3110,オランザピン|オランザピン錠「サワイ」,10.0mg,錠,オランザピン錠2.5mg「サワイ」,5a6ead9752fd
オランザピン錠,オランザピン錠10mg「トーワ」,1179044F3145,オランザピン錠|オランザピン錠「トーワ」,10.0mg,錠,オランザピン錠2.5mg「トーワ」,e84d1bc590f4
オランザピン製剤,オランザピン錠10mg「ニプロ」,1179044F3170,オランザピン製剤|オランザピン錠「ニプロ」,10.0mg,錠,オランザピン錠2.5mg「ニプロ」,30675a5afe39
オランザピン,オランザピン錠10mg「日新」,1179044F3161,オランザピン|オランザピン錠「日新」,10.0mg,錠,オランザピン錠2.5mg「日新」,4ca2bd432ae8
オランザピン,オランザピン錠10mg「明治」,1179044F3196,オランザピン|オランザピン錠「明治」,10.0mg,錠,オランザピン錠2.5mg「明治」,5d61e8b7c0a9
オランザピン,オランザピン錠10mg「杏林」,1179044F3102,オランザピン|オランザピン錠「杏林」,10.0mg,錠,オランザピン錠2.5mg「杏林」,4a5e385e9d8e
オランザピン,オランザピン錠2.5mg「アメル」,1179044F1088,オランザピン|オランザピン錠「アメル」,2.5mg,錠,オランザピン錠1.25mg「アメル」,98c1303a6957
オランザピン,オランザピン錠20mg「アメル」,1179044F8040,オランザピン|オランザピン錠「アメル」,20.0mg,錠,オランザピン錠1.25mg「アメル」,98c1303a6957
オランザピン製剤,オランザピン錠5mg「DSEP」,1179044F2033,オランザピン製剤|オランザピン錠「DSEP」,5.0mg,錠,オランザピン錠2.5mg「DSEP」,e642378323fe
オランザピン錠,オランザピン錠5mg「NIG」,1179044F2238,オランザピン錠|オランザピン錠「NIG」,5.0mg,錠,オランザピン錠2.5mg「NIG」,83d04b00f8d6
オランザピン製剤,オランザピン錠5mg「NP」,1179044F2220,オランザピン製剤|オランザピン錠「NP」,5.0mg,錠,オランザピン錠2.5mg「NP」,f868a2ec9726
オランザピン錠,オランザピン錠5mg「YD」,1179044F2076,オランザピン錠|オランザピン錠「YD」,5.0mg,錠,オランザピン錠2.5mg「YD」,80eaa1be13b8
オランザピン,オランザピン錠5mg「アメル」,1179044F2084,オランザピン|オランザピン錠「アメル」,5.0mg,錠,オランザピン錠1.25mg「アメル」,98c1303a6957
オランザピン,オランザピン錠5mg「サワイ」,1179044F2114,オランザピン|オランザピン錠「サワイ」,5.0mg,錠,オランザピン錠2.5mg「サワイ」,5a6ead9752fd
オランザピン錠,オランザピン錠5mg「トーワ」,1179044F2149,オランザピン錠|オランザピン錠「トーワ」,5.0mg,錠,オランザピン錠2.5mg「トーワ」,e84d1bc590f4
オランザピン製剤,オランザピン錠5mg「ニプロ」,1179044F2173,オランザピン製剤|オランザピン錠「ニプロ」,5.0mg,錠,オランザピン錠2.5mg「ニプロ」,30675a5afe39
オランザピン,オランザピン錠5mg「日新」,1179044F2165,オランザピン|オランザピン錠「日新」,5.0mg,錠,オランザピン錠2.5mg「日新」,4ca2bd432ae8
オランザピン,オランザピン錠5mg「明治」,1179044F2190,オランザピン|オランザピン錠「明治」,5.0mg,錠,オランザピン錠2.5mg「明治」,5d61e8b7c0a9
オランザピン,オランザピン錠5mg「杏林」,1179044F2106,オランザピン|オランザピン錠「杏林」,5.0mg,錠,オランザピン錠2.5mg「杏林」,4a5e385e9d8e
デキサメタゾンリン酸エステルナトリウム,オルガドロン注射液19mg,2454405H6026,デキサメタゾンリン酸エステルナトリウム|オルガドロン注射液,19.0mg,注射剤,オルガドロン注射液1.9mg,faf4f5d932c1
デキサメタゾンリン酸エステルナトリウム,オルガドロン注射液3.8mg,2454405H4023,デキサメタゾンリン酸エステルナトリウム|オルガドロン注射液,3.8mg,注射剤,オルガドロン注射液1.9mg,faf4f5d932c1
エボカルセト,オルケディア錠2mg,3999044F2020,エボカルセト|オルケディア錠,2.0mg,錠,オルケディア錠1mg,ab987dd4fa82
エボカルセト,オルケディア錠4mg,3999044F3027,エボカルセト|オルケディア錠,4.0mg,錠,オルケディア錠1mg,ab987dd4fa82
エフアネソクトコグ　アルファ（遺伝子組換え）,オルツビーオ静注用1000,6343459D3020,エフアネソクトコグ　アルファ（遺伝子組換え）|オルツビーオ静注用1000,,注射剤,,c254d738b589
エフアネソクトコグ　アルファ（遺伝子組換え）,オルツビーオ静注用2000,6343459D4027,エフアネソクトコグ　アルファ（遺伝子組換え）|オルツビーオ静注用2000,,注射剤,,c254d738b589
エフアネソクトコグ　アルファ（遺伝子組換え）,オルツビーオ静注用3000,6343459D5023,エフアネソクトコグ　アルファ（遺伝子組換え）|オルツビーオ静注用3000,,注射剤,,c254d738b589
エフアネソクトコグ　アルファ（遺伝子組換え）,オルツビーオ静注用4000,6343459D6020,エフアネソクトコグ　アルファ（遺伝子組換え）|オルツビーオ静注用4000,,注射剤,,c254d738b589
エフアネソクトコグ　アルファ（遺伝子組換え）,オルツビーオ静注用500,6343459D2024,エフアネソクトコグ　アルファ（遺伝子組換え）|オルツビーオ静注用500,,注射剤,,c254d738b589
エフトレノナコグ　アルファ（遺伝子組換え）,オルプロリクス静注用1000,6343441D2024,エフトレノナコグ　アルファ（遺伝子組換え）|オルプロリクス静注用1000,,注射剤,,c477fdf84543
エフトレノナコグ　アルファ（遺伝子組換え）,オルプロリクス静注用2000,6343441D3020,エフトレノナコグ　アルファ（遺伝子組換え）|オルプロリクス静注用2000,,注射剤,,c477fdf84543
エフトレノナコグ　アルファ（遺伝子組換え）,オルプロリクス静注用3000,6343441D4027,エフトレノナコグ　アルファ（遺伝子組換え）|オルプロリクス静注用3000,,注射剤,,c477fdf84543
エフトレノナコグ　アルファ（遺伝子組換え）,オルプロリクス静注用4000,6343441D6020,エフトレノナコグ　アルファ（遺伝子組換え）|オルプロリクス静注用4000,,注射剤,,c477fdf84543
エフトレノナコグ　アルファ（遺伝子組換え）,オルプロリクス静注用500,6343441D1028,エフトレノナコグ　アルファ（遺伝子組換え）|オルプロリクス静注用500,,注射剤,,c477fdf84543
シクレソニド,オルベスコ100μgインヘラー112吸入用,2290702G2021,シクレソニド|オルベスコインヘラー112吸入用,100.0μg,吸入剤,オルベスコ50μgインヘラー112吸入用,7cd2c4521b26
シクレソニド,オルベスコ100μgインヘラー56吸入用,2290702G4024,シクレソニド|オルベスコインヘラー56吸入用,100.0μg,吸入剤,,7cd2c4521b26
シクレソニド,オルベスコ200μgインヘラー56吸入用,2290702G3028,シクレソニド|オルベスコインヘラー56吸入用,200.0μg,吸入剤,,7cd2c4521b26
バリシチニブ錠、内用懸濁液,オルミエント内用懸濁液2mg/mL,3999043S1028,バリシチニブ錠、内用懸濁液|オルミエント内用懸濁液/mL,2.0mg,液剤,,b088da99079c
バリシチニブ錠、内用懸濁液,オルミエント錠1mg,3999043F3022,バリシチニブ錠、内用懸濁液|オルミエント錠,1.0mg,錠,オルミエント錠4mg,b088da99079c
バリシチニブ錠、内用懸濁液,オルミエント錠2mg,3999043F1020,バリシチニブ錠、内用懸濁液|オルミエント錠,2.0mg,錠,オルミエント錠4mg,b088da99079c
オルメサルタン　メドキソミル口腔内崩壊錠,オルメサルタンOD錠10mg「DSEP」,2149044F5038,オルメサルタン　メドキソミル口腔内崩壊錠|オルメサルタンOD錠「DSEP」,10.0mg,OD錠,オルメサルタンOD錠5mg「DSEP」,a3c9f590d8d8
オルメサルタン　メドキソミル,オルメサルタンOD錠10mg「サワイ」,2149044F5070,オルメサルタン　メドキソミル|オルメサルタンOD錠「サワイ」,10.0mg,OD錠,オルメサルタンOD錠5mg「サワイ」,8b61ebee6ac4
オルメサルタン メドキソミル口腔内崩壊錠,オルメサルタンOD錠10mg「トーワ」,2149044F5089,オルメサルタン メドキソミル口腔内崩壊錠|オルメサルタンOD錠「トーワ」,10.0mg,OD錠,オルメサルタンOD錠5mg「トーワ」,700de9e8e6ce
オルメサルタン　メドキソミル口腔内崩壊錠,オルメサルタンOD錠10mg「ニプロ」,2149044F5100,オルメサルタン　メドキソミル口腔内崩壊錠|オルメサルタンOD錠「ニプロ」,10.0mg,OD錠,オルメサルタンOD錠5mg「ニプロ」,307486895c04
オルメサルタン　メドキソミル,オルメサルタンOD錠10mg「日医工」,2149044F5097,オルメサルタン　メドキソミル|オルメサルタンOD錠「日医工」,10.0mg,OD錠,オルメサルタンOD錠5mg「日医工」,dcd61d5b6bd0
オルメサルタン　メドキソミル口腔内崩壊錠,オルメサルタンOD錠20mg「DSEP」,2149044F6034,オルメサルタン　メドキソミル口腔内崩壊錠|オルメサルタンOD錠「DSEP」,20.0mg,OD錠,オルメサルタンOD錠5mg「DSEP」,a3c9f590d8d8
オルメサルタン　メドキソミル口腔内崩壊錠,オルメサルタンOD錠20mg「JG」,2149044F6140,オルメサルタン　メドキソミル口腔内崩壊錠|オルメサルタンOD錠「JG」,20.0mg,OD錠,オルメサルタンOD錠10mg「JG」,2f3ed6433782
オルメサルタン　メドキソミル口腔内崩壊錠,オルメサルタンOD錠20mg「オーハラ」,2149044F6123,オルメサルタン　メドキソミル口腔内崩壊錠|オルメサルタンOD錠「オーハラ」,20.0mg,OD錠,オルメサルタンOD錠10mg「オーハラ」,7b5ba8e65500
オルメサルタン　メドキソミル,オルメサルタンOD錠20mg「サワイ」,2149044F6077,オルメサルタン　メドキソミル|オルメサルタンOD錠「サワイ」,20.0mg,OD錠,オルメサルタンOD錠5mg「サワイ」,8b61ebee6ac4
オルメサルタン メドキソミル口腔内崩壊錠,オルメサルタンOD錠20mg「トーワ」,2149044F6085,オルメサルタン メドキソミル口腔内崩壊錠|オルメサルタンOD錠「トーワ」,20.0mg,OD錠,オルメサルタンOD錠5mg「トーワ」,700de9e8e6ce
オルメサルタン　メドキソミル口腔内崩壊錠,オルメサルタンOD錠20mg「ニプロ」,2149044F6107,オルメサルタン　メドキソミル口腔内崩壊錠|オルメサルタンOD錠「ニプロ」,20.0mg,OD錠,オルメサルタンOD錠5mg「ニプロ」,307486895c04
オルメサルタン　メドキソミル,オルメサルタンOD錠20mg「日医工」,2149044F6093,オルメサルタン　メドキソミル|オルメサルタンOD錠「日医工」,20.0mg,OD錠,オルメサルタンOD錠5mg「日医工」,dcd61d5b6bd0
オルメサルタン　メドキソミル口腔内崩壊錠,オルメサルタンOD錠40mg「DSEP」,2149044F7030,オルメサルタン　メドキソミル口腔内崩壊錠|オルメサルタンOD錠「DSEP」,40.0mg,OD錠,オルメサルタンOD錠5mg「DSEP」,a3c9f590d8d8
オルメサルタン　メドキソミル口腔内崩壊錠,オルメサルタンOD錠40mg「JG」,2149044F7138,オルメサルタン　メドキソミル口腔内崩壊錠|オルメサルタンOD錠「JG」,40.0mg,OD錠,オルメサルタンOD錠10mg「JG」,2f3ed6433782
オルメサルタン　メドキソミル口腔内崩壊錠,オルメサルタンOD錠40mg「オーハラ」,2149044F7111,オルメサルタン　メドキソミル口腔内崩壊錠|オルメサルタンOD錠「オーハラ」,40.0mg,OD錠,オルメサルタンOD錠10mg「オーハラ」,7b5ba8e65500
オルメサルタン　メドキソミル,オルメサルタンOD錠40mg「サワイ」,2149044F7065,オルメサルタン　メドキソミル|オルメサルタンOD錠「サワイ」,40.0mg,OD錠,オルメサルタンOD錠5mg「サワイ」,8b61ebee6ac4
オルメサルタン メドキソミル口腔内崩壊錠,オルメサルタンOD錠40mg「トーワ」,2149044F7073,オルメサルタン メドキソミル口腔内崩壊錠|オルメサルタンOD錠「トーワ」,40.0mg,OD錠,オルメサルタンOD錠5mg「トーワ」,700de9e8e6ce
オルメサルタン　メドキソミル口腔内崩壊錠,オルメサルタンOD錠40mg「ニプロ」,2149044F7090,オルメサルタン　メドキソミル口腔内崩壊錠|オルメサルタンOD錠「ニプロ」,40.0mg,OD錠,オルメサルタンOD錠5mg「ニプロ」,307486895c04
オルメサルタン　メドキソミル,オルメサルタンOD錠40mg「日医工」,2149044F7081,オルメサルタン　メドキソミル|オルメサルタンOD錠「日医工」,40.0mg,OD錠,オルメサルタンOD錠5mg「日医工」,dcd61d5b6bd0
オルメサルタン　メドキソミル錠,オルメサルタン錠10mg「JG」,2149044F1032,オルメサルタン　メドキソミル錠|オルメサルタン錠「JG」,10.0mg,錠,オルメサルタン錠5mg「JG」,aa4254fca926
オルメサルタン　メドキソミル錠,オルメサルタン錠10mg「TCK」,2149044F1059,オルメサルタン　メドキソミル錠|オルメサルタン錠「TCK」,10.0mg,錠,オルメサルタン錠5mg「TCK」,fbbb99215727
オルメサルタン　メドキソミル錠,オルメサルタン錠10mg「YD」,2149044F1067,オルメサルタン　メドキソミル錠|オルメサルタン錠「YD」,10.0mg,錠,オルメサルタン錠5mg「YD」,4427d648ad74
オルメサルタン　メドキソミル錠,オルメサルタン錠10mg「オーハラ」,2149044F1075,オルメサルタン　メドキソミル錠|オルメサルタン錠「オーハラ」,10.0mg,錠,オルメサルタン錠5mg「オーハラ」,2b14d6a3d28c
オルメサルタン　メドキソミル,オルメサルタン錠10mg「ケミファ」,2149044F1091,オルメサルタン　メドキソミル|オルメサルタン錠「ケミファ」,10.0mg,錠,オルメサルタン錠5mg「ケミファ」,092156caf871
オルメサルタン　メドキソミル錠,オルメサルタン錠10mg「ツルハラ」,2149044F1113,オルメサルタン　メドキソミル錠|オルメサルタン錠「ツルハラ」,10.0mg,錠,オルメサルタン錠5mg「ツルハラ」,be0a9114cd77
オルメサルタン　メドキソミル,オルメサルタン錠10mg「三和」,2149044F1105,オルメサルタン　メドキソミル|オルメサルタン錠「三和」,10.0mg,錠,オルメサルタン錠5mg「三和」,29e150925048
オルメサルタン　メドキソミル,オルメサルタン錠10mg「日医工」,2149044F1121,オルメサルタン　メドキソミル|オルメサルタン錠「日医工」,10.0mg,錠,オルメサルタン錠5mg「日医工」,44e97dffdfb3
オルメサルタン　メドキソミル,オルメサルタン錠10mg「日新」,2149044F1130,オルメサルタン　メドキソミル|オルメサルタン錠「日新」,10.0mg,錠,オルメサルタン錠5mg「日新」,2aed8e40f993
オルメサルタン　メドキソミル錠,オルメサルタン錠20mg「JG」,2149044F2039,オルメサルタン　メドキソミル錠|オルメサルタン錠「JG」,20.0mg,錠,オルメサルタン錠5mg「JG」,aa4254fca926
オルメサルタン　メドキソミル錠,オルメサルタン錠20mg「TCK」,2149044F2055,オルメサルタン　メドキソミル錠|オルメサルタン錠「TCK」,20.0mg,錠,オルメサルタン錠5mg「TCK」,fbbb99215727
オルメサルタン　メドキソミル錠,オルメサルタン錠20mg「YD」,2149044F2063,オルメサルタン　メドキソミル錠|オルメサルタン錠「YD」,20.0mg,錠,オルメサルタン錠5mg「YD」,4427d648ad74
オルメサルタン　メドキソミル錠,オルメサルタン錠20mg「オーハラ」,2149044F2071,オルメサルタン　メドキソミル錠|オルメサルタン錠「オーハラ」,20.0mg,錠,オルメサルタン錠5mg「オーハラ」,2b14d6a3d28c
オルメサルタン　メドキソミル,オルメサルタン錠20mg「ケミファ」,2149044F2098,オルメサルタン　メドキソミル|オルメサルタン錠「ケミファ」,20.0mg,錠,オルメサルタン錠5mg「ケミファ」,092156caf871
オルメサルタン　メドキソミル錠,オルメサルタン錠20mg「ツルハラ」,2149044F2110,オルメサルタン　メドキソミル錠|オルメサルタン錠「ツルハラ」,20.0mg,錠,オルメサルタン錠5mg「ツルハラ」,be0a9114cd77
オルメサルタン　メドキソミル,オルメサルタン錠20mg「三和」,2149044F2101,オルメサルタン　メドキソミル|オルメサルタン錠「三和」,20.0mg,錠,オルメサルタン錠5mg「三和」,29e150925048
オルメサルタン　メドキソミル,オルメサルタン錠20mg「日医工」,2149044F2128,オルメサルタン　メドキソミル|オルメサルタン錠「日医工」,20.0mg,錠,オルメサルタン錠5mg「日医工」,44e97dffdfb3
オルメサルタン　メドキソミル,オルメサルタン錠20mg「日新」,2149044F2136,オルメサルタン　メドキソミル|オルメサルタン錠「日新」,20.0mg,錠,オルメサルタン錠5mg「日新」,2aed8e40f993
オルメサルタン　メドキソミル錠,オルメサルタン錠40mg「JG」,2149044F4031,オルメサルタン　メドキソミル錠|オルメサルタン錠「JG」,40.0mg,錠,オルメサルタン錠5mg「JG」,aa4254fca926
オルメサルタン　メドキソミル錠,オルメサルタン錠40mg「TCK」,2149044F4058,オルメサルタン　メドキソミル錠|オルメサルタン錠「TCK」,40.0mg,錠,オルメサルタン錠5mg「TCK」,fbbb99215727
オルメサルタン　メドキソミル錠,オルメサルタン錠40mg「YD」,2149044F4066,オルメサルタン　メドキソミル錠|オルメサルタン錠「YD」,40.0mg,錠,オルメサルタン錠5mg「YD」,4427d648ad74
オルメサルタン　メドキソミル錠,オルメサルタン錠40mg「オーハラ」,2149044F4082,オルメサルタン　メドキソミル錠|オルメサルタン錠「オーハラ」,40.0mg,錠,オルメサルタン錠5mg「オーハラ」,2b14d6a3d28c
オルメサルタン　メドキソミル,オルメサルタン錠40mg「ケミファ」,2149044F4104,オルメサルタン　メドキソミル|オルメサルタン錠「ケミファ」,40.0mg,錠,オルメサルタン錠5mg「ケミファ」,092156caf871
オルメサルタン　メドキソミル錠,オルメサルタン錠40mg「ツルハラ」,2149044F4120,オルメサルタン　メドキソミル錠|オルメサルタン錠「ツルハラ」,40.0mg,錠,オルメサルタン錠5mg「ツルハラ」,be0a9114cd77
オルメサルタン　メドキソミル,オルメサルタン錠40mg「三和」,2149044F4112,オルメサルタン　メドキソミル|オルメサルタン錠「三和」,40.0mg,錠,オルメサルタン錠5mg「三和」,29e150925048
オルメサルタン　メドキソミル,オルメサルタン錠40mg「日医工」,2149044F4139,オルメサルタン　メドキソミル|オルメサルタン錠「日医工」,40.0mg,錠,オルメサルタン錠5mg「日医工」,44e97dffdfb3
オルメサルタン　メドキソミル,オルメサルタン錠40mg「日新」,2149044F4147,オルメサルタン　メドキソミル|オルメサルタン錠「日新」,40.0mg,錠,オルメサルタン錠5mg「日新」,2aed8e40f993
オルメサルタン　メドキソミル口腔内崩壊錠,オルメテックOD錠10mg,2149044F5020,オルメサルタン　メドキソミル口腔内崩壊錠|オルメテックOD錠,10.0mg,OD錠,オルメテックOD錠5mg,4476fac75a97
オルメサルタン　メドキソミル口腔内崩壊錠,オルメテックOD錠20mg,2149044F6026,オルメサルタン　メドキソミル口腔内崩壊錠|オルメテックOD錠,20.0mg,OD錠,オルメテックOD錠5mg,4476fac75a97
オルメサルタン　メドキソミル口腔内崩壊錠,オルメテックOD錠40mg,2149044F7022,オルメサルタン　メドキソミル口腔内崩壊錠|オルメテックOD錠,40.0mg,OD錠,オルメテックOD錠5mg,4476fac75a97
アバタセプト（遺伝子組換え）,オレンシア皮下注125mgオートインジェクター1mL,3999429G2024,アバタセプト（遺伝子組換え）|オレンシア皮下注オートインジェクター,125.0mg/1.0ml,注射剤,,925cbade90e9
オロパタジン塩酸塩口腔内崩壊フィルム,オロパタジン塩酸塩ODフィルム5mg「マルホ」,4490025F4081,オロパタジン塩酸塩口腔内崩壊フィルム|オロパタジン塩酸塩ODフィルム「マルホ」,5.0mg,(不明),オロパタジン塩酸塩ODフィルム2.5mg「マルホ」,8758464051c5
オロパタジン塩酸塩,オロパタジン塩酸塩OD錠2.5mg「明治」,4490025F3077,オロパタジン塩酸塩|オロパタジン塩酸塩OD錠「明治」,2.5mg,OD錠,,902d7eccee10
オロパタジン塩酸塩口腔内崩壊錠,オロパタジン塩酸塩OD錠5mg「JG」,4490025F4162,オロパタジン塩酸塩口腔内崩壊錠|オロパタジン塩酸塩OD錠「JG」,5.0mg,OD錠,オロパタジン塩酸塩OD錠2.5mg「JG」,8db40a3a8645
オロパタジン塩酸塩口腔内崩壊錠,オロパタジン塩酸塩OD錠5mg「NIG」,4490025F4200,オロパタジン塩酸塩口腔内崩壊錠|オロパタジン塩酸塩OD錠「NIG」,5.0mg,OD錠,オロパタジン塩酸塩OD錠2.5mg「NIG」,7dee255c29fc
オロパタジン塩酸塩,オロパタジン塩酸塩OD錠5mg「VTRS」,4490025F4197,オロパタジン塩酸塩|オロパタジン塩酸塩OD錠「VTRS」,5.0mg,OD錠,オロパタジン塩酸塩OD錠2.5mg「VTRS」,182220ff9371
オロパタジン塩酸塩,オロパタジン塩酸塩OD錠5mg「ケミファ」,4490025F4111,オロパタジン塩酸塩|オロパタジン塩酸塩OD錠「ケミファ」,5.0mg,OD錠,オロパタジン塩酸塩OD錠2.5mg「ケミファ」,a311229e3335
オロパタジン塩酸塩,オロパタジン塩酸塩OD錠5mg「サワイ」,4490025F4154,オロパタジン塩酸塩|オロパタジン塩酸塩OD錠「サワイ」,5.0mg,OD錠,オロパタジン塩酸塩OD錠2.5mg「サワイ」,dc3924e479a4
オロパタジン塩酸塩,オロパタジン塩酸塩OD錠5mg「タカタ」,4490025F4057,オロパタジン塩酸塩|オロパタジン塩酸塩OD錠「タカタ」,5.0mg,OD錠,オロパタジン塩酸塩OD錠2.5mg「タカタ」,2e9fee9fb9d9
オロパタジン塩酸塩,オロパタジン塩酸塩OD錠5mg「ダイト」,4490025F4219,オロパタジン塩酸塩|オロパタジン塩酸塩OD錠「ダイト」,5.0mg,OD錠,オロパタジン塩酸塩OD錠2.5mg「ダイト」,cfa314cb86b6
オロパタジン塩酸塩口腔内崩壊錠,オロパタジン塩酸塩OD錠5mg「トーワ」,4490025F4146,オロパタジン塩酸塩口腔内崩壊錠|オロパタジン塩酸塩OD錠「トーワ」,5.0mg,OD錠,オロパタジン塩酸塩OD錠2.5mg「トーワ」,eb36f57ea038
オロパタジン塩酸塩,オロパタジン塩酸塩OD錠5mg「フェルゼン」,4490025F4170,オロパタジン塩酸塩|オロパタジン塩酸塩OD錠「フェルゼン」,5.0mg,OD錠,オロパタジン塩酸塩OD錠2.5mg「フェルゼン」,5a8a7b85f373
オロパタジン塩酸塩,オロパタジン塩酸塩OD錠5mg「明治」,4490025F4073,オロパタジン塩酸塩|オロパタジン塩酸塩OD錠「明治」,5.0mg,OD錠,,902d7eccee10
オロパタジン塩酸塩,オロパタジン塩酸塩OD錠5mg「杏林」,4490025F4189,オロパタジン塩酸塩|オロパタジン塩酸塩OD錠「杏林」,5.0mg,OD錠,オロパタジン塩酸塩OD錠2.5mg「杏林」,ce4547a14941
オロパタジン塩酸塩,オロパタジン塩酸塩錠5mg「BMD」,4490025F2046,オロパタジン塩酸塩|オロパタジン塩酸塩錠「BMD」,5.0mg,錠,オロパタジン塩酸塩錠2.5mg「BMD」,6fe196c5f46c
オロパタジン塩酸塩錠,オロパタジン塩酸塩錠5mg「JG」,4490025F2062,オロパタジン塩酸塩錠|オロパタジン塩酸塩錠「JG」,5.0mg,錠,オロパタジン塩酸塩錠2.5mg「JG」,e5302f8ea2d4
オロパタジン塩酸塩,オロパタジン塩酸塩錠5mg「NPI」,4490025F2305,オロパタジン塩酸塩|オロパタジン塩酸塩錠「NPI」,5.0mg,錠,オロパタジン塩酸塩錠2.5mg「NPI」,4b41aa659e8c
オロパタジン塩酸塩,オロパタジン塩酸塩錠5mg「TSU」,4490025F2313,オロパタジン塩酸塩|オロパタジン塩酸塩錠「TSU」,5.0mg,錠,オロパタジン塩酸塩錠2.5mg「TSU」,a36ec8894d3e
オロパタジン塩酸塩,オロパタジン塩酸塩錠5mg「VTRS」,4490025F2321,オロパタジン塩酸塩|オロパタジン塩酸塩錠「VTRS」,5.0mg,錠,オロパタジン塩酸塩錠2.5mg「VTRS」,0c86096f979e
オロパタジン塩酸塩錠,オロパタジン塩酸塩錠5mg「YD」,4490025F2119,オロパタジン塩酸塩錠|オロパタジン塩酸塩錠「YD」,5.0mg,錠,オロパタジン塩酸塩錠2.5mg「YD」,7f9ba02d7b48
オロパタジン塩酸塩,オロパタジン塩酸塩錠5mg「ZE」,4490025F2127,オロパタジン塩酸塩|オロパタジン塩酸塩錠「ZE」,5.0mg,錠,オロパタジン塩酸塩錠2.5mg「ZE」,25c50bf196a8
日本薬局方　オロパタジン塩酸塩錠,オロパタジン塩酸塩錠5mg「クニヒロ」,4490025F2291,日本薬局方　オロパタジン塩酸塩錠|オロパタジン塩酸塩錠「クニヒロ」,5.0mg,錠,オロパタジン塩酸塩錠2.5mg「クニヒロ」,39ea32fcba3e
オロパタジン塩酸塩,オロパタジン塩酸塩錠5mg「ケミファ」,4490025F2160,オロパタジン塩酸塩|オロパタジン塩酸塩錠「ケミファ」,5.0mg,錠,オロパタジン塩酸塩錠2.5mg「ケミファ」,dfc3c1cc5bfd
オロパタジン塩酸塩,オロパタジン塩酸塩錠5mg「サワイ」,4490025F2194,オロパタジン塩酸塩|オロパタジン塩酸塩錠「サワイ」,5.0mg,錠,オロパタジン塩酸塩錠2.5mg「サワイ」,7b1eb52dde6d
オロパタジン塩酸塩,オロパタジン塩酸塩錠5mg「サンド」,4490025F2208,オロパタジン塩酸塩|オロパタジン塩酸塩錠「サンド」,5.0mg,錠,オロパタジン塩酸塩錠2.5mg「サンド」,c7f428a03a9b
オロパタジン塩酸塩,オロパタジン塩酸塩錠5mg「タカタ」,4490025F2216,オロパタジン塩酸塩|オロパタジン塩酸塩錠「タカタ」,5.0mg,錠,オロパタジン塩酸塩錠2.5mg「タカタ」,a9142336944f
オロパタジン塩酸塩,オロパタジン塩酸塩錠5mg「ダイト」,4490025F2348,オロパタジン塩酸塩|オロパタジン塩酸塩錠「ダイト」,5.0mg,錠,オロパタジン塩酸塩錠2.5mg「ダイト」,dfe87d9a5cd8
オロパタジン塩酸塩錠,オロパタジン塩酸塩錠5mg「トーワ」,4490025F2232,オロパタジン塩酸塩錠|オロパタジン塩酸塩錠「トーワ」,5.0mg,錠,オロパタジン塩酸塩錠2.5mg「トーワ」,634dc2e969c4
オロパタジン塩酸塩,オロパタジン塩酸塩錠5mg「フェルゼン」,4490025F2330,オロパタジン塩酸塩|オロパタジン塩酸塩錠「フェルゼン」,5.0mg,錠,オロパタジン塩酸塩錠2.5mg「フェルゼン」,c12831791d83
オロパタジン塩酸塩錠,オロパタジン塩酸塩錠5mg「日医工」,4490025F2240,オロパタジン塩酸塩錠|オロパタジン塩酸塩錠「日医工」,5.0mg,錠,オロパタジン塩酸塩錠2.5mg「日医工」,4f63de901803
オロパタジン塩酸塩,オロパタジン塩酸塩錠5mg「明治」,4490025F2275,オロパタジン塩酸塩|オロパタジン塩酸塩錠「明治」,5.0mg,錠,オロパタジン塩酸塩錠2.5mg「明治」,902d7eccee10
オロパタジン塩酸塩,オロパタジン塩酸塩錠5mg「杏林」,4490025F2151,オロパタジン塩酸塩|オロパタジン塩酸塩錠「杏林」,5.0mg,錠,オロパタジン塩酸塩錠2.5mg「杏林」,a5e9861de5bb
サキサグリプチン水和物,オングリザ錠5mg,3969017F2024,サキサグリプチン水和物|オングリザ錠,5.0mg,錠,オングリザ錠2.5mg,f06adce79391
"オンダンセトロン塩酸塩水和物口腔内崩壊フィルム
Ondansetron OD Film",オンダンセトロンODフィルム2mg「GFP」,2391001F3023,"オンダンセトロン塩酸塩水和物口腔内崩壊フィルム
Ondansetron OD Film|オンダンセトロンODフィルム「GFP」",2.0mg,(不明),オンダンセトロンODフィルム4mg「GFP」,11cbcc12fcc4
ミリキズマブ（遺伝子組換え）注射液,オンボー皮下注100mgシリンジ,2399407G1024,ミリキズマブ（遺伝子組換え）注射液|オンボー皮下注シリンジ,100.0mg,注射剤,,3dd50a768319
ミリキズマブ（遺伝子組換え）注射液,オンボー皮下注200mgオートインジェクター,2399407G4023,ミリキズマブ（遺伝子組換え）注射液|オンボー皮下注オートインジェクター,200.0mg,注射剤,オンボー皮下注100mgオートインジェクター,3dd50a768319
ミリキズマブ（遺伝子組換え）注射液,オンボー皮下注200mgシリンジ,2399407G3027,ミリキズマブ（遺伝子組換え）注射液|オンボー皮下注シリンジ,200.0mg,注射剤,,3dd50a768319
ホルモテロールフマル酸塩水和物吸入剤,オーキシス9µgタービュヘイラー60吸入,2259711G2020,ホルモテロールフマル酸塩水和物吸入剤|オーキシスタービュヘイラー60吸入,9.0μg,(不明),,3a203de081bd
クラブラン酸カリウムアモキシシリン水和物,オーグメンチン配合錠250RS,6139100F2044,クラブラン酸カリウムアモキシシリン水和物|オーグメンチン配合錠250RS,,錠,,e5375369c561
オベポレクストン,オーゼイフル錠1mg,11900C4F2029,オベポレクストン|オーゼイフル錠,1.0mg,錠,オーゼイフル錠0.5mg,eff2dbc35d32
オベポレクストン,オーゼイフル錠2mg,11900C4F3025,オベポレクストン|オーゼイフル錠,2.0mg,錠,オーゼイフル錠0.5mg,eff2dbc35d32
レポトレクチニブ,オータイロカプセル160mg,4291086M2021,レポトレクチニブ|オータイロカプセル,160.0mg,カプセル,オータイロカプセル40mg,78028e66a8c7
"ニチシノンカプセル
Nitisinone",オーファディンカプセル10mg,3999036M3021,"ニチシノンカプセル
Nitisinone|オーファディンカプセル",10.0mg,カプセル,オーファディンカプセル2mg,60610b11d58e
"ニチシノンカプセル
Nitisinone",オーファディンカプセル5mg,3999036M2025,"ニチシノンカプセル
Nitisinone|オーファディンカプセル",5.0mg,カプセル,オーファディンカプセル2mg,60610b11d58e
リドカイン塩酸塩・アドレナリン酒石酸水素塩注射剤,オーラ注歯科用カートリッジ1.8mL,2710803U1044,リドカイン塩酸塩・アドレナリン酒石酸水素塩注射剤|オーラ注歯科用カートリッジ,1.8ml,注射剤,オーラ注歯科用カートリッジ1.0mL,4417fc5855d1
グラニセトロン塩酸塩,カイトリル注3mg,2391400A4020,グラニセトロン塩酸塩|カイトリル注,3.0mg,注射剤,カイトリル注1mg,48467b6fe63d
グラニセトロン塩酸塩,カイトリル点滴静注バッグ3mg/100mL,2391400G1130,グラニセトロン塩酸塩|カイトリル点滴静注バッグ/,3.0mg/100.0ml,注射剤,,48467b6fe63d
グラニセトロン塩酸塩,カイトリル細粒0.4％,2391002C1037,グラニセトロン塩酸塩|カイトリル細粒,0.4%,(不明),,94716fddf17c
グラニセトロン塩酸塩,カイトリル錠2mg,2391002F2021,グラニセトロン塩酸塩|カイトリル錠,2.0mg,錠,カイトリル錠1mg,94716fddf17c
カルフィルゾミブ製剤,カイプロリス点滴静注用40mg,4291433D2022,カルフィルゾミブ製剤|カイプロリス点滴静注用,40.0mg,注射剤,カイプロリス点滴静注用10mg,15a80f5541bf
日本薬局方　ビカルタミド錠ビカルタミド口腔内崩壊錠,カソデックスOD錠80mg,4291009F2027,日本薬局方　ビカルタミド錠ビカルタミド口腔内崩壊錠|カソデックスOD錠,80.0mg,OD錠,,8263adaf0070
クロニジン塩酸塩製剤,カタプレス錠150µg,2149001F2065,クロニジン塩酸塩製剤|カタプレス錠,150.0μg,錠,カタプレス錠75µg,fedef3fa53a1
"フィトナジオン錠
フィトナジオン散",カチーフN散10mg/g,3160001B1069,"フィトナジオン錠
フィトナジオン散|カチーフN散/g",10.0mg,散剤,,9321e0c733ec
カンデサルタン シレキセチル・ヒドロクロロチアジド,カデチア配合錠HD「あすか」,2149111F2032,カンデサルタン シレキセチル・ヒドロクロロチアジド|カデチア配合錠HD「あすか」,,錠,,6eb80c6c2c95
カンデサルタン シレキセチル・ヒドロクロロチアジド錠,カデチア配合錠HD「テバ」,2149111F2040,カンデサルタン シレキセチル・ヒドロクロロチアジド錠|カデチア配合錠HD「テバ」,,錠,,e53ad112c529
ヨウ素,カデックス軟膏分包153mg,2699704M3028,ヨウ素|カデックス軟膏分包,153.0mg,軟膏,カデックス軟膏分包45mg,9d9023c3b031
アムロジピンベシル酸塩・アトルバスタチンカルシウム水和物,カデュエット配合錠2番,2190102F1025,アムロジピンベシル酸塩・アトルバスタチンカルシウム水和物|カデュエット配合錠2番,,錠,,5ae22fcb5d1b
アムロジピンベシル酸塩・アトルバスタチンカルシウム水和物,カデュエット配合錠3番,2190103F1020,アムロジピンベシル酸塩・アトルバスタチンカルシウム水和物|カデュエット配合錠3番,,錠,,5ae22fcb5d1b
アムロジピンベシル酸塩・アトルバスタチンカルシウム水和物,カデュエット配合錠4番,2190104F1024,アムロジピンベシル酸塩・アトルバスタチンカルシウム水和物|カデュエット配合錠4番,,錠,,5ae22fcb5d1b
インドメタシン製剤,カトレップテープ35mg,2649719S2041,インドメタシン製剤|カトレップテープ,35.0mg,貼付剤,,29ce03af2da9
インドメタシン製剤,カトレップテープ70mg,2649719S1347,インドメタシン製剤|カトレップテープ,70.0mg,貼付剤,,29ce03af2da9
トラスツズマブ　エムタンシン（遺伝子組換え）,カドサイラ点滴静注用160mg,4291426D2022,トラスツズマブ　エムタンシン（遺伝子組換え）|カドサイラ点滴静注用,160.0mg,注射剤,カドサイラ点滴静注用100mg,25b6471aa6bf
"カナグリフロジン水和物錠
カナグリフロジン水和物口腔内崩壊錠",カナグルOD錠100mg,3969022F2025,"カナグリフロジン水和物錠
カナグリフロジン水和物口腔内崩壊錠|カナグルOD錠",100.0mg,OD錠,,f368d89aa3e0
"テネリグリプチン臭化水素酸塩水和物・カナグリフロジン水和物配合錠
テネリグリプチン臭化水素酸塩水和物・カナグリフロジン水和物配合口腔内崩壊錠",カナリア配合OD錠,3969106F2024,"テネリグリプチン臭化水素酸塩水和物・カナグリフロジン水和物配合錠
テネリグリプチン臭化水素酸塩水和物・カナグリフロジン水和物配合口腔内崩壊錠|カナリア配合OD錠",,OD錠,,7b82c80dc894
カベルゴリン,カバサール錠1.0mg,1169011F2024,カベルゴリン|カバサール錠,1.0mg,錠,カバサール錠0.25mg,22b17d46f126
カプトプリル製剤,カプトリル細粒5%,2144001C1074,カプトプリル製剤|カプトリル細粒,5.0%,(不明),,e3c652134506
カプトプリル製剤,カプトリル錠25mg,2144001F2026,カプトプリル製剤|カプトリル錠,25.0mg,錠,カプトリル錠12.5mg,e3c652134506
カベルゴリン,カベルゴリン錠1.0mg「サワイ」,1169011F2040,カベルゴリン|カベルゴリン錠「サワイ」,1.0mg,錠,カベルゴリン錠0.25mg「サワイ」,6b769a80a221
カボザンチニブリンゴ酸塩錠,カボメティクス錠60mg,4291064F2026,カボザンチニブリンゴ酸塩錠|カボメティクス錠,60.0mg,錠,カボメティクス錠20mg,21b3b928bcd6
酸化エチレン,カポックス-20,732970AQ2056,酸化エチレン|カポックス-20,,(不明),,820263206e17
酸化エチレン,カポックス-30,732970AQ3036,酸化エチレン|カポックス-30,,(不明),,820263206e17
マバカムテン,カムザイオスカプセル2.5mg,2190047M2020,マバカムテン|カムザイオスカプセル,2.5mg,カプセル,カムザイオスカプセル1mg,8079824207ea
マバカムテン,カムザイオスカプセル5mg,2190047M3026,マバカムテン|カムザイオスカプセル,5.0mg,カプセル,カムザイオスカプセル1mg,8079824207ea
カンデサルタン　シレキセチル・アムロジピンベシル酸塩錠,カムシア配合錠HD「NIG」,2149116F2094,カンデサルタン　シレキセチル・アムロジピンベシル酸塩錠|カムシア配合錠HD「NIG」,,錠,,c86c00377d35
カンデサルタン シレキセチル・アムロジピンベシル酸塩,カムシア配合錠HD「あすか」,2149116F2035,カンデサルタン シレキセチル・アムロジピンベシル酸塩|カムシア配合錠HD「あすか」,,錠,,79246edd34e4
カンデサルタン　シレキセチル・アムロジピンベシル酸塩錠,カムシア配合錠HD「サンド」,2149116F2043,カンデサルタン　シレキセチル・アムロジピンベシル酸塩錠|カムシア配合錠HD「サンド」,,錠,,1e6ebc9e6577
カンデサルタン シレキセチル・アムロジピンベシル酸塩錠,カムシア配合錠HD「トーワ」,2149116F2086,カンデサルタン シレキセチル・アムロジピンベシル酸塩錠|カムシア配合錠HD「トーワ」,,錠,,868a3f0d8fbe
カンデサルタン シレキセチル・アムロジピンベシル酸塩配合錠,カムシア配合錠HD「ニプロ」,2149116F2051,カンデサルタン シレキセチル・アムロジピンベシル酸塩配合錠|カムシア配合錠HD「ニプロ」,,錠,,651cc74a34b4
"カンデサルタン シレキセチル
アムロジピンベシル酸塩",カムシア配合錠HD「日新」,2149116F2078,"カンデサルタン シレキセチル
アムロジピンベシル酸塩|カムシア配合錠HD「日新」",,錠,,1ee0b707ea92
カリジノゲナーゼ,カリジノゲナーゼ錠50単位「日医工」,2491001F6192,カリジノゲナーゼ|カリジノゲナーゼ錠「日医工」,50.0単位,錠,カリジノゲナーゼ錠25単位「日医工」,b398e8456019
デノパミン製剤,カルグート細粒5%,2119004C1032,デノパミン製剤|カルグート細粒,5.0%,(不明),,27bd3244f74d
デノパミン製剤,カルグート錠10,2119004F2027,デノパミン製剤|カルグート錠10,,錠,,27bd3244f74d
"レボドパ
カルビドパ水和物",カルコーパ配合錠L250,1169101F2061,"レボドパ
カルビドパ水和物|カルコーパ配合錠L250",,錠,,ab2a476ce018
カルシトリオール,カルシトリオールカプセル0.5μg「BMD」,3112004M2224,カルシトリオール|カルシトリオールカプセル「BMD」,0.5μg,カプセル,カルシトリオールカプセル0.25μg「BMD」,5f6e8b3f0ad8
カルシトリオールカプセル,カルシトリオールカプセル0.5μg「NIG」,3112004M2240,カルシトリオールカプセル|カルシトリオールカプセル「NIG」,0.5μg,カプセル,カルシトリオールカプセル0.25μg「NIG」,6541ebe11f03
カルシトリオールカプセル,カルシトリオールカプセル0.5μg「YD」,3112004M2194,カルシトリオールカプセル|カルシトリオールカプセル「YD」,0.5μg,カプセル,カルシトリオールカプセル0.25μg「YD」,92571b898bb2
カルシトリオール,カルシトリオールカプセル0.5μg「サワイ」,3112004M2216,カルシトリオール|カルシトリオールカプセル「サワイ」,0.5μg,カプセル,カルシトリオールカプセル0.25μg「サワイ」,15a7754974b4
カルシトリオール,カルシトリオール静注液1μg「F」,3112402A2035,カルシトリオール|カルシトリオール静注液「F」,1.0μg,注射剤,カルシトリオール静注液0.5μg「F」,733c9e69715b
マニジピン塩酸塩錠,カルスロット錠10,2149027F2027,マニジピン塩酸塩錠|カルスロット錠10,,錠,,2e3a10989023
マニジピン塩酸塩錠,カルスロット錠20,2149027F3023,マニジピン塩酸塩錠|カルスロット錠20,,錠,,2e3a10989023
アムルビシン塩酸塩,カルセド注射用50mg,4235406D2026,アムルビシン塩酸塩|カルセド注射用,50.0mg,注射剤,カルセド注射用20mg,fe034d8f5ba4
グルコン酸カルシウム水和物,カルチコール注射液8.5%10mL,3213400A3043,グルコン酸カルシウム水和物|カルチコール注射液,8.5%/10.0ml,注射剤,カルチコール注射液8.5%5mL,e199728e8651
カルテオロール塩酸塩持続性点眼液,カルテオロール塩酸塩LA点眼液2％「わかもと」,1319701Q4039,カルテオロール塩酸塩持続性点眼液|カルテオロール塩酸塩LA点眼液「わかもと」,2.0%,点眼剤,カルテオロール塩酸塩LA点眼液1％「わかもと」,9c91edc07154
カルテオロール塩酸塩点眼液,カルテオロール塩酸塩PF点眼液2％「日点」,1319701Q2109,カルテオロール塩酸塩点眼液|カルテオロール塩酸塩PF点眼液「日点」,2.0%,点眼剤,カルテオロール塩酸塩PF点眼液1％「日点」,d07943d4985e
カルテオロール塩酸塩,カルテオロール塩酸塩点眼液2％「わかもと」,1319701Q2095,カルテオロール塩酸塩|カルテオロール塩酸塩点眼液「わかもと」,2.0%,点眼剤,カルテオロール塩酸塩点眼液1％「わかもと」,8ca5dc8d5276
カルテオロール塩酸塩点眼液,カルテオロール塩酸塩点眼液2％「ニッテン」,1319701Q2117,カルテオロール塩酸塩点眼液|カルテオロール塩酸塩点眼液「ニッテン」,2.0%,点眼剤,カルテオロール塩酸塩点眼液1％「ニッテン」,fed1e9f7b949
カルテオロール塩酸塩点眼液,カルテオロール塩酸塩点眼液2％「ニットー」,1319701Q2125,カルテオロール塩酸塩点眼液|カルテオロール塩酸塩点眼液「ニットー」,2.0%,点眼剤,カルテオロール塩酸塩点眼液1％「ニットー」,e09b33580a0d
ドキサゾシンメシル酸塩,カルデナリンOD錠0.5mg,2149026F5021,ドキサゾシンメシル酸塩|カルデナリンOD錠,0.5mg,OD錠,,a07a4ce017c7
ドキサゾシンメシル酸塩,カルデナリンOD錠1mg,2149026F6028,ドキサゾシンメシル酸塩|カルデナリンOD錠,1.0mg,OD錠,,a07a4ce017c7
ドキサゾシンメシル酸塩,カルデナリンOD錠2mg,2149026F7024,ドキサゾシンメシル酸塩|カルデナリンOD錠,2.0mg,OD錠,,a07a4ce017c7
ドキサゾシンメシル酸塩,カルデナリンOD錠4mg,2149026F8020,ドキサゾシンメシル酸塩|カルデナリンOD錠,4.0mg,OD錠,,a07a4ce017c7
ドキサゾシンメシル酸塩,カルデナリン錠1mg,2149026F2022,ドキサゾシンメシル酸塩|カルデナリン錠,1.0mg,錠,カルデナリン錠0.5mg,a07a4ce017c7
ドキサゾシンメシル酸塩,カルデナリン錠2mg,2149026F3029,ドキサゾシンメシル酸塩|カルデナリン錠,2.0mg,錠,カルデナリン錠0.5mg,a07a4ce017c7
ドキサゾシンメシル酸塩,カルデナリン錠4mg,2149026F4025,ドキサゾシンメシル酸塩|カルデナリン錠,4.0mg,錠,カルデナリン錠0.5mg,a07a4ce017c7
カリジノゲナーゼ製剤,カルナクリンカプセル25,2491001M3044,カリジノゲナーゼ製剤|カルナクリンカプセル25,,カプセル,,0dc4ace9c238
カリジノゲナーゼ製剤,カルナクリン錠50,2491001F6060,カリジノゲナーゼ製剤|カルナクリン錠50,,錠,,0dc4ace9c238
カルバゾクロムスルホン酸ナトリウム水和物製剤,カルバゾクロムスルホン酸Na細粒10%「ツルハラ」,3321002C1150,カルバゾクロムスルホン酸ナトリウム水和物製剤|カルバゾクロムスルホン酸Na細粒「ツルハラ」,10.0%,(不明),,c96d87a381c5
カルバゾクロムスルホン酸ナトリウム水和物注射液,カルバゾクロムスルホン酸Na静注100mg「フソー」,3321401A4262,カルバゾクロムスルホン酸ナトリウム水和物注射液|カルバゾクロムスルホン酸Na静注「フソー」,100.0mg,注射剤,カルバゾクロムスルホン酸Na静注25mg「フソー」,d52b24adc437
カルバゾクロムスルホン酸ナトリウム水和物注射液,カルバゾクロムスルホン酸Na静注50mg「フソー」,3321401A3193,カルバゾクロムスルホン酸ナトリウム水和物注射液|カルバゾクロムスルホン酸Na静注「フソー」,50.0mg,注射剤,カルバゾクロムスルホン酸Na静注25mg「フソー」,d52b24adc437
カルバゾクロムスルホン酸ナトリウム水和物,カルバゾクロムスルホン酸ナトリウム錠30mg「日医工」,3321002F2404,カルバゾクロムスルホン酸ナトリウム水和物|カルバゾクロムスルホン酸ナトリウム錠「日医工」,30.0mg,錠,カルバゾクロムスルホン酸ナトリウム錠10mg「日医工」,780c9c329adc
カルバゾクロムスルホン酸ナトリウム水和物注射液,カルバゾクロムスルホン酸ナトリウム静注液100mg「日医工」,3321401A4246,カルバゾクロムスルホン酸ナトリウム水和物注射液|カルバゾクロムスルホン酸ナトリウム静注液「日医工」,100.0mg,注射剤,カルバゾクロムスルホン酸ナトリウム静注液25mg「日医工」,52440cf10d06
カルバゾクロムスルホン酸ナトリウム水和物注射液,カルバゾクロムスルホン酸ナトリウム静注液50mg「日医工」,3321401A3185,カルバゾクロムスルホン酸ナトリウム水和物注射液|カルバゾクロムスルホン酸ナトリウム静注液「日医工」,50.0mg,注射剤,カルバゾクロムスルホン酸ナトリウム静注液25mg「日医工」,52440cf10d06
カルバマゼピン,カルバマゼピン細粒50％「アメル」,1139002C1066,カルバマゼピン|カルバマゼピン細粒「アメル」,50.0%,(不明),,3121f3f0d588
カルバマゼピン,カルバマゼピン細粒50％「フジナガ」,1139002C1090,カルバマゼピン|カルバマゼピン細粒「フジナガ」,50.0%,(不明),,083ec3bb5d95
カルバマゼピン,カルバマゼピン錠200mg「アメル」,1139002F1070,カルバマゼピン|カルバマゼピン錠「アメル」,200.0mg,錠,カルバマゼピン錠100mg「アメル」,3121f3f0d588
カルバマゼピン,カルバマゼピン錠200mg「フジナガ」,1139002F1100,カルバマゼピン|カルバマゼピン錠「フジナガ」,200.0mg,錠,カルバマゼピン錠100mg「フジナガ」,083ec3bb5d95
ベバントロール塩酸塩製剤,カルバン錠100,2149036F3022,ベバントロール塩酸塩製剤|カルバン錠100,,錠,,48c0dcf934ca
ベバントロール塩酸塩製剤,カルバン錠50,2149036F2026,ベバントロール塩酸塩製剤|カルバン錠50,,錠,,48c0dcf934ca
歯科用水酸化カルシウム・ヨードホルム・パラブチルアミノ安息香酸ジエチルアミノエチル塩酸塩配合剤,カルビタール液,2750802V1024,歯科用水酸化カルシウム・ヨードホルム・パラブチルアミノ安息香酸ジエチルアミノエチル塩酸塩配合剤|カルビタール液,,液剤,,d420e1a094fe
アゼルニジピン,カルブロック錠16mg,2149043F2026,アゼルニジピン|カルブロック錠,16.0mg,錠,カルブロック錠8mg,22bb5bf1cf86
カルベジロール,カルベジロール錠10mg「DSEP」,2149032F1170,カルベジロール|カルベジロール錠「DSEP」,10.0mg,錠,カルベジロール錠1.25mg「DSEP」,ede86f29630f
カルベジロール錠,カルベジロール錠10mg「JG」,2149032F1137,カルベジロール錠|カルベジロール錠「JG」,10.0mg,錠,カルベジロール錠1.25mg「JG」,27b8a8b7b9b5
カルベジロール,カルベジロール錠10mg「Me」,2149032F1161,カルベジロール|カルベジロール錠「Me」,10.0mg,錠,カルベジロール錠1.25mg「Me」,672df1e64e83
カルベジロール錠,カルベジロール錠10mg「NIG」,2149032F1188,カルベジロール錠|カルベジロール錠「NIG」,10.0mg,錠,カルベジロール錠1.25mg「NIG」,85e4a571a112
カルベジロール,カルベジロール錠10mg「VTRS」,2149032F1196,カルベジロール|カルベジロール錠「VTRS」,10.0mg,錠,カルベジロール錠1.25mg「VTRS」,b5522dc566d7
カルベジロール,カルベジロール錠10mg「アメル」,2149032F1080,カルベジロール|カルベジロール錠「アメル」,10.0mg,錠,カルベジロール錠1.25mg「アメル」,8c70d4175920
カルベジロール,カルベジロール錠10mg「サワイ」,2149032F1099,カルベジロール|カルベジロール錠「サワイ」,10.0mg,錠,カルベジロール錠1.25mg「サワイ」,4222f6aa0921
カルベジロール錠,カルベジロール錠10mg「トーワ」,2149032F1129,カルベジロール錠|カルベジロール錠「トーワ」,10.0mg,錠,カルベジロール錠1.25mg「トーワ」,67a4e815d9f1
カルベジロール錠,カルベジロール錠10mg「ニプロ」,2149032F1200,カルベジロール錠|カルベジロール錠「ニプロ」,10.0mg,錠,カルベジロール錠1.25mg「ニプロ」,77f92ca09614
カルベジロール,カルベジロール錠2.5mg「DSEP」,2149032F4128,カルベジロール|カルベジロール錠「DSEP」,2.5mg,錠,カルベジロール錠1.25mg「DSEP」,ede86f29630f
カルベジロール錠,カルベジロール錠2.5mg「JG」,2149032F4047,カルベジロール錠|カルベジロール錠「JG」,2.5mg,錠,カルベジロール錠1.25mg「JG」,27b8a8b7b9b5
カルベジロール,カルベジロール錠2.5mg「Me」,2149032F4110,カルベジロール|カルベジロール錠「Me」,2.5mg,錠,カルベジロール錠1.25mg「Me」,672df1e64e83
カルベジロール錠,カルベジロール錠2.5mg「NIG」,2149032F4136,カルベジロール錠|カルベジロール錠「NIG」,2.5mg,錠,カルベジロール錠1.25mg「NIG」,85e4a571a112
カルベジロール錠,カルベジロール錠2.5mg「TCK」,2149032F4055,カルベジロール錠|カルベジロール錠「TCK」,2.5mg,錠,カルベジロール錠1.25mg「TCK」; カルベジロール錠10mg「TCK」,791386a22ac2
カルベジロール,カルベジロール錠2.5mg「VTRS」,2149032F4144,カルベジロール|カルベジロール錠「VTRS」,2.5mg,錠,カルベジロール錠1.25mg「VTRS」,b5522dc566d7
カルベジロール,カルベジロール錠2.5mg「アメル」,2149032F4063,カルベジロール|カルベジロール錠「アメル」,2.5mg,錠,カルベジロール錠1.25mg「アメル」,8c70d4175920
カルベジロール,カルベジロール錠2.5mg「サワイ」,2149032F4039,カルベジロール|カルベジロール錠「サワイ」,2.5mg,錠,カルベジロール錠1.25mg「サワイ」,4222f6aa0921
カルベジロール錠,カルベジロール錠2.5mg「トーワ」,2149032F4098,カルベジロール錠|カルベジロール錠「トーワ」,2.5mg,錠,カルベジロール錠1.25mg「トーワ」,67a4e815d9f1
カルベジロール錠,カルベジロール錠2.5mg「ニプロ」,2149032F4152,カルベジロール錠|カルベジロール錠「ニプロ」,2.5mg,錠,カルベジロール錠1.25mg「ニプロ」,77f92ca09614
カルベジロール,カルベジロール錠20mg「DSEP」,2149032F2176,カルベジロール|カルベジロール錠「DSEP」,20.0mg,錠,カルベジロール錠1.25mg「DSEP」,ede86f29630f
カルベジロール錠,カルベジロール錠20mg「JG」,2149032F2133,カルベジロール錠|カルベジロール錠「JG」,20.0mg,錠,カルベジロール錠1.25mg「JG」,27b8a8b7b9b5
カルベジロール,カルベジロール錠20mg「Me」,2149032F2168,カルベジロール|カルベジロール錠「Me」,20.0mg,錠,カルベジロール錠1.25mg「Me」,672df1e64e83
カルベジロール錠,カルベジロール錠20mg「NIG」,2149032F2184,カルベジロール錠|カルベジロール錠「NIG」,20.0mg,錠,カルベジロール錠1.25mg「NIG」,85e4a571a112
カルベジロール錠,カルベジロール錠20mg「TCK」,2149032F2150,カルベジロール錠|カルベジロール錠「TCK」,20.0mg,錠,カルベジロール錠1.25mg「TCK」; カルベジロール錠10mg「TCK」,c27ea6fdd998
カルベジロール,カルベジロール錠20mg「VTRS」,2149032F2192,カルベジロール|カルベジロール錠「VTRS」,20.0mg,錠,カルベジロール錠1.25mg「VTRS」,b5522dc566d7
カルベジロール,カルベジロール錠20mg「アメル」,2149032F2087,カルベジロール|カルベジロール錠「アメル」,20.0mg,錠,カルベジロール錠1.25mg「アメル」,8c70d4175920
カルベジロール,カルベジロール錠20mg「サワイ」,2149032F2095,カルベジロール|カルベジロール錠「サワイ」,20.0mg,錠,カルベジロール錠1.25mg「サワイ」,4222f6aa0921
カルベジロール錠,カルベジロール錠20mg「トーワ」,2149032F2125,カルベジロール錠|カルベジロール錠「トーワ」,20.0mg,錠,カルベジロール錠1.25mg「トーワ」,67a4e815d9f1
カルベジロール錠,カルベジロール錠20mg「ニプロ」,2149032F2206,カルベジロール錠|カルベジロール錠「ニプロ」,20.0mg,錠,カルベジロール錠1.25mg「ニプロ」,77f92ca09614
パニペネムベタミプロン,カルベニン点滴用0.5g,6139503D2023,パニペネムベタミプロン|カルベニン点滴用,0.5g,(不明),カルベニン点滴用0.25g,cc1951c67e9c
メピバカイン塩酸塩,カルボカインアンプル注0.5％,1214402A6040,メピバカイン塩酸塩|カルボカインアンプル注,0.5%,注射剤,カルボカインアンプル注0.5％,c317ebba69d0
メピバカイン塩酸塩,カルボカインアンプル注1％,1214402A8042,メピバカイン塩酸塩|カルボカインアンプル注,1.0%,注射剤,カルボカインアンプル注0.5％,c317ebba69d0
メピバカイン塩酸塩,カルボカインアンプル注1％,1214402A9049,メピバカイン塩酸塩|カルボカインアンプル注,1.0%,注射剤,カルボカインアンプル注0.5％,c317ebba69d0
メピバカイン塩酸塩,カルボカインアンプル注1％,1214402H1046,メピバカイン塩酸塩|カルボカインアンプル注,1.0%,注射剤,カルボカインアンプル注0.5％,c317ebba69d0
メピバカイン塩酸塩,カルボカインアンプル注2％,1214402H5041,メピバカイン塩酸塩|カルボカインアンプル注,2.0%,注射剤,カルボカインアンプル注0.5％,c317ebba69d0
メピバカイン塩酸塩,カルボカインアンプル注2％,1214402H3049,メピバカイン塩酸塩|カルボカインアンプル注,2.0%,注射剤,カルボカインアンプル注0.5％,c317ebba69d0
メピバカイン塩酸塩,カルボカインアンプル注2％,1214402H4045,メピバカイン塩酸塩|カルボカインアンプル注,2.0%,注射剤,カルボカインアンプル注0.5％,c317ebba69d0
L-カルボシステイン,カルボシステイン細粒50%「ツルハラ」,2233002C1089,L-カルボシステイン|カルボシステイン細粒「ツルハラ」,50.0%,(不明),,27063b004933
"L
-カルボシステイン錠",カルボシステイン錠500mg「JG」,2233002F2146,"L
-カルボシステイン錠|カルボシステイン錠「JG」",500.0mg,錠,カルボシステイン錠250mg「JG」,66579e454c49
L-カルボシステイン錠,カルボシステイン錠500mg「NIG」,2233002F2170,L-カルボシステイン錠|カルボシステイン錠「NIG」,500.0mg,錠,カルボシステイン錠250mg「NIG」,678dfd0222d4
L-カルボシステイン錠,カルボシステイン錠500mg「TCK」,2233002F2154,L-カルボシステイン錠|カルボシステイン錠「TCK」,500.0mg,錠,カルボシステイン錠250mg「TCK」,c6f01dcea456
L-カルボシステイン,カルボシステイン錠500mg「サワイ」,2233002F2103,L-カルボシステイン|カルボシステイン錠「サワイ」,500.0mg,錠,カルボシステイン錠250mg「サワイ」,151cfb9bae46
L-カルボシステイン,カルボシステイン錠500mg「ツルハラ」,2233002F2162,L-カルボシステイン|カルボシステイン錠「ツルハラ」,500.0mg,錠,カルボシステイン錠250mg「ツルハラ」,27063b004933
L-カルボシステイン錠,カルボシステイン錠500mg「トーワ」,2233002F2111,L-カルボシステイン錠|カルボシステイン錠「トーワ」,500.0mg,錠,カルボシステイン錠250mg「トーワ」,526790dd6a70
カルボプラチン,カルボプラチン注射液150mg「NK」,4291403A2149,カルボプラチン|カルボプラチン注射液「NK」,150.0mg,注射剤,カルボプラチン注射液50mg「NK」,ea49c5d0a3c4
カルボプラチン,カルボプラチン注射液150mg「日医工」,4291403A2122,カルボプラチン|カルボプラチン注射液「日医工」,150.0mg,注射剤,カルボプラチン注射液50mg「日医工」,9d10f381ebba
カルボプラチン,カルボプラチン注射液450mg「NK」,4291403A3145,カルボプラチン|カルボプラチン注射液「NK」,450.0mg,注射剤,カルボプラチン注射液50mg「NK」,ea49c5d0a3c4
カルボプラチン,カルボプラチン注射液450mg「日医工」,4291403A3129,カルボプラチン|カルボプラチン注射液「日医工」,450.0mg,注射剤,カルボプラチン注射液50mg「日医工」,9d10f381ebba
カルボプラチン,カルボプラチン点滴静注液150mg「NK」,4291403A2092,カルボプラチン|カルボプラチン点滴静注液「NK」,150.0mg,注射剤,カルボプラチン点滴静注液50mg「NK」,552971c64a33
カルボプラチン,カルボプラチン点滴静注液150mg「SW」,4291403A2130,カルボプラチン|カルボプラチン点滴静注液「SW」,150.0mg,注射剤,カルボプラチン点滴静注液50mg「SW」,5a83b2d2ef2f
カルボプラチン注射液,カルボプラチン点滴静注液150mg「サンド」,4291403A2068,カルボプラチン注射液|カルボプラチン点滴静注液「サンド」,150.0mg,注射剤,カルボプラチン点滴静注液50mg「サンド」,a46c3f9877ed
カルボプラチン,カルボプラチン点滴静注液450mg「NK」,4291403A3099,カルボプラチン|カルボプラチン点滴静注液「NK」,450.0mg,注射剤,カルボプラチン点滴静注液50mg「NK」,552971c64a33
カルボプラチン,カルボプラチン点滴静注液450mg「SW」,4291403A3137,カルボプラチン|カルボプラチン点滴静注液「SW」,450.0mg,注射剤,カルボプラチン点滴静注液50mg「SW」,5a83b2d2ef2f
カルボプラチン注射液,カルボプラチン点滴静注液450mg「サンド」,4291403A3064,カルボプラチン注射液|カルボプラチン点滴静注液「サンド」,450.0mg,注射剤,カルボプラチン点滴静注液50mg「サンド」,a46c3f9877ed
アセトアミノフェン坐剤,カロナール坐剤200,1141700J3048,アセトアミノフェン坐剤|カロナール坐剤200,,坐剤,,e2b69f654628
アセトアミノフェン坐剤,カロナール坐剤400,1141700J4028,アセトアミノフェン坐剤|カロナール坐剤400,,坐剤,,e2b69f654628
アセトアミノフェン細粒,カロナール細粒50%,1141007C2020,アセトアミノフェン細粒|カロナール細粒,50.0%,(不明),カロナール細粒20%,40e320b01ee8
アセトアミノフェン錠,カロナール錠300,1141007F2027,アセトアミノフェン錠|カロナール錠300,,錠,,36d0f12d90d3
アセトアミノフェン錠,カロナール錠500,1141007F3023,アセトアミノフェン錠|カロナール錠500,,錠,,36d0f12d90d3
注射用カスポファンギン酢酸塩,カンサイダス点滴静注用70mg,6179402D2026,注射用カスポファンギン酢酸塩|カンサイダス点滴静注用,70.0mg,注射剤,カンサイダス点滴静注用50mg,f5408c6bf8b8
カンデサルタン シレキセチル,カンデサルタンOD錠12mg「サワイ」,2149040F8047,カンデサルタン シレキセチル|カンデサルタンOD錠「サワイ」,12.0mg,OD錠,,c97edd2ca702
カンデサルタン シレキセチル錠/口腔内崩壊錠,カンデサルタンOD錠12mg「トーワ」,2149040F8055,カンデサルタン シレキセチル錠/口腔内崩壊錠|カンデサルタンOD錠「トーワ」,12.0mg,OD錠,,f30d9cf3b464
カンデサルタン シレキセチル,カンデサルタンOD錠2mg「サワイ」,2149040F5048,カンデサルタン シレキセチル|カンデサルタンOD錠「サワイ」,2.0mg,OD錠,,c97edd2ca702
カンデサルタン シレキセチル錠/口腔内崩壊錠,カンデサルタンOD錠2mg「トーワ」,2149040F5056,カンデサルタン シレキセチル錠/口腔内崩壊錠|カンデサルタンOD錠「トーワ」,2.0mg,OD錠,,f30d9cf3b464
カンデサルタン シレキセチル,カンデサルタンOD錠4mg「サワイ」,2149040F6044,カンデサルタン シレキセチル|カンデサルタンOD錠「サワイ」,4.0mg,OD錠,,c97edd2ca702
カンデサルタン シレキセチル錠/口腔内崩壊錠,カンデサルタンOD錠4mg「トーワ」,2149040F6052,カンデサルタン シレキセチル錠/口腔内崩壊錠|カンデサルタンOD錠「トーワ」,4.0mg,OD錠,,f30d9cf3b464
カンデサルタン シレキセチル,カンデサルタンOD錠8mg「サワイ」,2149040F7040,カンデサルタン シレキセチル|カンデサルタンOD錠「サワイ」,8.0mg,OD錠,,c97edd2ca702
カンデサルタン シレキセチル錠/口腔内崩壊錠,カンデサルタンOD錠8mg「トーワ」,2149040F7059,カンデサルタン シレキセチル錠/口腔内崩壊錠|カンデサルタンOD錠「トーワ」,8.0mg,OD錠,,f30d9cf3b464
カンデサルタン シレキセチル錠,カンデサルタン錠12mg「DSEP」,2149040F4068,カンデサルタン シレキセチル錠|カンデサルタン錠「DSEP」,12.0mg,錠,カンデサルタン錠2mg「DSEP」,74c17842dbe5
カンデサルタン　シレキセチル錠,カンデサルタン錠12mg「JG」,2149040F4092,カンデサルタン　シレキセチル錠|カンデサルタン錠「JG」,12.0mg,錠,カンデサルタン錠2mg「JG」,c4cf3fd6dce7
カンデサルタン　シレキセチル錠,カンデサルタン錠12mg「NIG」,2149040F4386,カンデサルタン　シレキセチル錠|カンデサルタン錠「NIG」,12.0mg,錠,カンデサルタン錠2mg「NIG」,57def06e89d1
カンデサルタン　シレキセチル錠,カンデサルタン錠12mg「TCK」,2149040F4130,カンデサルタン　シレキセチル錠|カンデサルタン錠「TCK」,12.0mg,錠,カンデサルタン錠2mg「TCK」; カンデサルタン錠4mg「TCK」,6bfe07838059
カンデサルタン　シレキセチル錠,カンデサルタン錠12mg「YD」,2149040F4149,カンデサルタン　シレキセチル錠|カンデサルタン錠「YD」,12.0mg,錠,カンデサルタン錠2mg「YD」,bb9aba3fb094
カンデサルタン シレキセチル,カンデサルタン錠12mg「あすか」,2149040F4033,カンデサルタン シレキセチル|カンデサルタン錠「あすか」,12.0mg,錠,カンデサルタン錠2mg「あすか」,9bbebd11cfb6
カンデサルタン シレキセチル錠,カンデサルタン錠12mg「オーハラ」,2149040F4181,カンデサルタン シレキセチル錠|カンデサルタン錠「オーハラ」,12.0mg,錠,カンデサルタン錠2mg「オーハラ」,1878bf6f8820
カンデサルタン シレキセチル,カンデサルタン錠12mg「ケミファ」,2149040F4211,カンデサルタン シレキセチル|カンデサルタン錠「ケミファ」,12.0mg,錠,カンデサルタン錠2mg「ケミファ」,43e7347e0dbf
カンデサルタン シレキセチル,カンデサルタン錠12mg「サワイ」,2149040F4238,カンデサルタン シレキセチル|カンデサルタン錠「サワイ」,12.0mg,錠,カンデサルタン錠2mg「サワイ」,c97edd2ca702
カンデサルタン シレキセチル錠,カンデサルタン錠12mg「サンド」,2149040F4246,カンデサルタン シレキセチル錠|カンデサルタン錠「サンド」,12.0mg,錠,カンデサルタン錠2mg「サンド」,f897be193759
カンデサルタン シレキセチル錠,カンデサルタン錠12mg「ツルハラ」,2149040F4289,カンデサルタン シレキセチル錠|カンデサルタン錠「ツルハラ」,12.0mg,錠,カンデサルタン錠2mg「ツルハラ」,c450284c647d
カンデサルタン シレキセチル錠/口腔内崩壊錠,カンデサルタン錠12mg「トーワ」,2149040F4300,カンデサルタン シレキセチル錠/口腔内崩壊錠|カンデサルタン錠「トーワ」,12.0mg,錠,カンデサルタン錠2mg「トーワ」,f30d9cf3b464
カンデサルタン シレキセチル錠,カンデサルタン錠12mg「ニプロ」,2149040F4335,カンデサルタン シレキセチル錠|カンデサルタン錠「ニプロ」,12.0mg,錠,カンデサルタン錠2mg「ニプロ」,cb1c80eec18c
カンデサルタン シレキセチル,カンデサルタン錠12mg「三和」,2149040F4254,カンデサルタン シレキセチル|カンデサルタン錠「三和」,12.0mg,錠,カンデサルタン錠2mg「三和」,f3ba1dea1d88
カンデサルタン シレキセチル,カンデサルタン錠12mg「日新」,2149040F4327,カンデサルタン シレキセチル|カンデサルタン錠「日新」,12.0mg,錠,カンデサルタン錠2mg「日新」,beba0c2f74a1
カンデサルタン シレキセチル,カンデサルタン錠12mg「杏林」,2149040F4203,カンデサルタン シレキセチル|カンデサルタン錠「杏林」,12.0mg,錠,カンデサルタン錠2mg「杏林」,0edcf2b1f074
カンデサルタン シレキセチル錠,カンデサルタン錠12mg「武田テバ」,2149040F4378,カンデサルタン シレキセチル錠|カンデサルタン錠「武田テバ」,12.0mg,錠,カンデサルタン錠2mg「武田テバ」,37004612bccb
カンデサルタン シレキセチル錠,カンデサルタン錠4mg「DSEP」,2149040F2065,カンデサルタン シレキセチル錠|カンデサルタン錠「DSEP」,4.0mg,錠,カンデサルタン錠2mg「DSEP」,74c17842dbe5
カンデサルタン　シレキセチル錠,カンデサルタン錠4mg「JG」,2149040F2090,カンデサルタン　シレキセチル錠|カンデサルタン錠「JG」,4.0mg,錠,カンデサルタン錠2mg「JG」,c4cf3fd6dce7
カンデサルタン　シレキセチル錠,カンデサルタン錠4mg「NIG」,2149040F2383,カンデサルタン　シレキセチル錠|カンデサルタン錠「NIG」,4.0mg,錠,カンデサルタン錠2mg「NIG」,57def06e89d1
カンデサルタン　シレキセチル錠,カンデサルタン錠4mg「YD」,2149040F2146,カンデサルタン　シレキセチル錠|カンデサルタン錠「YD」,4.0mg,錠,カンデサルタン錠2mg「YD」,bb9aba3fb094
カンデサルタン シレキセチル,カンデサルタン錠4mg「あすか」,2149040F2030,カンデサルタン シレキセチル|カンデサルタン錠「あすか」,4.0mg,錠,カンデサルタン錠2mg「あすか」,9bbebd11cfb6
カンデサルタン シレキセチル錠,カンデサルタン錠4mg「オーハラ」,2149040F2189,カンデサルタン シレキセチル錠|カンデサルタン錠「オーハラ」,4.0mg,錠,カンデサルタン錠2mg「オーハラ」,1878bf6f8820
カンデサルタン シレキセチル,カンデサルタン錠4mg「ケミファ」,2149040F2219,カンデサルタン シレキセチル|カンデサルタン錠「ケミファ」,4.0mg,錠,カンデサルタン錠2mg「ケミファ」,43e7347e0dbf
カンデサルタン シレキセチル,カンデサルタン錠4mg「サワイ」,2149040F2235,カンデサルタン シレキセチル|カンデサルタン錠「サワイ」,4.0mg,錠,カンデサルタン錠2mg「サワイ」,c97edd2ca702
カンデサルタン シレキセチル錠,カンデサルタン錠4mg「サンド」,2149040F2243,カンデサルタン シレキセチル錠|カンデサルタン錠「サンド」,4.0mg,錠,カンデサルタン錠2mg「サンド」,f897be193759
カンデサルタン シレキセチル錠,カンデサルタン錠4mg「ツルハラ」,2149040F2286,カンデサルタン シレキセチル錠|カンデサルタン錠「ツルハラ」,4.0mg,錠,カンデサルタン錠2mg「ツルハラ」,c450284c647d
カンデサルタン シレキセチル錠/口腔内崩壊錠,カンデサルタン錠4mg「トーワ」,2149040F2308,カンデサルタン シレキセチル錠/口腔内崩壊錠|カンデサルタン錠「トーワ」,4.0mg,錠,カンデサルタン錠2mg「トーワ」,f30d9cf3b464
カンデサルタン シレキセチル錠,カンデサルタン錠4mg「ニプロ」,2149040F2332,カンデサルタン シレキセチル錠|カンデサルタン錠「ニプロ」,4.0mg,錠,カンデサルタン錠2mg「ニプロ」,cb1c80eec18c
カンデサルタン シレキセチル,カンデサルタン錠4mg「三和」,2149040F2251,カンデサルタン シレキセチル|カンデサルタン錠「三和」,4.0mg,錠,カンデサルタン錠2mg「三和」,f3ba1dea1d88
カンデサルタン シレキセチル,カンデサルタン錠4mg「日新」,2149040F2324,カンデサルタン シレキセチル|カンデサルタン錠「日新」,4.0mg,錠,カンデサルタン錠2mg「日新」,beba0c2f74a1
カンデサルタン シレキセチル,カンデサルタン錠4mg「杏林」,2149040F2200,カンデサルタン シレキセチル|カンデサルタン錠「杏林」,4.0mg,錠,カンデサルタン錠2mg「杏林」,0edcf2b1f074
カンデサルタン シレキセチル錠,カンデサルタン錠4mg「武田テバ」,2149040F2375,カンデサルタン シレキセチル錠|カンデサルタン錠「武田テバ」,4.0mg,錠,カンデサルタン錠2mg「武田テバ」,37004612bccb
カンデサルタン シレキセチル錠,カンデサルタン錠8mg「DSEP」,2149040F3061,カンデサルタン シレキセチル錠|カンデサルタン錠「DSEP」,8.0mg,錠,カンデサルタン錠2mg「DSEP」,74c17842dbe5
カンデサルタン　シレキセチル錠,カンデサルタン錠8mg「JG」,2149040F3096,カンデサルタン　シレキセチル錠|カンデサルタン錠「JG」,8.0mg,錠,カンデサルタン錠2mg「JG」,c4cf3fd6dce7
カンデサルタン　シレキセチル錠,カンデサルタン錠8mg「NIG」,2149040F3380,カンデサルタン　シレキセチル錠|カンデサルタン錠「NIG」,8.0mg,錠,カンデサルタン錠2mg「NIG」,57def06e89d1
カンデサルタン　シレキセチル錠,カンデサルタン錠8mg「TCK」,2149040F3134,カンデサルタン　シレキセチル錠|カンデサルタン錠「TCK」,8.0mg,錠,カンデサルタン錠2mg「TCK」; カンデサルタン錠4mg「TCK」,01559a429a50
カンデサルタン　シレキセチル錠,カンデサルタン錠8mg「YD」,2149040F3142,カンデサルタン　シレキセチル錠|カンデサルタン錠「YD」,8.0mg,錠,カンデサルタン錠2mg「YD」,bb9aba3fb094
カンデサルタン シレキセチル,カンデサルタン錠8mg「あすか」,2149040F3037,カンデサルタン シレキセチル|カンデサルタン錠「あすか」,8.0mg,錠,カンデサルタン錠2mg「あすか」,9bbebd11cfb6
カンデサルタン シレキセチル錠,カンデサルタン錠8mg「オーハラ」,2149040F3185,カンデサルタン シレキセチル錠|カンデサルタン錠「オーハラ」,8.0mg,錠,カンデサルタン錠2mg「オーハラ」,1878bf6f8820
カンデサルタン シレキセチル,カンデサルタン錠8mg「ケミファ」,2149040F3215,カンデサルタン シレキセチル|カンデサルタン錠「ケミファ」,8.0mg,錠,カンデサルタン錠2mg「ケミファ」,43e7347e0dbf
カンデサルタン シレキセチル,カンデサルタン錠8mg「サワイ」,2149040F3231,カンデサルタン シレキセチル|カンデサルタン錠「サワイ」,8.0mg,錠,カンデサルタン錠2mg「サワイ」,c97edd2ca702
カンデサルタン シレキセチル錠,カンデサルタン錠8mg「サンド」,2149040F3240,カンデサルタン シレキセチル錠|カンデサルタン錠「サンド」,8.0mg,錠,カンデサルタン錠2mg「サンド」,f897be193759
カンデサルタン シレキセチル錠,カンデサルタン錠8mg「ツルハラ」,2149040F3282,カンデサルタン シレキセチル錠|カンデサルタン錠「ツルハラ」,8.0mg,錠,カンデサルタン錠2mg「ツルハラ」,c450284c647d
カンデサルタン シレキセチル錠/口腔内崩壊錠,カンデサルタン錠8mg「トーワ」,2149040F3304,カンデサルタン シレキセチル錠/口腔内崩壊錠|カンデサルタン錠「トーワ」,8.0mg,錠,カンデサルタン錠2mg「トーワ」,f30d9cf3b464
カンデサルタン シレキセチル錠,カンデサルタン錠8mg「ニプロ」,2149040F3339,カンデサルタン シレキセチル錠|カンデサルタン錠「ニプロ」,8.0mg,錠,カンデサルタン錠2mg「ニプロ」,cb1c80eec18c
カンデサルタン シレキセチル,カンデサルタン錠8mg「三和」,2149040F3258,カンデサルタン シレキセチル|カンデサルタン錠「三和」,8.0mg,錠,カンデサルタン錠2mg「三和」,f3ba1dea1d88
カンデサルタン シレキセチル,カンデサルタン錠8mg「日新」,2149040F3320,カンデサルタン シレキセチル|カンデサルタン錠「日新」,8.0mg,錠,カンデサルタン錠2mg「日新」,beba0c2f74a1
カンデサルタン シレキセチル,カンデサルタン錠8mg「杏林」,2149040F3207,カンデサルタン シレキセチル|カンデサルタン錠「杏林」,8.0mg,錠,カンデサルタン錠2mg「杏林」,0edcf2b1f074
カンデサルタン シレキセチル錠,カンデサルタン錠8mg「武田テバ」,2149040F3371,カンデサルタン シレキセチル錠|カンデサルタン錠「武田テバ」,8.0mg,錠,カンデサルタン錠2mg「武田テバ」,37004612bccb
カンレノ酸カリウム,カンレノ酸カリウム静注用200mg「サワイ」,2133400D3034,カンレノ酸カリウム|カンレノ酸カリウム静注用「サワイ」,200.0mg,注射剤,カンレノ酸カリウム静注用100mg「サワイ」,7ce5d86b66cf
"ヘキサキス（2-メトキシイソブチルイソニトリル）テクネチウム（
99m
Tc）注射液（放射性医薬品基準）",カーディオライト注射液 第一（370MBq）,4300440D2023,"ヘキサキス（2-メトキシイソブチルイソニトリル）テクネチウム（
99m
Tc）注射液（放射性医薬品基準）|カーディオライト注射液第一(370MBq)",,注射剤,,50e47f809f60
"ヘキサキス（2-メトキシイソブチルイソニトリル）テクネチウム（
99m
Tc）注射液（放射性医薬品基準）",カーディオライト注射液 第一（600MBq）,4300440D1027,"ヘキサキス（2-メトキシイソブチルイソニトリル）テクネチウム（
99m
Tc）注射液（放射性医薬品基準）|カーディオライト注射液第一(600MBq)",,注射剤,,50e47f809f60
"ヘキサキス（2-メトキシイソブチルイソニトリル）テクネチウム（
99m
Tc）注射液（放射性医薬品基準）",カーディオライト注射液 第一（740MBq）,4300440D3020,"ヘキサキス（2-メトキシイソブチルイソニトリル）テクネチウム（
99m
Tc）注射液（放射性医薬品基準）|カーディオライト注射液第一(740MBq)",,注射剤,,50e47f809f60
－,カーボスター透析剤2号・L（9L）,3410544A2020,－|カーボスター透析剤2号・L(),9.0l,(不明),カーボスター透析剤2号・L（6L）,c8b13d62a854
－,カーボスター透析剤2号・P（ボトル）,3410545D1025,－|カーボスター透析剤2号・P(ボトル),,(不明),,298bd4529880
-,カーボスター透析剤・L（9L）,3410535A2021,-|カーボスター透析剤・L(),9.0l,(不明),カーボスター透析剤・L（6L）,049ad18fc4ba
-,カーボスター透析剤・P（ボトル）,3410537D2027,-|カーボスター透析剤・P(ボトル),,(不明),,8345fa53a397
-,カーミパック生理食塩液,3311401H1036,-|カーミパック生理食塩液,,液剤,カーミパック生理食塩液,ffa01d04ba0d
-,カーミパック生理食塩液L,3311401H8030,-|カーミパック生理食塩液L,,液剤,カーミパック生理食塩液L,9b9b8472b934
ジメチコン製剤,ガスコンドロップ内用液2%,2318001Q1080,ジメチコン製剤|ガスコンドロップ内用液,2.0%,液剤,,a54d959586b1
ジメチコン製剤,ガスコン散10%,2318001B1037,ジメチコン製剤|ガスコン散,10.0%,散剤,,a54d959586b1
ジメチコン製剤,ガスコン錠80mg,2318001F3023,ジメチコン製剤|ガスコン錠,80.0mg,錠,ガスコン錠40mg,a54d959586b1
ファモチジン,ガスターD錠20mg,2325003F4031,ファモチジン|ガスターD錠,20.0mg,錠,ガスターD錠10mg,6842736824c3
ファモチジン,ガスター散2%,2325003B2029,ファモチジン|ガスター散,2.0%,散剤,ガスター散10%,b6a5e9081794
ファモチジン,ガスター注射液20mg,2325401A2027,ファモチジン|ガスター注射液,20.0mg,注射剤,ガスター注射液10mg,36f2a577293f
ファモチジン,ガスター錠20mg,2325003F2020,ファモチジン|ガスター錠,20.0mg,錠,ガスター錠10mg,4e89bc28caa4
モサプリドクエン酸塩水和物,ガスモチン散1％,2399010B1034,モサプリドクエン酸塩水和物|ガスモチン散,1.0%,散剤,,e3a1c88c4632
モサプリドクエン酸塩水和物,ガスモチン錠2.5mg,2399010F1028,モサプリドクエン酸塩水和物|ガスモチン錠,2.5mg,錠,ガスモチン錠5mg,e3a1c88c4632
イルソグラジンマレイン酸塩口腔内崩壊錠,ガスロンN・OD錠4mg,2329020F4026,イルソグラジンマレイン酸塩口腔内崩壊錠|ガスロンN・OD錠,4.0mg,OD錠,ガスロンN・OD錠2mg,c92a3b95cdf4
"イルソグラジンマレイン酸塩錠
イルソグラジンマレイン酸塩細粒",ガスロンN細粒0.8％,2329020C1020,"イルソグラジンマレイン酸塩錠
イルソグラジンマレイン酸塩細粒|ガスロンN細粒",0.8%,(不明),,ac256b19ec0f
"イルソグラジンマレイン酸塩錠
イルソグラジンマレイン酸塩細粒",ガスロンN錠4mg,2329020F2023,"イルソグラジンマレイン酸塩錠
イルソグラジンマレイン酸塩細粒|ガスロンN錠",4.0mg,錠,ガスロンN錠2mg,ac256b19ec0f
ガドテリドール,ガドテリドール静注シリンジ17mL「HK」,7290407G2049,ガドテリドール|ガドテリドール静注シリンジ「HK」,17.0ml,注射剤,ガドテリドール静注シリンジ13mL「HK」,a7506b5293b2
ガドテル酸メグルミン注射液,ガドテル酸メグルミン静注38%シリンジ11mL「GE」,7290411G4030,ガドテル酸メグルミン注射液|ガドテル酸メグルミン静注シリンジ「GE」,38.0%/11.0ml,注射剤,ガドテル酸メグルミン静注38%シリンジ10mL「GE」,7daee33d98d7
ガドテル酸メグルミン注射液,ガドテル酸メグルミン静注38%シリンジ13mL「GE」,7290411G5036,ガドテル酸メグルミン注射液|ガドテル酸メグルミン静注シリンジ「GE」,38.0%/13.0ml,注射剤,ガドテル酸メグルミン静注38%シリンジ10mL「GE」,7daee33d98d7
ガドテル酸メグルミン注射液,ガドテル酸メグルミン静注38%シリンジ15mL「GE」,7290411G2045,ガドテル酸メグルミン注射液|ガドテル酸メグルミン静注シリンジ「GE」,38.0%/15.0ml,注射剤,ガドテル酸メグルミン静注38%シリンジ10mL「GE」,7daee33d98d7
ガドテル酸メグルミン注射液,ガドテル酸メグルミン静注38%シリンジ20mL「GE」,7290411G3041,ガドテル酸メグルミン注射液|ガドテル酸メグルミン静注シリンジ「GE」,38.0%/20.0ml,注射剤,ガドテル酸メグルミン静注38%シリンジ10mL「GE」,7daee33d98d7
ガドブトロール,ガドビスト静注1.0mol/Lシリンジ10mL,7290416G3028,ガドブトロール|ガドビスト静注1.0mol/Lシリンジ,10.0ml,注射剤,ガドビスト静注1.0mol/Lシリンジ5mL,5b2265946f3b
ガドブトロール,ガドビスト静注1.0mol/Lシリンジ7.5mL,7290416G2021,ガドブトロール|ガドビスト静注1.0mol/Lシリンジ,7.5ml,注射剤,ガドビスト静注1.0mol/Lシリンジ5mL,5b2265946f3b
ガバペンチン,ガバペン錠300mg,1139007F2029,ガバペンチン|ガバペン錠,300.0mg,錠,ガバペン錠200mg,9d05039c53de
ガバペンチン,ガバペン錠400mg,1139007F3025,ガバペンチン|ガバペン錠,400.0mg,錠,ガバペン錠200mg,9d05039c53de
ガランタミン臭化水素酸塩口腔内崩壊錠,ガランタミンOD錠12mg「DSEP」,1190019F6038,ガランタミン臭化水素酸塩口腔内崩壊錠|ガランタミンOD錠「DSEP」,12.0mg,OD錠,ガランタミンOD錠4mg「DSEP」,747a76f68281
ガランタミン臭化水素酸塩口腔内崩壊錠,ガランタミンOD錠12mg「JG」,1190019F6046,ガランタミン臭化水素酸塩口腔内崩壊錠|ガランタミンOD錠「JG」,12.0mg,OD錠,ガランタミンOD錠4mg「JG」,206b643c4fab
ガランタミン臭化水素酸塩口腔内崩壊錠,ガランタミンOD錠12mg「YD」,1190019F6054,ガランタミン臭化水素酸塩口腔内崩壊錠|ガランタミンOD錠「YD」,12.0mg,OD錠,ガランタミンOD錠4mg「YD」,3170b721b48d
ガランタミン臭化水素酸塩,ガランタミンOD錠12mg「アメル」,1190019F6062,ガランタミン臭化水素酸塩|ガランタミンOD錠「アメル」,12.0mg,OD錠,ガランタミンOD錠4mg「アメル」,57d0bc95632b
ガランタミン臭化水素酸塩,ガランタミンOD錠12mg「サワイ」,1190019F6070,ガランタミン臭化水素酸塩|ガランタミンOD錠「サワイ」,12.0mg,OD錠,ガランタミンOD錠4mg「サワイ」,32900df47cd9
ガランタミン臭化水素酸塩口腔内崩壊錠,ガランタミンOD錠12mg「トーワ」,1190019F6097,ガランタミン臭化水素酸塩口腔内崩壊錠|ガランタミンOD錠「トーワ」,12.0mg,OD錠,ガランタミンOD錠4mg「トーワ」,22e1e9df8834
ガランタミン臭化水素酸塩口腔内崩壊錠,ガランタミンOD錠12mg「ニプロ」,1190019F6119,ガランタミン臭化水素酸塩口腔内崩壊錠|ガランタミンOD錠「ニプロ」,12.0mg,OD錠,ガランタミンOD錠4mg「ニプロ」,2b750b932c0d
ガランタミン臭化水素酸塩,ガランタミンOD錠12mg「日医工」,1190019F6100,ガランタミン臭化水素酸塩|ガランタミンOD錠「日医工」,12.0mg,OD錠,ガランタミンOD錠4mg「日医工」,4e76b613bd4c
ガランタミン臭化水素酸塩口腔内崩壊錠,ガランタミンOD錠8mg「DSEP」,1190019F5031,ガランタミン臭化水素酸塩口腔内崩壊錠|ガランタミンOD錠「DSEP」,8.0mg,OD錠,ガランタミンOD錠4mg「DSEP」,747a76f68281
ガランタミン臭化水素酸塩口腔内崩壊錠,ガランタミンOD錠8mg「JG」,1190019F5040,ガランタミン臭化水素酸塩口腔内崩壊錠|ガランタミンOD錠「JG」,8.0mg,OD錠,ガランタミンOD錠4mg「JG」,206b643c4fab
ガランタミン臭化水素酸塩口腔内崩壊錠,ガランタミンOD錠8mg「YD」,1190019F5058,ガランタミン臭化水素酸塩口腔内崩壊錠|ガランタミンOD錠「YD」,8.0mg,OD錠,ガランタミンOD錠4mg「YD」,3170b721b48d
ガランタミン臭化水素酸塩,ガランタミンOD錠8mg「アメル」,1190019F5066,ガランタミン臭化水素酸塩|ガランタミンOD錠「アメル」,8.0mg,OD錠,ガランタミンOD錠4mg「アメル」,57d0bc95632b
ガランタミン臭化水素酸塩,ガランタミンOD錠8mg「サワイ」,1190019F5074,ガランタミン臭化水素酸塩|ガランタミンOD錠「サワイ」,8.0mg,OD錠,ガランタミンOD錠4mg「サワイ」,32900df47cd9
ガランタミン臭化水素酸塩口腔内崩壊錠,ガランタミンOD錠8mg「トーワ」,1190019F5090,ガランタミン臭化水素酸塩口腔内崩壊錠|ガランタミンOD錠「トーワ」,8.0mg,OD錠,ガランタミンOD錠4mg「トーワ」,22e1e9df8834
ガランタミン臭化水素酸塩口腔内崩壊錠,ガランタミンOD錠8mg「ニプロ」,1190019F5112,ガランタミン臭化水素酸塩口腔内崩壊錠|ガランタミンOD錠「ニプロ」,8.0mg,OD錠,ガランタミンOD錠4mg「ニプロ」,2b750b932c0d
ガランタミン臭化水素酸塩,ガランタミンOD錠8mg「日医工」,1190019F5104,ガランタミン臭化水素酸塩|ガランタミンOD錠「日医工」,8.0mg,OD錠,ガランタミンOD錠4mg「日医工」,4e76b613bd4c
ガンマオリザノール製剤,ガンマオリザノール細粒20%「ツルハラ」,2900002C1213,ガンマオリザノール製剤|ガンマオリザノール細粒「ツルハラ」,20.0%,(不明),,95c1872ba8c9
人免疫グロブリン,ガンマグロブリン筋注1500mg/10mL「タケダ」,6343412X1214,人免疫グロブリン|ガンマグロブリン筋注/「タケダ」,1500.0mg/10.0ml,注射剤,ガンマグロブリン筋注450mg/3mL「タケダ」,6361d5ff745c
キシリトール注射液,キシリトール注20%「フソー」,3234400A8215,キシリトール注射液|キシリトール注「フソー」,20.0%,注射剤,キシリトール注10%「フソー」; キシリトール注5%「フソー」,595963782648
キシリトール注射液,キシリトール注5%「フソー」,3234400A3183,キシリトール注射液|キシリトール注「フソー」,5.0%,注射剤,キシリトール注10%「フソー」; キシリトール注5%「フソー」,3a5aecfbc44b
キシリトール注射液,キシリトール注5%「フソー」,3234400H2053,キシリトール注射液|キシリトール注「フソー」,5.0%,注射剤,キシリトール注10%「フソー」; キシリトール注5%「フソー」,3a5aecfbc44b
リドカイン注射液,キシロカイン注シリンジ1%,1214400G2021,リドカイン注射液|キシロカイン注シリンジ,1.0%,注射剤,キシロカイン注シリンジ0.5%,e76ad53e8929
リドカイン塩酸塩水和物,キシロカイン注ポリアンプ0.5%,1214400A6059,リドカイン塩酸塩水和物|キシロカイン注ポリアンプ,0.5%,注射剤,キシロカイン注ポリアンプ0.5%,f43ca5098147
リドカイン塩酸塩水和物,キシロカイン注ポリアンプ1%,1214400A7055,リドカイン塩酸塩水和物|キシロカイン注ポリアンプ,1.0%,注射剤,キシロカイン注ポリアンプ0.5%,f43ca5098147
リドカイン塩酸塩水和物,キシロカイン注ポリアンプ1%,1214400A8051,リドカイン塩酸塩水和物|キシロカイン注ポリアンプ,1.0%,注射剤,キシロカイン注ポリアンプ0.5%,f43ca5098147
リドカイン塩酸塩水和物,キシロカイン注ポリアンプ2%,1214400A9058,リドカイン塩酸塩水和物|キシロカイン注ポリアンプ,2.0%,注射剤,キシロカイン注ポリアンプ0.5%,f43ca5098147
リドカイン塩酸塩水和物,キシロカイン注ポリアンプ2%,1214400H1055,リドカイン塩酸塩水和物|キシロカイン注ポリアンプ,2.0%,注射剤,キシロカイン注ポリアンプ0.5%,f43ca5098147
リドカイン塩酸塩,キシロカイン注射液1%,1214401A3020,リドカイン塩酸塩|キシロカイン注射液,1.0%,注射剤,キシロカイン注射液0.5%,2392e7895530
リドカイン塩酸塩,キシロカイン注射液2%,1214401A4026,リドカイン塩酸塩|キシロカイン注射液,2.0%,注射剤,キシロカイン注射液0.5%,2392e7895530
"リドカイン塩酸塩
アドレナリン","キシロカイン注射液「1%」エピレナミン（1：100,000）含有",1214400A2029,"リドカイン塩酸塩
アドレナリン|キシロカイン注射液「」エピレナミン(1:100,000)含有",1.0%,注射剤,"キシロカイン注射液「0.5%」エピレナミン（1：100,000）含有",7565bcd4156c
"リドカイン塩酸塩
アドレナリン","キシロカイン注射液「2%」エピレナミン（1：80,000）含有",1214400A3025,"リドカイン塩酸塩
アドレナリン|キシロカイン注射液「」エピレナミン(1:80,000)含有",2.0%,注射剤,,7565bcd4156c
腎不全用アミノ酸注射液（7.2％）,キドミン輸液,3253414A2036,腎不全用アミノ酸注射液（7.2％）|キドミン輸液,,液剤,キドミン輸液,a02c3251c972
キニジン硫酸塩水和物,キニジン硫酸塩錠100mg「VTRS」,2122002F1086,キニジン硫酸塩水和物|キニジン硫酸塩錠「VTRS」,100.0mg,錠,,ba1fd964a15a
モンテルカストナトリウム口腔内崩壊錠,キプレスOD錠10mg,4490026F4027,モンテルカストナトリウム口腔内崩壊錠|キプレスOD錠,10.0mg,OD錠,,05fff1ddae3a
モンテルカストナトリウム口腔内崩壊錠,キプレス錠10mg,4490026F2040,モンテルカストナトリウム口腔内崩壊錠|キプレス錠,10.0mg,錠,キプレス錠5mg,05fff1ddae3a
ベクロメタゾンプロピオン酸エステル,キュバール100エアゾール,2259703Y1025,ベクロメタゾンプロピオン酸エステル|キュバール100エアゾール,,(不明),,c75d9b27c3a8
pH4処理酸性人免疫グロブリン（皮下注射）,キュービトル20%皮下注4g/20mL,6343439A5020,pH4処理酸性人免疫グロブリン（皮下注射）|キュービトル皮下注/,20.0%/4.0g/20.0ml,注射剤,キュービトル20%皮下注2g/10mL,2d55c421d6bf
pH4処理酸性人免疫グロブリン（皮下注射）,キュービトル20%皮下注8g/40mL,6343439A6026,pH4処理酸性人免疫グロブリン（皮下注射）|キュービトル皮下注/,20.0%/8.0g/40.0ml,注射剤,キュービトル20%皮下注2g/10mL,2d55c421d6bf
キシリトール注射液,キリット注5％（500mL）,3234400H2045,キシリトール注射液|キリット注(),5.0%/500.0ml,注射剤,キリット注5％（300mL）,bba74ebf8363
シタラビン注射液,キロサイドN注1g,4224401A7025,シタラビン注射液|キロサイドN注,1.0g,注射剤,キロサイドN注400mg,e13b9ac62e0a
シタラビン注射液,キロサイド注100mg,4224401A4034,シタラビン注射液|キロサイド注,100.0mg,注射剤,キロサイド注20mg,b3efc801e90c
シタラビン注射液,キロサイド注200mg,4224401A5030,シタラビン注射液|キロサイド注,200.0mg,注射剤,キロサイド注20mg,b3efc801e90c
シタラビン注射液,キロサイド注40mg,4224401A2031,シタラビン注射液|キロサイド注,40.0mg,注射剤,キロサイド注20mg,b3efc801e90c
シタラビン注射液,キロサイド注60mg,4224401A3038,シタラビン注射液|キロサイド注,60.0mg,注射剤,キロサイド注20mg,b3efc801e90c
－,キンダリー透析剤4E,3410539D2026,－|キンダリー透析剤4E,,(不明),キンダリー透析剤4E,e594c8892bf6
-,キンダリー透析剤5E,3410542D1021,-|キンダリー透析剤5E,,(不明),キンダリー透析剤5E,0e6469ea68bb
－,キンダリー透析剤AF2号（9L）,3410520A1037,－|キンダリー透析剤AF2号(),9.0l,(不明),キンダリー透析剤AF2号（6L）,275a0080222a
－,キンダリー透析剤AF3号（9L）,3410523A1030,－|キンダリー透析剤AF3号(),9.0l,(不明),キンダリー透析剤AF3号（6L）,120236d7cd56
－,キンダリー透析剤AF4号（9L）,3410540A2022,－|キンダリー透析剤AF4号(),9.0l,(不明),キンダリー透析剤AF4号（6L）,22926852e563
-,キンダリー透析剤AF5号(9L),3410542A2021,-|キンダリー透析剤AF5号(),9.0l,(不明),キンダリー透析剤AF5号(6L),a23dbe9c389d
バクロフェン,ギャバロン錠10mg,1249006F2026,バクロフェン|ギャバロン錠,10.0mg,錠,ギャバロン錠5mg,eb69e883ca72
バクロフェン髄注,ギャバロン髄注0.05%,1249401A2029,バクロフェン髄注|ギャバロン髄注,0.05%,注射剤,ギャバロン髄注0.005%,9a1171960222
バクロフェン髄注,ギャバロン髄注0.2%,1249401A3025,バクロフェン髄注|ギャバロン髄注,0.2%,注射剤,ギャバロン髄注0.005%,9a1171960222
クアゼパム,クアゼパム錠20mg「MNP」,1124030F2033,クアゼパム|クアゼパム錠「MNP」,20.0mg,錠,クアゼパム錠15mg「MNP」,63a70ca55c31
クアゼパム錠,クアゼパム錠20mg「YD」,1124030F2041,クアゼパム錠|クアゼパム錠「YD」,20.0mg,錠,クアゼパム錠15mg「YD」,ca0ef58abf18
クアゼパム,クアゼパム錠20mg「アメル」,1124030F2068,クアゼパム|クアゼパム錠「アメル」,20.0mg,錠,クアゼパム錠15mg「アメル」,028badd7c849
クアゼパム,クアゼパム錠20mg「サワイ」,1124030F2076,クアゼパム|クアゼパム錠「サワイ」,20.0mg,錠,クアゼパム錠15mg「サワイ」,68a8885bcb9c
クアゼパム錠,クアゼパム錠20mg「トーワ」,1124030F2050,クアゼパム錠|クアゼパム錠「トーワ」,20.0mg,錠,クアゼパム錠15mg「トーワ」,ba9456a0c50b
クアゼパム,クアゼパム錠20mg「日医工」,1124030F2084,クアゼパム|クアゼパム錠「日医工」,20.0mg,錠,クアゼパム錠15mg「日医工」,3f6c92231f5b
クエチアピンフマル酸塩,クエチアピン細粒10％「アメル」,1179042C2020,クエチアピンフマル酸塩|クエチアピン細粒「アメル」,10.0%,(不明),,998c147321ff
クエチアピンフマル酸塩錠/細粒,クエチアピン細粒50%「トーワ」,1179042C1082,クエチアピンフマル酸塩錠/細粒|クエチアピン細粒「トーワ」,50.0%,(不明),,f5ff363a603f
クエチアピンフマル酸塩,クエチアピン細粒50％「アメル」,1179042C1040,クエチアピンフマル酸塩|クエチアピン細粒「アメル」,50.0%,(不明),,998c147321ff
クエチアピンフマル酸塩,クエチアピン錠100mg「DSEP」,1179042F2042,クエチアピンフマル酸塩|クエチアピン錠「DSEP」,100.0mg,錠,クエチアピン錠25mg「DSEP」,8252a0a1742e
クエチアピンフマル酸塩錠,クエチアピン錠100mg「JG」,1179042F2077,クエチアピンフマル酸塩錠|クエチアピン錠「JG」,100.0mg,錠,クエチアピン錠25mg「JG」,b471f0ec4647
クエチアピンフマル酸塩,クエチアピン錠100mg「VTRS」,1179042F2220,クエチアピンフマル酸塩|クエチアピン錠「VTRS」,100.0mg,錠,クエチアピン錠25mg「VTRS」,2ca2d72680c9
クエチアピンフマル酸塩,クエチアピン錠100mg「アメル」,1179042F2107,クエチアピンフマル酸塩|クエチアピン錠「アメル」,100.0mg,錠,クエチアピン錠12.5mg「アメル」,998c147321ff
クエチアピンフマル酸塩錠,クエチアピン錠100mg「サンド」,1179042F2123,クエチアピンフマル酸塩錠|クエチアピン錠「サンド」,100.0mg,錠,クエチアピン錠25mg「サンド」,b4e760e33573
クエチアピンフマル酸塩,クエチアピン錠100mg「タカタ」,1179042F2212,クエチアピンフマル酸塩|クエチアピン錠「タカタ」,100.0mg,錠,,f50d8e93d2cd
クエチアピンフマル酸塩錠/細粒,クエチアピン錠100mg「トーワ」,1179042F2158,クエチアピンフマル酸塩錠/細粒|クエチアピン錠「トーワ」,100.0mg,錠,クエチアピン錠25mg「トーワ」,f5ff363a603f
クエチアピンフマル酸塩錠,クエチアピン錠100mg「ニプロ」,1179042F2239,クエチアピンフマル酸塩錠|クエチアピン錠「ニプロ」,100.0mg,錠,クエチアピン錠25mg「ニプロ」,86504920fd8c
クエチアピンフマル酸塩,クエチアピン錠100mg「日新」,1179042F2174,クエチアピンフマル酸塩|クエチアピン錠「日新」,100.0mg,錠,クエチアピン錠25mg「日新」,03050268cc0d
クエチアピンフマル酸塩,クエチアピン錠100mg「明治」,1179042F2190,クエチアピンフマル酸塩|クエチアピン錠「明治」,100.0mg,錠,クエチアピン錠12.5mg「明治」,5926294322bc
クエチアピンフマル酸塩,クエチアピン錠200mg「DSEP」,1179042F3049,クエチアピンフマル酸塩|クエチアピン錠「DSEP」,200.0mg,錠,クエチアピン錠25mg「DSEP」,8252a0a1742e
クエチアピンフマル酸塩錠,クエチアピン錠200mg「JG」,1179042F3073,クエチアピンフマル酸塩錠|クエチアピン錠「JG」,200.0mg,錠,クエチアピン錠25mg「JG」,b471f0ec4647
クエチアピンフマル酸塩,クエチアピン錠200mg「VTRS」,1179042F3227,クエチアピンフマル酸塩|クエチアピン錠「VTRS」,200.0mg,錠,クエチアピン錠25mg「VTRS」,2ca2d72680c9
クエチアピンフマル酸塩,クエチアピン錠200mg「アメル」,1179042F3103,クエチアピンフマル酸塩|クエチアピン錠「アメル」,200.0mg,錠,クエチアピン錠12.5mg「アメル」,998c147321ff
クエチアピンフマル酸塩錠,クエチアピン錠200mg「サンド」,1179042F3120,クエチアピンフマル酸塩錠|クエチアピン錠「サンド」,200.0mg,錠,クエチアピン錠25mg「サンド」,b4e760e33573
クエチアピンフマル酸塩,クエチアピン錠200mg「タカタ」,1179042F3219,クエチアピンフマル酸塩|クエチアピン錠「タカタ」,200.0mg,錠,,f50d8e93d2cd
クエチアピンフマル酸塩錠/細粒,クエチアピン錠200mg「トーワ」,1179042F3154,クエチアピンフマル酸塩錠/細粒|クエチアピン錠「トーワ」,200.0mg,錠,クエチアピン錠25mg「トーワ」,f5ff363a603f
クエチアピンフマル酸塩錠,クエチアピン錠200mg「ニプロ」,1179042F3235,クエチアピンフマル酸塩錠|クエチアピン錠「ニプロ」,200.0mg,錠,クエチアピン錠25mg「ニプロ」,86504920fd8c
クエチアピンフマル酸塩,クエチアピン錠200mg「日新」,1179042F3170,クエチアピンフマル酸塩|クエチアピン錠「日新」,200.0mg,錠,クエチアピン錠25mg「日新」,03050268cc0d
クエチアピンフマル酸塩,クエチアピン錠200mg「明治」,1179042F3197,クエチアピンフマル酸塩|クエチアピン錠「明治」,200.0mg,錠,クエチアピン錠12.5mg「明治」,5926294322bc
クエチアピンフマル酸塩,クエチアピン錠25mg「アメル」,1179042F1100,クエチアピンフマル酸塩|クエチアピン錠「アメル」,25.0mg,錠,クエチアピン錠12.5mg「アメル」,998c147321ff
クエチアピンフマル酸塩,クエチアピン錠25mg「タカタ」,1179042F1224,クエチアピンフマル酸塩|クエチアピン錠「タカタ」,25.0mg,錠,,f50d8e93d2cd
クエチアピンフマル酸塩,クエチアピン錠25mg「明治」,1179042F1194,クエチアピンフマル酸塩|クエチアピン錠「明治」,25.0mg,錠,クエチアピン錠12.5mg「明治」,5926294322bc
クエチアピンフマル酸塩,クエチアピン錠50mg「アメル」,1179042F5041,クエチアピンフマル酸塩|クエチアピン錠「アメル」,50.0mg,錠,クエチアピン錠12.5mg「アメル」,998c147321ff
クエチアピンフマル酸塩,クエチアピン錠50mg「タカタ」,1179042F5076,クエチアピンフマル酸塩|クエチアピン錠「タカタ」,50.0mg,錠,,f50d8e93d2cd
クエチアピンフマル酸塩,クエチアピン錠50mg「明治」,1179042F5068,クエチアピンフマル酸塩|クエチアピン錠「明治」,50.0mg,錠,クエチアピン錠12.5mg「明治」,5926294322bc
"クエン酸カリウム
クエン酸ナトリウム水和物",クエンメット配合錠,3949101F1120,"クエン酸カリウム
クエン酸ナトリウム水和物|クエンメット配合錠",,錠,,babbebe38380
クエン酸第一鉄ナトリウム,クエン酸第一鉄ナトリウム顆粒8.3%「ツルハラ」,3222013D1075,クエン酸第一鉄ナトリウム|クエン酸第一鉄ナトリウム顆粒「ツルハラ」,8.3%,顆粒,,5f8dd6cf4717
レボフロキサシン水和物,クラビット点滴静注500mg/20mL,6241402A1021,レボフロキサシン水和物|クラビット点滴静注/,500.0mg/20.0ml,注射剤,,39400bee996c
レボフロキサシン水和物,クラビット細粒10%,6241013C2024,レボフロキサシン水和物|クラビット細粒,10.0%,(不明),,fb3301fdb4c8
レボフロキサシン水和物,クラビット錠500mg,6241013F3027,レボフロキサシン水和物|クラビット錠,500.0mg,錠,クラビット錠250mg,fb3301fdb4c8
注射用セフォタキシムナトリウム製剤,クラフォラン注射用1g,6132409D2056,注射用セフォタキシムナトリウム製剤|クラフォラン注射用,1.0g,注射剤,クラフォラン注射用0.5g,487a9d561fc6
クラリスロマイシン,クラリスドライシロップ10％小児用,6149003R1143,クラリスロマイシン|クラリスドライシロップ小児用,10.0%,ドライシロップ,,9c899992c475
クラリスロマイシン,クラリスロマイシンDS10％小児用「サワイ」,6149003R1054,クラリスロマイシン|クラリスロマイシンDS小児用「サワイ」,10.0%,(不明),,1a6086adb4de
クラリスロマイシン錠/シロップ用クラリスロマイシン,クラリスロマイシンDS小児用10%「トーワ」,6149003R1216,クラリスロマイシン錠/シロップ用クラリスロマイシン|クラリスロマイシンDS小児用「トーワ」,10.0%,(不明),,93d2a068526f
クラリスロマイシン,クラリスロマイシンDS小児用10％「タカタ」,6149003R1062,クラリスロマイシン|クラリスロマイシンDS小児用「タカタ」,10.0%,(不明),,a974d54c7355
クラリスロマイシン,クラリスロマイシンドライシロップ10%小児用「NIG」,6149003R1259,クラリスロマイシン|クラリスロマイシンドライシロップ小児用「NIG」,10.0%,ドライシロップ,,a8bf883dcde6
クラリスロマイシン,クラリスロマイシンドライシロップ10%小児用「大正」,6149003R1240,クラリスロマイシン|クラリスロマイシンドライシロップ小児用「大正」,10.0%,ドライシロップ,,90b0299b4433
ロラタジン,クラリチンレディタブ錠10mg,4490027F2029,ロラタジン|クラリチンレディタブ錠,10.0mg,錠,,f0f00cf27bfa
アセチルフェネトライド,クランポール錠200mg,1131001F1035,アセチルフェネトライド|クランポール錠,200.0mg,錠,,1750acbb9280
モンテプラーゼ（遺伝子組換え）製剤,クリアクター静注用80万,3959407D2034,モンテプラーゼ（遺伝子組換え）製剤|クリアクター静注用80万,,注射剤,,1e0f63530ce3
エルゴタミン酒石酸塩無水カフェインイソプロピルアンチピリン,クリアミン配合錠S0.5,1149115F1030,エルゴタミン酒石酸塩無水カフェインイソプロピルアンチピリン|クリアミン配合錠S0.5,,錠,,5226a61adf6b
クリンダマイシンリン酸エステル,クリンダマイシンリン酸エステル注600mg「F」,6112401A2174,クリンダマイシンリン酸エステル|クリンダマイシンリン酸エステル注「F」,600.0mg,注射剤,クリンダマイシンリン酸エステル注300mg「F」,784638e63d67
クリンダマイシンリン酸エステル注射液,クリンダマイシンリン酸エステル注600mg「トーワ」,6112401A2166,クリンダマイシンリン酸エステル注射液|クリンダマイシンリン酸エステル注「トーワ」,600.0mg,注射剤,クリンダマイシンリン酸エステル注300mg「トーワ」,8f909d92948c
クリンダマイシンリン酸エステル,クリンダマイシンリン酸エステル注射液600mg「NIG」,6112401A2204,クリンダマイシンリン酸エステル|クリンダマイシンリン酸エステル注射液「NIG」,600.0mg,注射剤,クリンダマイシンリン酸エステル注射液300mg「NIG」,9396018c3264
クリンダマイシンリン酸エステル注射液,クリンダマイシンリン酸エステル注射液600mg「NP」,6112401A2182,クリンダマイシンリン酸エステル注射液|クリンダマイシンリン酸エステル注射液「NP」,600.0mg,注射剤,クリンダマイシンリン酸エステル注射液300mg「NP」,5fb8d8d3f922
クリンダマイシンリン酸エステル,クリンダマイシンリン酸エステル注射液600mg「サワイ」,6112401A2158,クリンダマイシンリン酸エステル|クリンダマイシンリン酸エステル注射液「サワイ」,600.0mg,注射剤,クリンダマイシンリン酸エステル注射液300mg「サワイ」,631d48db1c78
ブロスマブ（遺伝子組換え）,クリースビータ皮下注10mg,3999452A1024,ブロスマブ（遺伝子組換え）|クリースビータ皮下注,10.0mg,注射剤,,41a3648283ae
ブロスマブ（遺伝子組換え）,クリースビータ皮下注20mg,3999452A2020,ブロスマブ（遺伝子組換え）|クリースビータ皮下注,20.0mg,注射剤,,41a3648283ae
ブロスマブ（遺伝子組換え）,クリースビータ皮下注20mgシリンジ,3999452G2023,ブロスマブ（遺伝子組換え）|クリースビータ皮下注シリンジ,20.0mg,注射剤,クリースビータ皮下注10mgシリンジ,41a3648283ae
ブロスマブ（遺伝子組換え）,クリースビータ皮下注30mg,3999452A3027,ブロスマブ（遺伝子組換え）|クリースビータ皮下注,30.0mg,注射剤,,41a3648283ae
ブロスマブ（遺伝子組換え）,クリースビータ皮下注30mgシリンジ,3999452G3020,ブロスマブ（遺伝子組換え）|クリースビータ皮下注シリンジ,30.0mg,注射剤,クリースビータ皮下注10mgシリンジ,41a3648283ae
日本薬局方　ロスバスタチンカルシウム錠ロスバスタチンカルシウム口腔内崩壊錠,クレストールOD錠2.5mg,2189017F3025,日本薬局方　ロスバスタチンカルシウム錠ロスバスタチンカルシウム口腔内崩壊錠|クレストールOD錠,2.5mg,OD錠,,b0e8741accc6
日本薬局方　ロスバスタチンカルシウム錠ロスバスタチンカルシウム口腔内崩壊錠,クレストールOD錠5mg,2189017F4021,日本薬局方　ロスバスタチンカルシウム錠ロスバスタチンカルシウム口腔内崩壊錠|クレストールOD錠,5.0mg,OD錠,,b0e8741accc6
日本薬局方　ロスバスタチンカルシウム錠ロスバスタチンカルシウム口腔内崩壊錠,クレストール錠5mg,2189017F2029,日本薬局方　ロスバスタチンカルシウム錠ロスバスタチンカルシウム口腔内崩壊錠|クレストール錠,5.0mg,錠,クレストール錠2.5mg,b0e8741accc6
イサブコナゾニウム硫酸塩,クレセンバカプセル100mg,6179003M1021,イサブコナゾニウム硫酸塩|クレセンバカプセル,100.0mg,カプセル,クレセンバカプセル40mg,b72293e172d8
モサプラミン塩酸塩錠・顆粒,クレミン錠25mg,1179035F3022,モサプラミン塩酸塩錠・顆粒|クレミン錠,25.0mg,錠,クレミン錠10mg,eeacaa4e04f9
モサプラミン塩酸塩錠・顆粒,クレミン錠50mg,1179035F4029,モサプラミン塩酸塩錠・顆粒|クレミン錠,50.0mg,錠,クレミン錠10mg,eeacaa4e04f9
モサプラミン塩酸塩錠・顆粒,クレミン顆粒10%,1179035D1029,モサプラミン塩酸塩錠・顆粒|クレミン顆粒,10.0%,顆粒,,eeacaa4e04f9
球形吸着炭,クレメジン細粒分包2g,3929003C1067,球形吸着炭|クレメジン細粒分包,2.0g,(不明),,27c94b62529c
クロザピン,クロザリル錠100mg,1179049F2028,クロザピン|クロザリル錠,100.0mg,錠,クロザリル錠25mg,4ac3f00c744a
乾燥濃縮人血液凝固第VIII因子,クロスエイトMC静注用1000単位,6343406X8108,乾燥濃縮人血液凝固第VIII因子|クロスエイトMC静注用,1000.0単位,注射剤,クロスエイトMC静注用2000単位; クロスエイトMC静注用250単位,65da810e07f7
乾燥濃縮人血液凝固第VIII因子,クロスエイトMC静注用3000単位,6343406Y1028,乾燥濃縮人血液凝固第VIII因子|クロスエイトMC静注用,3000.0単位,注射剤,クロスエイトMC静注用2000単位; クロスエイトMC静注用250単位,05602e113d2c
乾燥濃縮人血液凝固第VIII因子,クロスエイトMC静注用500単位,6343406X6130,乾燥濃縮人血液凝固第VIII因子|クロスエイトMC静注用,500.0単位,注射剤,クロスエイトMC静注用2000単位; クロスエイトMC静注用250単位,65da810e07f7
クロチアゼパム,クロチアゼパム錠10mg「サワイ」,1179012F2092,クロチアゼパム|クロチアゼパム錠「サワイ」,10.0mg,錠,クロチアゼパム錠5mg「サワイ」,5bf61b4a5ade
クロチアゼパム,クロチアゼパム錠10mg「ツルハラ」,1179012F2106,クロチアゼパム|クロチアゼパム錠「ツルハラ」,10.0mg,錠,クロチアゼパム錠5mg「ツルハラ」,540ef89ee280
クロチアゼパム錠,クロチアゼパム錠10mg「トーワ」,1179012F2050,クロチアゼパム錠|クロチアゼパム錠「トーワ」,10.0mg,錠,クロチアゼパム錠5mg「トーワ」,6e00612107e3
クロチアゼパム,クロチアゼパム錠10mg「日医工」,1179012F2084,クロチアゼパム|クロチアゼパム錠「日医工」,10.0mg,錠,クロチアゼパム錠5mg「日医工」,063f8ca793b3
クロトリマゾール製剤,クロトリマゾールクリーム1%「日医工」,2655700N1206,クロトリマゾール製剤|クロトリマゾールクリーム「日医工」,1.0%,クリーム,,37522eafe3d3
クロトリマゾール製剤,クロトリマゾール外用液1%「日医工」,2655700Q2136,クロトリマゾール製剤|クロトリマゾール外用液「日医工」,1.0%,液剤,,37522eafe3d3
クロピドグレル錠,クロピドグレル錠50mg「TCK」,3399008F3044,クロピドグレル錠|クロピドグレル錠「TCK」,50.0mg,錠,クロピドグレル錠25mg「TCK」,74836237bb16
クロピドグレル硫酸塩,クロピドグレル錠50mg「サワイ」,3399008F3052,クロピドグレル硫酸塩|クロピドグレル錠「サワイ」,50.0mg,錠,クロピドグレル錠25mg「サワイ」,5cf8cc06dcca
クロピドグレル硫酸塩,クロピドグレル錠50mg「明治」,3399008F3079,クロピドグレル硫酸塩|クロピドグレル錠「明治」,50.0mg,錠,クロピドグレル錠25mg「明治」,e7a1c78b11cc
クロピドグレル硫酸塩錠,クロピドグレル錠75mg「JG」,3399008F2072,クロピドグレル硫酸塩錠|クロピドグレル錠「JG」,75.0mg,錠,クロピドグレル錠25mg「JG」,7eae7b0c8ffe
クロピドグレル硫酸塩錠,クロピドグレル錠75mg「SANIK」,3399008F2110,クロピドグレル硫酸塩錠|クロピドグレル錠「SANIK」,75.0mg,錠,クロピドグレル錠25mg「SANIK」,ca5c3ea50c6a
クロピドグレル錠,クロピドグレル錠75mg「TCK」,3399008F2137,クロピドグレル錠|クロピドグレル錠「TCK」,75.0mg,錠,クロピドグレル錠25mg「TCK」,ee5665c534f5
クロピドグレル錠,クロピドグレル錠75mg「TCK」（旧製品）,3399008F2137,クロピドグレル錠|クロピドグレル錠「TCK」(旧製品),75.0mg,錠,クロピドグレル錠25mg「TCK」（旧製品）,74836237bb16
クロピドグレル硫酸塩,クロピドグレル錠75mg「VTRS」,3399008F2358,クロピドグレル硫酸塩|クロピドグレル錠「VTRS」,75.0mg,錠,クロピドグレル錠25mg「VTRS」,704fbd80a5b7
クロピドグレル硫酸塩錠,クロピドグレル錠75mg「YD」,3399008F2145,クロピドグレル硫酸塩錠|クロピドグレル錠「YD」,75.0mg,錠,クロピドグレル錠25mg「YD」,37b3ece72ed3
日本薬局方　クロピドグレル硫酸塩錠,クロピドグレル錠75mg「クニヒロ」,3399008F2340,日本薬局方　クロピドグレル硫酸塩錠|クロピドグレル錠「クニヒロ」,75.0mg,錠,クロピドグレル錠25mg「クニヒロ」,d5ef2471bc87
クロピドグレル硫酸塩,クロピドグレル錠75mg「ケミファ」,3399008F2196,クロピドグレル硫酸塩|クロピドグレル錠「ケミファ」,75.0mg,錠,クロピドグレル錠25mg「ケミファ」,bbd72cd40270
クロピドグレル硫酸塩,クロピドグレル錠75mg「サワイ」,3399008F2200,クロピドグレル硫酸塩|クロピドグレル錠「サワイ」,75.0mg,錠,クロピドグレル錠25mg「サワイ」,5cf8cc06dcca
クロピドグレル硫酸塩錠,クロピドグレル錠75mg「サンド」,3399008F2218,クロピドグレル硫酸塩錠|クロピドグレル錠「サンド」,75.0mg,錠,クロピドグレル錠25mg「サンド」,bd689e764989
クロピドグレル硫酸塩,クロピドグレル錠75mg「ツルハラ」,3399008F2242,クロピドグレル硫酸塩|クロピドグレル錠「ツルハラ」,75.0mg,錠,クロピドグレル錠25mg「ツルハラ」,46d1757c3f82
クロピドグレル硫酸塩錠,クロピドグレル錠75mg「トーワ」,3399008F2269,クロピドグレル硫酸塩錠|クロピドグレル錠「トーワ」,75.0mg,錠,クロピドグレル錠25mg「トーワ」,9191a4d260c9
クロピドグレル硫酸塩,クロピドグレル錠75mg「フェルゼン」,3399008F2331,クロピドグレル硫酸塩|クロピドグレル錠「フェルゼン」,75.0mg,錠,クロピドグレル錠25mg「フェルゼン」,50df68c1fb8b
日本薬局方クロピドグレル硫酸塩錠,クロピドグレル錠75mg「三和」,3399008F2226,日本薬局方クロピドグレル硫酸塩錠|クロピドグレル錠「三和」,75.0mg,錠,クロピドグレル錠25mg「三和」,201f5d05a9f7
クロピドグレル硫酸塩,クロピドグレル錠75mg「日新」,3399008F2277,クロピドグレル硫酸塩|クロピドグレル錠「日新」,75.0mg,錠,クロピドグレル錠25mg「日新」,683523e7fc7f
クロピドグレル硫酸塩,クロピドグレル錠75mg「明治」,3399008F2315,クロピドグレル硫酸塩|クロピドグレル錠「明治」,75.0mg,錠,クロピドグレル錠25mg「明治」,e7a1c78b11cc
クロピドグレル硫酸塩,クロピドグレル錠75mg「杏林」,3399008F2188,クロピドグレル硫酸塩|クロピドグレル錠「杏林」,75.0mg,錠,クロピドグレル錠25mg「杏林」,edb57fef670f
クロピドグレル硫酸塩,クロピドグレル錠75mg「科研」,3399008F2170,クロピドグレル硫酸塩|クロピドグレル錠「科研」,75.0mg,錠,クロピドグレル錠25mg「科研」,bc5e5fc3538f
クロカプラミン塩酸塩水和物錠,クロフェクトン錠25mg,1179030F2066,クロカプラミン塩酸塩水和物錠|クロフェクトン錠,25.0mg,錠,クロフェクトン錠10mg,510df64471fb
クロカプラミン塩酸塩水和物錠,クロフェクトン錠50mg,1179030F3020,クロカプラミン塩酸塩水和物錠|クロフェクトン錠,50.0mg,錠,クロフェクトン錠10mg,510df64471fb
"ジヒドロコデインリン酸塩
dl
-メチルエフェドリン塩酸塩クロルフェニラミンマレイン酸塩",クロフェドリンS配合シロップ,2229102Q1111,"ジヒドロコデインリン酸塩
dl
-メチルエフェドリン塩酸塩クロルフェニラミンマレイン酸塩|クロフェドリンS配合シロップ",,シロップ,,c38a82035740
クロベタゾン酪酸エステル,クロベタゾン酪酸エステルクリーム0.05%「イワキ」,2646722N1041,クロベタゾン酪酸エステル|クロベタゾン酪酸エステルクリーム「イワキ」,0.05%,クリーム,,a06453718fd0
クロベタゾン酪酸エステル,クロベタゾン酪酸エステルローション0.05%「イワキ」,2646722Q1064,クロベタゾン酪酸エステル|クロベタゾン酪酸エステルローション「イワキ」,0.05%,ローション,,a06453718fd0
クロベタゾールプロピオン酸エステル,クロベタゾールプロピオン酸エステルクリーム0.05%「MYK」,2646713N1182,クロベタゾールプロピオン酸エステル|クロベタゾールプロピオン酸エステルクリーム「MYK」,0.05%,クリーム,,d54a152fbdae
クロベタゾールプロピオン酸エステル軟膏・クリーム,クロベタゾールプロピオン酸エステルクリーム0.05%「ニットー」,2646713N1220,クロベタゾールプロピオン酸エステル軟膏・クリーム|クロベタゾールプロピオン酸エステルクリーム「ニットー」,0.05%,クリーム,,564966c37e33
クロベタゾールプロピオン酸エステル軟膏・クリーム,クロベタゾールプロピオン酸エステルクリーム0.05%「ラクール」,2646713N1204,クロベタゾールプロピオン酸エステル軟膏・クリーム|クロベタゾールプロピオン酸エステルクリーム「ラクール」,0.05%,クリーム,,e0f4a0ac12c4
クロベタゾールプロピオン酸エステル軟膏・クリーム,クロベタゾールプロピオン酸エステルクリーム0.05%「日医工」,2646713N1212,クロベタゾールプロピオン酸エステル軟膏・クリーム|クロベタゾールプロピオン酸エステルクリーム「日医工」,0.05%,クリーム,,df75fc05d038
クロルジアゼポキシド,クロルジアゼポキシド散1%「ツルハラ」,1124028B1062,クロルジアゼポキシド|クロルジアゼポキシド散「ツルハラ」,1.0%,散剤,,d98d31f4ce40
クロルジアゼポキシド,クロルジアゼポキシド錠10mg「ツルハラ」,1124028F2087,クロルジアゼポキシド|クロルジアゼポキシド錠「ツルハラ」,10.0mg,錠,クロルジアゼポキシド錠5mg「ツルハラ」,d98d31f4ce40
クロルフェネシンカルバミン酸エステル,クロルフェネシンカルバミン酸エステル錠250mg「サワイ」,1225001F2285,クロルフェネシンカルバミン酸エステル|クロルフェネシンカルバミン酸エステル錠「サワイ」,250.0mg,錠,クロルフェネシンカルバミン酸エステル錠125mg「サワイ」,ce8e46c7cdea
クロルフェネシンカルバミン酸エステル製剤,クロルフェネシンカルバミン酸エステル錠250mg「ツルハラ」,1225001F2293,クロルフェネシンカルバミン酸エステル製剤|クロルフェネシンカルバミン酸エステル錠「ツルハラ」,250.0mg,錠,クロルフェネシンカルバミン酸エステル錠125mg「ツルハラ」,16a8300014ca
クロラムフェニコール,クロロマイセチン錠250,6151001F2053,クロラムフェニコール|クロロマイセチン錠250,,錠,,05f759050c23
ダリドレキサント塩酸塩製剤,クービビック錠50mg,1190033F2024,ダリドレキサント塩酸塩製剤|クービビック錠,50.0mg,錠,クービビック錠25mg,d0045f4b10eb
グアンファシン塩酸塩,グアンファシン徐放錠2mg「サワイ」,11790B2G3020,グアンファシン塩酸塩|グアンファシン徐放錠「サワイ」,2.0mg,錠,グアンファシン徐放錠1mg「サワイ」,fcc200dad8d1
グアンファシン塩酸塩徐放錠,グアンファシン徐放錠2mg「トーワ」,11790B2G3039,グアンファシン塩酸塩徐放錠|グアンファシン徐放錠「トーワ」,2.0mg,錠,グアンファシン徐放錠1mg「トーワ」,fa9bae0a86d4
グアンファシン塩酸塩,グアンファシン徐放錠3mg「アメル」,11790B2G2059,グアンファシン塩酸塩|グアンファシン徐放錠「アメル」,3.0mg,錠,グアンファシン徐放錠1mg「アメル」,71439ff483ad
グアンファシン塩酸塩,グアンファシン徐放錠3mg「サワイ」,11790B2G2032,グアンファシン塩酸塩|グアンファシン徐放錠「サワイ」,3.0mg,錠,グアンファシン徐放錠1mg「サワイ」,fcc200dad8d1
グアンファシン塩酸塩徐放錠,グアンファシン徐放錠3mg「トーワ」,11790B2G2040,グアンファシン塩酸塩徐放錠|グアンファシン徐放錠「トーワ」,3.0mg,錠,グアンファシン徐放錠1mg「トーワ」,fa9bae0a86d4
グアンファシン塩酸塩徐放錠,グアンファシン徐放錠3mg「ニプロ」,11790B2G2067,グアンファシン塩酸塩徐放錠|グアンファシン徐放錠「ニプロ」,3.0mg,錠,グアンファシン徐放錠1mg「ニプロ」,c337c09f51b5
グアンファシン塩酸塩徐放錠,グアンファシン徐放錠3mg「明治」,11790B2G2075,グアンファシン塩酸塩徐放錠|グアンファシン徐放錠「明治」,3.0mg,錠,グアンファシン徐放錠1mg「明治」,1308480bf6e9
シタグリプチンリン酸塩水和物錠,グラクティブ錠100mg,3969010F3029,シタグリプチンリン酸塩水和物錠|グラクティブ錠,100.0mg,錠,グラクティブ錠12.5mg,f4183da0e111
シタグリプチンリン酸塩水和物錠,グラクティブ錠25mg,3969010F1026,シタグリプチンリン酸塩水和物錠|グラクティブ錠,25.0mg,錠,グラクティブ錠12.5mg,f4183da0e111
シタグリプチンリン酸塩水和物錠,グラクティブ錠50mg,3969010F2022,シタグリプチンリン酸塩水和物錠|グラクティブ錠,50.0mg,錠,グラクティブ錠12.5mg,f4183da0e111
"タクロリムス水和物徐放性カプセル
Tacrolimus　Hydrate",グラセプターカプセル1mg,3999014N2024,"タクロリムス水和物徐放性カプセル
Tacrolimus　Hydrate|グラセプターカプセル",1.0mg,カプセル,グラセプターカプセル0.5mg,1ee5cb150c6c
"タクロリムス水和物徐放性カプセル
Tacrolimus　Hydrate",グラセプターカプセル5mg,3999014N3020,"タクロリムス水和物徐放性カプセル
Tacrolimus　Hydrate|グラセプターカプセル",5.0mg,カプセル,グラセプターカプセル0.5mg,1ee5cb150c6c
グラニセトロン塩酸塩ゼリー剤,グラニセトロン内服ゼリー2mg「ケミファ」,2391002Q2022,グラニセトロン塩酸塩ゼリー剤|グラニセトロン内服ゼリー「ケミファ」,2.0mg,(不明),グラニセトロン内服ゼリー1mg「ケミファ」,3f356b169f0c
グラニセトロン塩酸塩注射液,グラニセトロン点滴静注バッグ1mg「KCC」,2391400G5062,グラニセトロン塩酸塩注射液|グラニセトロン点滴静注バッグ「KCC」,1.0mg,注射剤,,7c58032b48c1
グラニセトロン塩酸塩注射液,グラニセトロン点滴静注バッグ3mg/100mL「HK」,2391400G1156,グラニセトロン塩酸塩注射液|グラニセトロン点滴静注バッグ/「HK」,3.0mg/100.0ml,注射剤,グラニセトロン点滴静注バッグ1mg/50mL「HK」,b9957c6a52d5
グラニセトロン塩酸塩注射液,グラニセトロン点滴静注バッグ3mg/100mL「NIG」,2391400G1210,グラニセトロン塩酸塩注射液|グラニセトロン点滴静注バッグ/「NIG」,3.0mg/100.0ml,注射剤,グラニセトロン点滴静注バッグ1mg/50mL「NIG」,818f1abb81f3
グラニセトロン塩酸塩,グラニセトロン点滴静注バッグ3mg/100mL「タカタ」,2391400G1229,グラニセトロン塩酸塩|グラニセトロン点滴静注バッグ/「タカタ」,3.0mg/100.0ml,注射剤,グラニセトロン点滴静注バッグ3mg/50mL「タカタ」,efecbe9b68e3
グラニセトロン塩酸塩注射液,グラニセトロン点滴静注バッグ3mg/50mL「HK」,2391400G4031,グラニセトロン塩酸塩注射液|グラニセトロン点滴静注バッグ/「HK」,3.0mg/50.0ml,注射剤,グラニセトロン点滴静注バッグ1mg/50mL「HK」,b9957c6a52d5
グラニセトロン塩酸塩注射液,グラニセトロン点滴静注バッグ3mg/50mL「NIG」,2391400G4104,グラニセトロン塩酸塩注射液|グラニセトロン点滴静注バッグ/「NIG」,3.0mg/50.0ml,注射剤,グラニセトロン点滴静注バッグ1mg/50mL「NIG」,818f1abb81f3
グラニセトロン塩酸塩注射液,グラニセトロン点滴静注液3mgバッグ「アイロム」,2391400G1091,グラニセトロン塩酸塩注射液|グラニセトロン点滴静注液バッグ「アイロム」,3.0mg,注射剤,,7c58032b48c1
グラニセトロン塩酸塩,グラニセトロン点滴静注液3mgバッグ「明治」,2391400G1121,グラニセトロン塩酸塩|グラニセトロン点滴静注液バッグ「明治」,3.0mg,注射剤,,73eeb2588a47
グラニセトロン塩酸塩,グラニセトロン静注液1mgシリンジ「サワイ」,2391400G3035,グラニセトロン塩酸塩|グラニセトロン静注液シリンジ「サワイ」,1.0mg,注射剤,,7e401388a580
グラニセトロン塩酸塩,グラニセトロン静注液3mg「F」,2391400A4055,グラニセトロン塩酸塩|グラニセトロン静注液「F」,3.0mg,注射剤,グラニセトロン静注液1mg「F」,ae2b1e7ce0bd
グラニセトロン塩酸塩注射液,グラニセトロン静注液3mg「アイロム」,2391400A4080,グラニセトロン塩酸塩注射液|グラニセトロン静注液「アイロム」,3.0mg,注射剤,グラニセトロン静注液1mg「アイロム」,7c58032b48c1
グラニセトロン塩酸塩,グラニセトロン静注液3mg「サワイ」,2391400A4152,グラニセトロン塩酸塩|グラニセトロン静注液「サワイ」,3.0mg,注射剤,グラニセトロン静注液1mg「サワイ」,7e401388a580
グラニセトロン塩酸塩注射液,グラニセトロン静注液3mg「トーワ」,2391400A4110,グラニセトロン塩酸塩注射液|グラニセトロン静注液「トーワ」,3.0mg,注射剤,グラニセトロン静注液1mg「トーワ」,c8c83307dffd
グラニセトロン塩酸塩,グラニセトロン静注液3mg「明治」,2391400A4179,グラニセトロン塩酸塩|グラニセトロン静注液「明治」,3.0mg,注射剤,グラニセトロン静注液1mg「明治」,73eeb2588a47
グラニセトロン塩酸塩,グラニセトロン静注液3mgシリンジ「サワイ」,2391400G2039,グラニセトロン塩酸塩|グラニセトロン静注液シリンジ「サワイ」,3.0mg,注射剤,,7e401388a580
チアプリド塩酸塩,グラマリール細粒10%,1190004C1025,チアプリド塩酸塩|グラマリール細粒,10.0%,(不明),,61e319e4b823
チアプリド塩酸塩,グラマリール錠50mg,1190004F2028,チアプリド塩酸塩|グラマリール錠,50.0mg,錠,グラマリール錠25mg,61e319e4b823
フィルグラスチム（遺伝子組換え）,グランシリンジ150,3399405G2026,フィルグラスチム（遺伝子組換え）|グランシリンジ150,,(不明),,b47fe1b578a5
フィルグラスチム（遺伝子組換え）,グランシリンジ75,3399405G1020,フィルグラスチム（遺伝子組換え）|グランシリンジ75,,(不明),,b47fe1b578a5
フィルグラスチム（遺伝子組換え）,グランシリンジM300,3399405G3022,フィルグラスチム（遺伝子組換え）|グランシリンジM300,,(不明),,b47fe1b578a5
フィルグラスチム（遺伝子組換え）,グラン注射液M300,3399405A4026,フィルグラスチム（遺伝子組換え）|グラン注射液M300,,注射剤,,b47fe1b578a5
グリクラジド錠,グリクラジド錠40mg「NP」,3961007F1166,グリクラジド錠|グリクラジド錠「NP」,40.0mg,錠,グリクラジド錠20mg「NP」,c4b1b42ebf30
グリクラジド,グリクラジド錠40mg「サワイ」,3961007F1204,グリクラジド|グリクラジド錠「サワイ」,40.0mg,錠,グリクラジド錠20mg「サワイ」,20b2709dd397
グリクラジド錠,グリクラジド錠40mg「トーワ」,3961007F1212,グリクラジド錠|グリクラジド錠「トーワ」,40.0mg,錠,グリクラジド錠20mg「トーワ」,3c9a05b1f283
クロベタゾールプロピオン酸エステル製剤,グリジールクリーム0.05％,2646713N1174,クロベタゾールプロピオン酸エステル製剤|グリジールクリーム,0.05%,クリーム,,36fa4286057f
濃グリセリン・果糖,グリセオール注,2190501A6087,濃グリセリン・果糖|グリセオール注,,注射剤,グリセオール注,a2a5fdeec189
濃グリセリン・果糖,グリセオール注,2190501A5064,濃グリセリン・果糖|グリセオール注,,注射剤,グリセオール注,a2a5fdeec189
濃グリセリン・果糖注射液,グリセリン・果糖配合点滴静注「HK」,2190501A6109,濃グリセリン・果糖注射液|グリセリン・果糖配合点滴静注「HK」,,注射剤,グリセリン・果糖配合点滴静注「HK」,9ad7e705bedf
濃グリセリン・果糖注射液,グリセリン・果糖配合点滴静注「HK」,2190501A3100,濃グリセリン・果糖注射液|グリセリン・果糖配合点滴静注「HK」,,注射剤,グリセリン・果糖配合点滴静注「HK」,9ad7e705bedf
ディスポーザブル浣腸,グリセリン浣腸「オヲタ」120,2357701K8045,ディスポーザブル浣腸|グリセリン浣腸「オヲタ」120,,(不明),,efbfc8568b14
ディスポーザブル浣腸,グリセリン浣腸「オヲタ」60,2357701K6050,ディスポーザブル浣腸|グリセリン浣腸「オヲタ」60,,(不明),,efbfc8568b14
ディスポーザブル浣腸,グリセリン浣腸「オヲタ」小児用30,2357701K3043,ディスポーザブル浣腸|グリセリン浣腸「オヲタ」小児用30,,(不明),,efbfc8568b14
グリセリン,グリセリン浣腸「ヤマゼン」,2357701K1040,グリセリン|グリセリン浣腸「ヤマゼン」,,(不明),グリセリン浣腸「ヤマゼン」,098497edad7b
グリセリン,グリセリン浣腸「ヤマゼン」,2357701K6077,グリセリン|グリセリン浣腸「ヤマゼン」,,(不明),グリセリン浣腸「ヤマゼン」,098497edad7b
グリセリン,グリセリン浣腸「ヤマゼン」,2357701K8061,グリセリン|グリセリン浣腸「ヤマゼン」,,(不明),グリセリン浣腸「ヤマゼン」,098497edad7b
グリセリン,グリセリン浣腸液50%「ケンエー」　120mL,2357701K8193,グリセリン|グリセリン浣腸液「ケンエー」,50.0%/120.0ml,液剤,グリセリン浣腸液50%「ケンエー」　30mL,1c6f4364edc1
グリセリン,グリセリン浣腸液50%「ケンエー」　150mL,2357701K9181,グリセリン|グリセリン浣腸液「ケンエー」,50.0%/150.0ml,液剤,グリセリン浣腸液50%「ケンエー」　30mL,1c6f4364edc1
グリセリン,グリセリン浣腸液50%「ケンエー」　40mL,2357701K4112,グリセリン|グリセリン浣腸液「ケンエー」,50.0%/40.0ml,液剤,グリセリン浣腸液50%「ケンエー」　30mL,1c6f4364edc1
グリセリン,グリセリン浣腸液50%「ケンエー」　500mL,2357701K1121,グリセリン|グリセリン浣腸液「ケンエー」,50.0%/500.0ml,液剤,グリセリン浣腸液50%「ケンエー」　30mL,1c6f4364edc1
グリセリン,グリセリン浣腸液50%「ケンエー」　50mL,2357701K5046,グリセリン|グリセリン浣腸液「ケンエー」,50.0%/50.0ml,液剤,グリセリン浣腸液50%「ケンエー」　30mL,1c6f4364edc1
グリセリン,グリセリン浣腸液50%「ケンエー」　60mL,2357701K6239,グリセリン|グリセリン浣腸液「ケンエー」,50.0%/60.0ml,液剤,グリセリン浣腸液50%「ケンエー」　30mL,1c6f4364edc1
グリセリン,グリセリン浣腸液50%「ケンエー」　90mL,2357701Y1043,グリセリン|グリセリン浣腸液「ケンエー」,50.0%/90.0ml,液剤,グリセリン浣腸液50%「ケンエー」　30mL,1c6f4364edc1
日本薬局方グリセリン(Glycerin),グリセリン浣腸液50％「ムネ」120mL,2357701K8185,日本薬局方グリセリン(Glycerin)|グリセリン浣腸液「ムネ」,50.0%/120.0ml,液剤,グリセリン浣腸液50％「ムネ」30mL,bf2f237dfb18
日本薬局方グリセリン(Glycerin),グリセリン浣腸液50％「ムネ」150mL,2357701K9173,日本薬局方グリセリン(Glycerin)|グリセリン浣腸液「ムネ」,50.0%/150.0ml,液剤,グリセリン浣腸液50％「ムネ」30mL,bf2f237dfb18
日本薬局方グリセリン(Glycerin),グリセリン浣腸液50％「ムネ」60mL,2357701K6220,日本薬局方グリセリン(Glycerin)|グリセリン浣腸液「ムネ」,50.0%/60.0ml,液剤,グリセリン浣腸液50％「ムネ」30mL,bf2f237dfb18
濃グリセリン・果糖,グリセレブ配合点滴静注 (300mL),2190501A6117,濃グリセリン・果糖|グリセレブ配合点滴静注(),300.0ml,注射剤,グリセレブ配合点滴静注 (200mL),5279a9e5dea5
グリベンクラミド錠,グリベンクラミド錠2.5mg「NIG」,3961003F2261,グリベンクラミド錠|グリベンクラミド錠「NIG」,2.5mg,錠,グリベンクラミド錠1.25mg「NIG」,1819c02b36fc
グリベンクラミド,グリベンクラミド錠2.5mg「サワイ」,3961003F2229,グリベンクラミド|グリベンクラミド錠「サワイ」,2.5mg,錠,グリベンクラミド錠1.25mg「サワイ」,49bb13c3b6eb
グリベンクラミド錠,グリベンクラミド錠2.5mg「トーワ」,3961003F2172,グリベンクラミド錠|グリベンクラミド錠「トーワ」,2.5mg,錠,グリベンクラミド錠1.25mg「トーワ」,c462cea0b887
グリベンクラミド錠,グリベンクラミド錠2.5mg「三和」,3961003F2245,グリベンクラミド錠|グリベンクラミド錠「三和」,2.5mg,錠,グリベンクラミド錠1.25mg「三和」,7d669904b880
グリクラジド,グリミクロン錠40mg,3961007F1115,グリクラジド|グリミクロン錠,40.0mg,錠,,3bc60db362c8
グリメピリド口腔内崩壊錠,グリメピリドOD錠1mg「ケミファ」,3961008F4054,グリメピリド口腔内崩壊錠|グリメピリドOD錠「ケミファ」,1.0mg,OD錠,グリメピリドOD錠0.5mg「ケミファ」,a6da91fe7070
グリメピリド口腔内崩壊錠,グリメピリドOD錠1mg「トーワ」,3961008F4100,グリメピリド口腔内崩壊錠|グリメピリドOD錠「トーワ」,1.0mg,OD錠,グリメピリドOD錠0.5mg「トーワ」,c5d1a6d6ecf2
グリメピリド口腔内崩壊錠,グリメピリドOD錠1mg「日医工」,3961008F4097,グリメピリド口腔内崩壊錠|グリメピリドOD錠「日医工」,1.0mg,OD錠,グリメピリドOD錠0.5mg「日医工」,07ee108f1ba5
グリメピリド口腔内崩壊錠,グリメピリドOD錠3mg「ケミファ」,3961008F5050,グリメピリド口腔内崩壊錠|グリメピリドOD錠「ケミファ」,3.0mg,OD錠,グリメピリドOD錠0.5mg「ケミファ」,a6da91fe7070
グリメピリド口腔内崩壊錠,グリメピリドOD錠3mg「トーワ」,3961008F5107,グリメピリド口腔内崩壊錠|グリメピリドOD錠「トーワ」,3.0mg,OD錠,グリメピリドOD錠0.5mg「トーワ」,c5d1a6d6ecf2
グリメピリド口腔内崩壊錠,グリメピリドOD錠3mg「日医工」,3961008F5093,グリメピリド口腔内崩壊錠|グリメピリドOD錠「日医工」,3.0mg,OD錠,グリメピリドOD錠0.5mg「日医工」,07ee108f1ba5
グリメピリド,グリメピリド錠1mg「AA」,3961008F1039,グリメピリド|グリメピリド錠「AA」,1.0mg,錠,グリメピリド錠0.5mg「AA」,fc06aaef5938
グリメピリド錠,グリメピリド錠1mg「JG」,3961008F1071,グリメピリド錠|グリメピリド錠「JG」,1.0mg,錠,グリメピリド錠0.5mg「JG」,272110ba134b
グリメピリド,グリメピリド錠1mg「Me」,3961008F1357,グリメピリド|グリメピリド錠「Me」,1.0mg,錠,グリメピリド錠0.5mg「Me」,a03a7f04eb04
グリメピリド,グリメピリド錠1mg「NC」,3961008F1403,グリメピリド|グリメピリド錠「NC」,1.0mg,錠,グリメピリド錠0.5mg「NC」,6d7e1a16bec6
グリメピリド錠,グリメピリド錠1mg「NIG」,3961008F1390,グリメピリド錠|グリメピリド錠「NIG」,1.0mg,錠,グリメピリド錠0.5mg「NIG」,3377a27048ff
グリメピリド,グリメピリド錠1mg「NP」,3961008F1101,グリメピリド|グリメピリド錠「NP」,1.0mg,錠,グリメピリド錠0.5mg「NP」,2c89962e6e87
グリメピリド錠,グリメピリド錠1mg「TCK」,3961008F1110,グリメピリド錠|グリメピリド錠「TCK」,1.0mg,錠,グリメピリド錠0.5mg「TCK」,4f40deca8707
グリメピリド,グリメピリド錠1mg「VTRS」,3961008F1373,グリメピリド|グリメピリド錠「VTRS」,1.0mg,錠,グリメピリド錠0.5mg「VTRS」,644d065332d3
グリメピリド錠,グリメピリド錠1mg「YD」,3961008F1128,グリメピリド錠|グリメピリド錠「YD」,1.0mg,錠,グリメピリド錠0.5mg「YD」,de03b7315649
グリメピリド,グリメピリド錠1mg「ZE」,3961008F1136,グリメピリド|グリメピリド錠「ZE」,1.0mg,錠,グリメピリド錠0.5mg「ZE」,126b6eb78d5b
グリメピリド錠,グリメピリド錠1mg「オーハラ」,3961008F1160,グリメピリド錠|グリメピリド錠「オーハラ」,1.0mg,錠,グリメピリド錠0.5mg「オーハラ」,46f4127d8d61
グリメピリド,グリメピリド錠1mg「ケミファ」,3961008F1195,グリメピリド|グリメピリド錠「ケミファ」,1.0mg,錠,グリメピリド錠0.5mg「ケミファ」,ee9ce9763512
グリメピリド,グリメピリド錠1mg「サワイ」,3961008F1217,グリメピリド|グリメピリド錠「サワイ」,1.0mg,錠,グリメピリド錠0.5mg「サワイ」,d0bcb5823f75
グリメピリド錠,グリメピリド錠1mg「サンド」,3961008F1322,グリメピリド錠|グリメピリド錠「サンド」,1.0mg,錠,グリメピリド錠0.5mg「サンド」,f575047ec980
グリメピリド錠,グリメピリド錠1mg「トーワ」,3961008F1250,グリメピリド錠|グリメピリド錠「トーワ」,1.0mg,錠,グリメピリド錠0.5mg「トーワ」,e3702c6e69ee
グリメピリド,グリメピリド錠1mg「フェルゼン」,3961008F1365,グリメピリド|グリメピリド錠「フェルゼン」,1.0mg,錠,グリメピリド錠0.5mg「フェルゼン」,256ca58f8346
グリメピリド,グリメピリド錠1mg「三和」,3961008F1225,グリメピリド|グリメピリド錠「三和」,1.0mg,錠,グリメピリド錠0.5mg「三和」,26f131df4261
グリメピリド,グリメピリド錠1mg「日新」,3961008F1276,グリメピリド|グリメピリド錠「日新」,1.0mg,錠,グリメピリド錠0.5mg「日新」,92f33c923c81
グリメピリド,グリメピリド錠1mg「杏林」,3961008F1187,グリメピリド|グリメピリド錠「杏林」,1.0mg,錠,グリメピリド錠0.5mg「杏林」,4be55594e222
グリメピリド,グリメピリド錠1mg「科研」,3961008F1179,グリメピリド|グリメピリド錠「科研」,1.0mg,錠,グリメピリド錠0.5mg「科研」,cfa43c9b895b
グリメピリド,グリメピリド錠3mg「AA」,3961008F2035,グリメピリド|グリメピリド錠「AA」,3.0mg,錠,グリメピリド錠0.5mg「AA」,fc06aaef5938
グリメピリド錠,グリメピリド錠3mg「JG」,3961008F2078,グリメピリド錠|グリメピリド錠「JG」,3.0mg,錠,グリメピリド錠0.5mg「JG」,272110ba134b
グリメピリド,グリメピリド錠3mg「Me」,3961008F2353,グリメピリド|グリメピリド錠「Me」,3.0mg,錠,グリメピリド錠0.5mg「Me」,a03a7f04eb04
グリメピリド,グリメピリド錠3mg「NC」,3961008F2400,グリメピリド|グリメピリド錠「NC」,3.0mg,錠,グリメピリド錠0.5mg「NC」,6d7e1a16bec6
グリメピリド錠,グリメピリド錠3mg「NIG」,3961008F2396,グリメピリド錠|グリメピリド錠「NIG」,3.0mg,錠,グリメピリド錠0.5mg「NIG」,3377a27048ff
グリメピリド,グリメピリド錠3mg「NP」,3961008F2108,グリメピリド|グリメピリド錠「NP」,3.0mg,錠,グリメピリド錠0.5mg「NP」,2c89962e6e87
グリメピリド錠,グリメピリド錠3mg「TCK」,3961008F2116,グリメピリド錠|グリメピリド錠「TCK」,3.0mg,錠,グリメピリド錠0.5mg「TCK」,4f40deca8707
グリメピリド,グリメピリド錠3mg「VTRS」,3961008F2370,グリメピリド|グリメピリド錠「VTRS」,3.0mg,錠,グリメピリド錠0.5mg「VTRS」,644d065332d3
グリメピリド錠,グリメピリド錠3mg「YD」,3961008F2124,グリメピリド錠|グリメピリド錠「YD」,3.0mg,錠,グリメピリド錠0.5mg「YD」,de03b7315649
グリメピリド,グリメピリド錠3mg「ZE」,3961008F2132,グリメピリド|グリメピリド錠「ZE」,3.0mg,錠,グリメピリド錠0.5mg「ZE」,126b6eb78d5b
グリメピリド錠,グリメピリド錠3mg「オーハラ」,3961008F2167,グリメピリド錠|グリメピリド錠「オーハラ」,3.0mg,錠,グリメピリド錠0.5mg「オーハラ」,46f4127d8d61
グリメピリド,グリメピリド錠3mg「ケミファ」,3961008F2191,グリメピリド|グリメピリド錠「ケミファ」,3.0mg,錠,グリメピリド錠0.5mg「ケミファ」,ee9ce9763512
グリメピリド,グリメピリド錠3mg「サワイ」,3961008F2213,グリメピリド|グリメピリド錠「サワイ」,3.0mg,錠,グリメピリド錠0.5mg「サワイ」,d0bcb5823f75
グリメピリド錠,グリメピリド錠3mg「サンド」,3961008F2329,グリメピリド錠|グリメピリド錠「サンド」,3.0mg,錠,グリメピリド錠0.5mg「サンド」,f575047ec980
グリメピリド錠,グリメピリド錠3mg「トーワ」,3961008F2256,グリメピリド錠|グリメピリド錠「トーワ」,3.0mg,錠,グリメピリド錠0.5mg「トーワ」,e3702c6e69ee
グリメピリド,グリメピリド錠3mg「フェルゼン」,3961008F2361,グリメピリド|グリメピリド錠「フェルゼン」,3.0mg,錠,グリメピリド錠0.5mg「フェルゼン」,256ca58f8346
グリメピリド,グリメピリド錠3mg「三和」,3961008F2221,グリメピリド|グリメピリド錠「三和」,3.0mg,錠,グリメピリド錠0.5mg「三和」,26f131df4261
グリメピリド,グリメピリド錠3mg「日新」,3961008F2272,グリメピリド|グリメピリド錠「日新」,3.0mg,錠,グリメピリド錠0.5mg「日新」,92f33c923c81
グリメピリド,グリメピリド錠3mg「杏林」,3961008F2183,グリメピリド|グリメピリド錠「杏林」,3.0mg,錠,グリメピリド錠0.5mg「杏林」,4be55594e222
グリメピリド,グリメピリド錠3mg「科研」,3961008F2175,グリメピリド|グリメピリド錠「科研」,3.0mg,錠,グリメピリド錠0.5mg「科研」,cfa43c9b895b
グルコン酸カリウム製剤,グルコンサンK細粒4mEq/g,3229007C1032,グルコン酸カリウム製剤|グルコンサンK細粒4mEq/g,,(不明),,24cf153d2da6
グルコン酸カリウム製剤,グルコンサンK錠2.5mEq,3229007F1047,グルコン酸カリウム製剤|グルコンサンK錠2.5mEq,,錠,,24cf153d2da6
アルテプラーゼ（遺伝子組換え）静注剤,グルトパ注1200万,3959402D2031,アルテプラーゼ（遺伝子組換え）静注剤|グルトパ注1200万,,注射剤,,21c668af90d9
アルテプラーゼ（遺伝子組換え）静注剤,グルトパ注2400万,3959402D3038,アルテプラーゼ（遺伝子組換え）静注剤|グルトパ注2400万,,注射剤,,21c668af90d9
グルファスト錠：日本薬局方ミチグリニドカルシウム錠グルファストOD錠：ミチグリニドカルシウム水和物口腔内崩壊錠,グルファストOD錠10mg,3969008F4028,グルファスト錠：日本薬局方ミチグリニドカルシウム錠グルファストOD錠：ミチグリニドカルシウム水和物口腔内崩壊錠|グルファストOD錠,10.0mg,OD錠,,df0dfd1b2392
グルファスト錠：日本薬局方ミチグリニドカルシウム錠グルファストOD錠：ミチグリニドカルシウム水和物口腔内崩壊錠,グルファストOD錠5mg,3969008F3021,グルファスト錠：日本薬局方ミチグリニドカルシウム錠グルファストOD錠：ミチグリニドカルシウム水和物口腔内崩壊錠|グルファストOD錠,5.0mg,OD錠,,df0dfd1b2392
グルファスト錠：日本薬局方ミチグリニドカルシウム錠グルファストOD錠：ミチグリニドカルシウム水和物口腔内崩壊錠,グルファスト錠10mg,3969008F2025,グルファスト錠：日本薬局方ミチグリニドカルシウム錠グルファストOD錠：ミチグリニドカルシウム水和物口腔内崩壊錠|グルファスト錠,10.0mg,錠,グルファスト錠5mg,df0dfd1b2392
シタフロキサシン水和物製剤,グレースビット細粒10%,6241018C1020,シタフロキサシン水和物製剤|グレースビット細粒,10.0%,(不明),,d21d430aee32
注射用ソマトロピン（遺伝子組換え）,グロウジェクト皮下注12mg,2412402A5036,注射用ソマトロピン（遺伝子組換え）|グロウジェクト皮下注,12.0mg,注射剤,グロウジェクト皮下注6mg,f6ad50947335
人免疫グロブリン,グロブリン筋注1500mg/10mL「JB」,6343412X1176,人免疫グロブリン|グロブリン筋注/「JB」,1500.0mg/10.0ml,注射剤,グロブリン筋注450mg/3mL「JB」,a86b85e90dc9
pH4処理酸性人免疫グロブリン,グロベニン−I10%静注10g/100mL,6343427H3022,pH4処理酸性人免疫グロブリン|グロベニン−I静注/,10.0%/10.0g/100.0ml,注射剤,グロベニン−I10%静注5g/50mL,fbb8895be133
pH4処理酸性人免疫グロブリン,グロベニン−I10%静注20g/200mL,6343427H4029,pH4処理酸性人免疫グロブリン|グロベニン−I静注/,10.0%/20.0g/200.0ml,注射剤,グロベニン−I10%静注5g/50mL,fbb8895be133
乾燥濃縮人プロトロンビン複合体,ケイセントラ静注用1000,6343449D2020,乾燥濃縮人プロトロンビン複合体|ケイセントラ静注用1000,,注射剤,,4545fc588b75
静注用ケタミン塩酸塩,ケタラール静注用200mg,1119400A1031,静注用ケタミン塩酸塩|ケタラール静注用,200.0mg,注射剤,ケタラール静注用50mg,b38fb6b622e6
日本薬局方　ケトコナゾールクリーム、日本薬局方　ケトコナゾール液,ケトコナゾール外用ポンプスプレー2%「NR」,2655709R1047,日本薬局方　ケトコナゾールクリーム、日本薬局方　ケトコナゾール液|ケトコナゾール外用ポンプスプレー「NR」,2.0%,(不明),,279bb036e3d3
日本薬局方　ケトコナゾールクリーム、日本薬局方　ケトコナゾール液,ケトコナゾール外用液2%「NR」,2655709Q1076,日本薬局方　ケトコナゾールクリーム、日本薬局方　ケトコナゾール液|ケトコナゾール外用液「NR」,2.0%,液剤,,279bb036e3d3
ケトチフェンフマル酸塩シロップ・ドライシロップ,ケトチフェンドライシロップ0.1%「NIG」,4490003R1368,ケトチフェンフマル酸塩シロップ・ドライシロップ|ケトチフェンドライシロップ「NIG」,0.1%,ドライシロップ,,aa141513f49e
ケトプロフェン含有プラスター剤,ケトプロフェンテープ40mg「BMD」,2649729S3165,ケトプロフェン含有プラスター剤|ケトプロフェンテープ「BMD」,40.0mg,貼付剤,ケトプロフェンテープ20mg「BMD」,3652daf82708
ケトプロフェンテープ,ケトプロフェンテープ40mg「SN」,2649729S3173,ケトプロフェンテープ|ケトプロフェンテープ「SN」,40.0mg,貼付剤,ケトプロフェンテープ20mg「SN」,22a28dbbf3f5
ケトプロフェンテープ,ケトプロフェンテープ40mg「テイコク」,2649729S3157,ケトプロフェンテープ|ケトプロフェンテープ「テイコク」,40.0mg,貼付剤,,972efd510d4d
ケトプロフェン貼付剤,ケトプロフェンテープ40mg「トーワ」,2649729S3190,ケトプロフェン貼付剤|ケトプロフェンテープ「トーワ」,40.0mg,貼付剤,ケトプロフェンテープ20mg「トーワ」,906d529f31c5
ケトプロフェンテープ,ケトプロフェンテープ40mg「ラクール」,2649729S3092,ケトプロフェンテープ|ケトプロフェンテープ「ラクール」,40.0mg,貼付剤,ケトプロフェンテープ20mg「ラクール」,29aea17580a9
ケトプロフェン含有プラスター剤,ケトプロフェンテープ40mg「三和」,2649729S3203,ケトプロフェン含有プラスター剤|ケトプロフェンテープ「三和」,40.0mg,貼付剤,ケトプロフェンテープ20mg「三和」,1b437a84e60f
ケトプロフェン,ケトプロフェンテープ40mg「日医工」,2649729S3114,ケトプロフェン|ケトプロフェンテープ「日医工」,40.0mg,貼付剤,ケトプロフェンテープ20mg「日医工」,b459663d4237
ケトプロフェン,ケトプロフェンテープ40mg「杏林」,2649729S3181,ケトプロフェン|ケトプロフェンテープ「杏林」,40.0mg,貼付剤,ケトプロフェンテープ20mg「杏林」,80c65cae79e4
ケトプロフェンテープ,ケトプロフェンテープ40mg「東光」,2649729S3149,ケトプロフェンテープ|ケトプロフェンテープ「東光」,40.0mg,貼付剤,ケトプロフェンテープ20mg「東光」,9e872588ae3d
ケトプロフェン,ケトプロフェン坐剤75mg「JG」,1149700J2104,ケトプロフェン|ケトプロフェン坐剤「JG」,75.0mg,坐剤,ケトプロフェン坐剤50mg「JG」,bd3d64bbc2bf
ケトプロフェン,ケトプロフェン坐剤75mg「日新」,1149700J2112,ケトプロフェン|ケトプロフェン坐剤「日新」,75.0mg,坐剤,ケトプロフェン坐剤50mg「日新」,260369f9a2b8
セファレキシン,ケフレックスシロップ用細粒200,6132002R2032,セファレキシン|ケフレックスシロップ用細粒200,,シロップ,,6be2d37929de
サリルマブ（遺伝子組換え）製剤,ケブザラ皮下注150mgオートインジェクター,3999444G3025,サリルマブ（遺伝子組換え）製剤|ケブザラ皮下注オートインジェクター,150.0mg,注射剤,,0bf42c00bdfe
サリルマブ（遺伝子組換え）製剤,ケブザラ皮下注200mgオートインジェクター,3999444G4021,サリルマブ（遺伝子組換え）製剤|ケブザラ皮下注オートインジェクター,200.0mg,注射剤,,0bf42c00bdfe
サリルマブ（遺伝子組換え）製剤,ケブザラ皮下注200mgシリンジ,3999444G2029,サリルマブ（遺伝子組換え）製剤|ケブザラ皮下注シリンジ,200.0mg,注射剤,ケブザラ皮下注150mgシリンジ,0bf42c00bdfe
ベタキソロール塩酸塩,ケルロング錠10mg,2149031F2023,ベタキソロール塩酸塩|ケルロング錠,10.0mg,錠,ケルロング錠5mg,2357cbee449c
フィネレノン,ケレンディア錠20mg,2190044F2027,フィネレノン|ケレンディア錠,20.0mg,錠,ケレンディア錠10mg,93e40ea065f0
ゲムシタビン塩酸塩,ゲムシタビン点滴静注液1g/25mL「NK」,4224403A2030,ゲムシタビン塩酸塩|ゲムシタビン点滴静注液/「NK」,1.0g/25.0ml,注射剤,ゲムシタビン点滴静注液200mg/5mL「NK」,25b67e30adb0
ゲムシタビン塩酸塩注射液,ゲムシタビン点滴静注液1g/25mL「サンド」,4224403A2022,ゲムシタビン塩酸塩注射液|ゲムシタビン点滴静注液/「サンド」,1.0g/25.0ml,注射剤,ゲムシタビン点滴静注液200mg/5mL「サンド」,7e066bdaa5f9
ゲムシタビン塩酸塩,ゲムシタビン点滴静注用1g「NK」,4224403D2070,ゲムシタビン塩酸塩|ゲムシタビン点滴静注用「NK」,1.0g,注射剤,ゲムシタビン点滴静注用200mg「NK」,9fbadba38818
ゲムシタビン塩酸塩,ゲムシタビン点滴静注用1g「タカタ」,4224403D2169,ゲムシタビン塩酸塩|ゲムシタビン点滴静注用「タカタ」,1.0g,注射剤,ゲムシタビン点滴静注用200mg「タカタ」,5fc6e6bfd532
ゲムシタビン塩酸塩,ゲムシタビン点滴静注用1g「ヤクルト」,4224403D2061,ゲムシタビン塩酸塩|ゲムシタビン点滴静注用「ヤクルト」,1.0g,注射剤,ゲムシタビン点滴静注用200mg「ヤクルト」,2ae0a810a84f
"ゲンタマイシン硫酸塩軟膏
ゲンタマイシン硫酸塩クリーム",ゲンタシンクリーム0.1%,2634710N1030,"ゲンタマイシン硫酸塩軟膏
ゲンタマイシン硫酸塩クリーム|ゲンタシンクリーム",0.1%,クリーム,,33c36e055c7e
ゲンタマイシン硫酸塩注射液,ゲンタシン注40,6134407A2071,ゲンタマイシン硫酸塩注射液|ゲンタシン注40,,注射剤,,52e778fe3139
ゲンタマイシン硫酸塩注射液,ゲンタシン注60,6134407A3043,ゲンタマイシン硫酸塩注射液|ゲンタシン注60,,注射剤,,52e778fe3139
ゲンタマイシン硫酸塩,ゲンタマイシン硫酸塩注射液40mg「F」,6134407A2110,ゲンタマイシン硫酸塩|ゲンタマイシン硫酸塩注射液「F」,40.0mg,注射剤,ゲンタマイシン硫酸塩注射液10mg「F」,67126f63c832
ゲンタマイシン硫酸塩,ゲンタマイシン硫酸塩注射液40mg「日医工」,6134407A2101,ゲンタマイシン硫酸塩|ゲンタマイシン硫酸塩注射液「日医工」,40.0mg,注射剤,ゲンタマイシン硫酸塩注射液10mg「日医工」,ba04121dfca5
ゲンタマイシン硫酸塩,ゲンタマイシン硫酸塩注射液60mg「F」,6134407A3108,ゲンタマイシン硫酸塩|ゲンタマイシン硫酸塩注射液「F」,60.0mg,注射剤,ゲンタマイシン硫酸塩注射液10mg「F」,67126f63c832
ゲンタマイシン硫酸塩,ゲンタマイシン硫酸塩注射液60mg「日医工」,6134407A3094,ゲンタマイシン硫酸塩|ゲンタマイシン硫酸塩注射液「日医工」,60.0mg,注射剤,ゲンタマイシン硫酸塩注射液10mg「日医工」,ba04121dfca5
セファロチンナトリウム,コアキシン注射用2g,6132403D3128,セファロチンナトリウム|コアキシン注射用,2.0g,注射剤,コアキシン注射用1g,9984f306e11a
フロプロピオン,コスパノンカプセル40mg,1249007M1252,フロプロピオン|コスパノンカプセル,40.0mg,カプセル,,7ea7fc45018c
フロプロピオン,コスパノン錠80mg,1249007F2020,フロプロピオン|コスパノン錠,80.0mg,錠,コスパノン錠40mg,7ea7fc45018c
セルメチニブ硫酸塩,コセルゴカプセル25mg,4299004M2021,セルメチニブ硫酸塩|コセルゴカプセル,25.0mg,カプセル,コセルゴカプセル10mg,3cbcd12301e8
セルメチニブ硫酸塩,コセルゴ顆粒7.5mg,4299004D2021,セルメチニブ硫酸塩|コセルゴ顆粒,7.5mg,顆粒,コセルゴ顆粒5mg,f8de323b99d9
セクキヌマブ（遺伝子組換え）,コセンティクス皮下注300mgペン,3999439G4020,セクキヌマブ（遺伝子組換え）|コセンティクス皮下注ペン,300.0mg,注射剤,コセンティクス皮下注150mgペン,71b77c956b42
セクキヌマブ（遺伝子組換え）,コセンティクス皮下注75mgシリンジ,3999439G3024,セクキヌマブ（遺伝子組換え）|コセンティクス皮下注シリンジ,75.0mg,注射剤,,71b77c956b42
ドルゾラミド塩酸塩・チモロールマレイン酸塩点眼液,コソプトミニ配合点眼液,1319819Q2026,ドルゾラミド塩酸塩・チモロールマレイン酸塩点眼液|コソプトミニ配合点眼液,,点眼剤,,fd9c370c530e
"バルサルタン
ヒドロクロロチアジド",コディオ配合錠EX,2149112F2029,"バルサルタン
ヒドロクロロチアジド|コディオ配合錠EX",,錠,,bced7834a407
コデインリン酸塩水和物,コデインリン酸塩散10％「タケダ」,8115002B2091,コデインリン酸塩水和物|コデインリン酸塩散「タケダ」,10.0%,散剤,,e152a8ca8ddc
ベニジピン塩酸塩,コニール錠4,2171021F2020,ベニジピン塩酸塩|コニール錠4,,錠,,cb740d0863e7
ベニジピン塩酸塩,コニール錠8,2171021F3027,ベニジピン塩酸塩|コニール錠8,,錠,,cb740d0863e7
ペリンドプリルエルブミン,コバシル錠4mg,2144012F2024,ペリンドプリルエルブミン|コバシル錠,4.0mg,錠,コバシル錠2mg,ae820f5cb0cf
オクトコグ　ベータ（遺伝子組換え）,コバールトリイ静注用1000,6343447D3028,オクトコグ　ベータ（遺伝子組換え）|コバールトリイ静注用1000,,注射剤,,979f9f613060
オクトコグ　ベータ（遺伝子組換え）,コバールトリイ静注用2000,6343447D4024,オクトコグ　ベータ（遺伝子組換え）|コバールトリイ静注用2000,,注射剤,,979f9f613060
オクトコグ　ベータ（遺伝子組換え）,コバールトリイ静注用3000,6343447D5020,オクトコグ　ベータ（遺伝子組換え）|コバールトリイ静注用3000,,注射剤,,979f9f613060
オクトコグ　ベータ（遺伝子組換え）,コバールトリイ静注用500,6343447D2021,オクトコグ　ベータ（遺伝子組換え）|コバールトリイ静注用500,,注射剤,,979f9f613060
ジラゼプ塩酸塩水和物,コメリアンコーワ錠100,2171005F2021,ジラゼプ塩酸塩水和物|コメリアンコーワ錠100,,錠,,19f8f547ded4
イバブラジン塩酸塩錠,コララン錠5mg,2190039F2026,イバブラジン塩酸塩錠|コララン錠,5.0mg,錠,コララン錠2.5mg,f095119344ab
イバブラジン塩酸塩錠,コララン錠7.5mg,2190039F3022,イバブラジン塩酸塩錠|コララン錠,7.5mg,錠,コララン錠2.5mg,f095119344ab
ジフェリケファリン酢酸塩注射液,コルスバ静注透析用シリンジ25.0μg,1290402G2022,ジフェリケファリン酢酸塩注射液|コルスバ静注透析用シリンジ,25.0μg,注射剤,コルスバ静注透析用シリンジ17.5μg,d10b8b267c49
ジフェリケファリン酢酸塩注射液,コルスバ静注透析用シリンジ35.0μg,1290402G3029,ジフェリケファリン酢酸塩注射液|コルスバ静注透析用シリンジ,35.0μg,注射剤,コルスバ静注透析用シリンジ17.5μg,d10b8b267c49
クロフェダノール塩酸塩錠・顆粒,コルドリン顆粒4.17%,2229002D1030,クロフェダノール塩酸塩錠・顆粒|コルドリン顆粒,4.17%,顆粒,,40e5f32ca7e9
デルゴシチニブ軟膏,コレクチム軟膏0.25%,2699714M2025,デルゴシチニブ軟膏|コレクチム軟膏,0.25%,軟膏,コレクチム軟膏0.5%,c7d5816aa983
コレスチミド,コレバインミニ83%,2189014D2024,コレスチミド|コレバインミニ,83.0%,(不明),,d690c76e3cb5
フルタゾラム,コレミナール細粒1％,1124024C1035,フルタゾラム|コレミナール細粒,1.0%,(不明),,97781c82dd0b
"ポリカルボフィルカルシウム製剤
Polycarbophil　Calcium",コロネル細粒83.3％,2399011C1042,"ポリカルボフィルカルシウム製剤
Polycarbophil　Calcium|コロネル細粒",83.3%,(不明),,7daa19cfac39
メチルフェニデート塩酸塩徐放,コンサータ錠27mg,1179009G2029,メチルフェニデート塩酸塩徐放|コンサータ錠,27.0mg,錠,コンサータ錠18mg,0109c8b7d773
メチルフェニデート塩酸塩徐放,コンサータ錠36mg,1179009G3025,メチルフェニデート塩酸塩徐放|コンサータ錠,36.0mg,錠,コンサータ錠18mg,0109c8b7d773
アルプラゾラム錠,コンスタン0.8mg錠,1124023F2025,アルプラゾラム錠|コンスタン錠,0.8mg,錠,コンスタン0.4mg錠,b219391c9d26
クロルプロマジン塩酸塩注射液,コントミン筋注25mg,1171400A2054,クロルプロマジン塩酸塩注射液|コントミン筋注,25.0mg,注射剤,コントミン筋注10mg,0b2eb135e66a
クロルプロマジン塩酸塩注射液,コントミン筋注50mg,1171400A3034,クロルプロマジン塩酸塩注射液|コントミン筋注,50.0mg,注射剤,コントミン筋注10mg,0b2eb135e66a
クロルプロマジン塩酸塩錠,コントミン糖衣錠100mg,1171001F4072,クロルプロマジン塩酸塩錠|コントミン糖衣錠,100.0mg,錠,コントミン糖衣錠12.5mg,415f2fd68d10
クロルプロマジン塩酸塩錠,コントミン糖衣錠25mg,1171001F2177,クロルプロマジン塩酸塩錠|コントミン糖衣錠,25.0mg,錠,コントミン糖衣錠12.5mg,415f2fd68d10
クロルプロマジン塩酸塩錠,コントミン糖衣錠50mg,1171001F3203,クロルプロマジン塩酸塩錠|コントミン糖衣錠,50.0mg,錠,コントミン糖衣錠12.5mg,415f2fd68d10
クロルジアゼポキシド散,コントール散10%,1124028B2069,クロルジアゼポキシド散|コントール散,10.0%,散剤,コントール散1%,e90d897d6302
コンドロイチン硫酸エステルナトリウム点眼液,コンドロイチン点眼液3％「日点」,1319709Q4078,コンドロイチン硫酸エステルナトリウム点眼液|コンドロイチン点眼液「日点」,3.0%,点眼剤,コンドロイチン点眼液1％「日点」,f7c16053188f
乾燥濃縮人血液凝固第Ⅷ因子,コンファクトF静注用1000単位,6343406X8116,乾燥濃縮人血液凝固第Ⅷ因子|コンファクトF静注用,1000.0単位,注射剤,コンファクトF静注用250単位,b068fe3173d8
乾燥濃縮人血液凝固第Ⅷ因子,コンファクトF静注用500単位,6343406X6148,乾燥濃縮人血液凝固第Ⅷ因子|コンファクトF静注用,500.0単位,注射剤,コンファクトF静注用250単位,b068fe3173d8
ウフェナマート軟膏・クリーム,コンベッククリーム5%,2649727N1046,ウフェナマート軟膏・クリーム|コンベッククリーム,5.0%,クリーム,,cfa950448877
注射用デガレリクス酢酸塩,ゴナックス皮下注用120mg,2499412D4023,注射用デガレリクス酢酸塩|ゴナックス皮下注用,120.0mg,注射剤,ゴナックス皮下注用80mg,d5babeb0d0f8
注射用デガレリクス酢酸塩,ゴナックス皮下注用240mg,2499412D5020,注射用デガレリクス酢酸塩|ゴナックス皮下注用,240.0mg,注射剤,ゴナックス皮下注用80mg,d5babeb0d0f8
ヒト絨毛性性腺刺激ホルモン,ゴナトロピン筋注用3000単位,2413402X7020,ヒト絨毛性性腺刺激ホルモン|ゴナトロピン筋注用,3000.0単位,注射剤,ゴナトロピン筋注用1000単位,451cf4cfce8d
ホリトロピン　アルファ（遺伝子組換え）,ゴナールエフ皮下注ペン300,2413404G3024,ホリトロピン　アルファ（遺伝子組換え）|ゴナールエフ皮下注ペン300,,注射剤,,585e9eb8c1a0
ホリトロピン　アルファ（遺伝子組換え）,ゴナールエフ皮下注ペン450,2413404G1021,ホリトロピン　アルファ（遺伝子組換え）|ゴナールエフ皮下注ペン450,,注射剤,,585e9eb8c1a0
ホリトロピン　アルファ（遺伝子組換え）,ゴナールエフ皮下注ペン900,2413404G2028,ホリトロピン　アルファ（遺伝子組換え）|ゴナールエフ皮下注ペン900,,注射剤,,585e9eb8c1a0
ホリトロピン　アルファ（遺伝子組換え）,ゴナールエフ皮下注用150,2413404D2021,ホリトロピン　アルファ（遺伝子組換え）|ゴナールエフ皮下注用150,,注射剤,,1be42e99ba8f
ニセルゴリン錠・散,サアミオン散1%,2190021B1095,ニセルゴリン錠・散|サアミオン散,1.0%,散剤,,24345d38e20a
ミソプロストール,サイトテック錠200,2329024F1025,ミソプロストール|サイトテック錠200,,錠,,b76b4ba59932
アブロシチニブ,サイバインコ錠100mg,4490037F2022,アブロシチニブ|サイバインコ錠,100.0mg,錠,サイバインコ錠50mg,aa4a6849b021
アブロシチニブ,サイバインコ錠200mg,4490037F3029,アブロシチニブ|サイバインコ錠,200.0mg,錠,サイバインコ錠50mg,aa4a6849b021
ラムシルマブ（遺伝子組換え）注射液,サイラムザ点滴静注液500mg,4291429A2020,ラムシルマブ（遺伝子組換え）注射液|サイラムザ点滴静注液,500.0mg,注射剤,サイラムザ点滴静注液100mg,d5ec01feafe2
フルニトラゼパム,サイレース錠2mg,1124008F2020,フルニトラゼパム|サイレース錠,2.0mg,錠,サイレース錠1mg,0d64aa65ef62
デュロキセチン塩酸塩,サインバルタカプセル30mg,1179052M2029,デュロキセチン塩酸塩|サインバルタカプセル,30.0mg,カプセル,サインバルタカプセル20mg,5c9c01b1a2bb
サキサグリプチン水和物,サキサグリプチン錠5mg「サワイ」,3969017F2032,サキサグリプチン水和物|サキサグリプチン錠「サワイ」,5.0mg,錠,サキサグリプチン錠2.5mg「サワイ」,f377207999ec
エリグルスタット酒石酸塩製剤,サデルガカプセル100mg,3999037M1023,エリグルスタット酒石酸塩製剤|サデルガカプセル,100.0mg,カプセル,サデルガカプセル25mg,9a5930434244
ー,"サブラッド血液ろ過用補充液BSG（2,020mL）",3410538G2028,"ー|サブラッド血液ろ過用補充液BSG(2,)",20.0ml,液剤,,cdaea815c3e6
"トルバプタン口腔内崩壊錠
トルバプタン顆粒",サムスカOD錠15mg,2139011F4022,"トルバプタン口腔内崩壊錠
トルバプタン顆粒|サムスカOD錠",15.0mg,OD錠,サムスカOD錠7.5mg,094f5b637788
"トルバプタン口腔内崩壊錠
トルバプタン顆粒",サムスカOD錠30mg,2499012F2029,"トルバプタン口腔内崩壊錠
トルバプタン顆粒|サムスカOD錠",30.0mg,OD錠,サムスカOD錠7.5mg,094f5b637788
"トルバプタン口腔内崩壊錠
トルバプタン顆粒",サムスカ顆粒1%,2139011D1022,"トルバプタン口腔内崩壊錠
トルバプタン顆粒|サムスカ顆粒",1.0%,顆粒,,094f5b637788
サラゾスルファピリジン,サラゾスルファピリジン腸溶錠500mg「CH」,6219001H1102,サラゾスルファピリジン|サラゾスルファピリジン腸溶錠「CH」,500.0mg,錠,サラゾスルファピリジン腸溶錠250mg「CH」,2a1186d3505b
サラゾスルファピリジン腸溶錠,サラゾスルファピリジン腸溶錠500mg「NIG」,6219001H1129,サラゾスルファピリジン腸溶錠|サラゾスルファピリジン腸溶錠「NIG」,500.0mg,錠,サラゾスルファピリジン腸溶錠250mg「NIG」,a7c1757f8938
サルポグレラート塩酸塩錠,サルポグレラート塩酸塩錠100mg「JG」,3399006F2065,サルポグレラート塩酸塩錠|サルポグレラート塩酸塩錠「JG」,100.0mg,錠,サルポグレラート塩酸塩錠50mg「JG」,4d98e3b68cec
サルポグレラート塩酸塩錠,サルポグレラート塩酸塩錠100mg「NIG」,3399006F2308,サルポグレラート塩酸塩錠|サルポグレラート塩酸塩錠「NIG」,100.0mg,錠,サルポグレラート塩酸塩錠50mg「NIG」,a2fb33463961
サルポグレラート塩酸塩錠,サルポグレラート塩酸塩錠100mg「NP」,3399006F2090,サルポグレラート塩酸塩錠|サルポグレラート塩酸塩錠「NP」,100.0mg,錠,サルポグレラート塩酸塩錠50mg「NP」,844c37824b0e
サルポグレラート塩酸塩錠,サルポグレラート塩酸塩錠100mg「TCK」,3399006F2111,サルポグレラート塩酸塩錠|サルポグレラート塩酸塩錠「TCK」,100.0mg,錠,サルポグレラート塩酸塩錠50mg「TCK」,4c4e3830217c
サルポグレラート塩酸塩,サルポグレラート塩酸塩錠100mg「TSU」,3399006F2120,サルポグレラート塩酸塩|サルポグレラート塩酸塩錠「TSU」,100.0mg,錠,サルポグレラート塩酸塩錠50mg「TSU」,609b8da00180
サルポグレラート塩酸塩,サルポグレラート塩酸塩錠100mg「オーハラ」,3399006F2162,サルポグレラート塩酸塩|サルポグレラート塩酸塩錠「オーハラ」,100.0mg,錠,サルポグレラート塩酸塩錠50mg「オーハラ」,ff246f4473ea
サルポグレラート塩酸塩,サルポグレラート塩酸塩錠100mg「ケミファ」,3399006F2170,サルポグレラート塩酸塩|サルポグレラート塩酸塩錠「ケミファ」,100.0mg,錠,サルポグレラート塩酸塩錠50mg「ケミファ」,2ae77adef583
サルポグレラート塩酸塩,サルポグレラート塩酸塩錠100mg「サワイ」,3399006F2189,サルポグレラート塩酸塩|サルポグレラート塩酸塩錠「サワイ」,100.0mg,錠,サルポグレラート塩酸塩錠50mg「サワイ」,bd17289b3ca7
サルポグレラート塩酸塩錠,サルポグレラート塩酸塩錠100mg「サンド」,3399006F2197,サルポグレラート塩酸塩錠|サルポグレラート塩酸塩錠「サンド」,100.0mg,錠,サルポグレラート塩酸塩錠50mg「サンド」,7d15d1701704
サルポグレラート塩酸塩,サルポグレラート塩酸塩錠100mg「タカタ」,3399006F2260,サルポグレラート塩酸塩|サルポグレラート塩酸塩錠「タカタ」,100.0mg,錠,サルポグレラート塩酸塩錠50mg「タカタ」,6727c2f8eb09
サルポグレラート塩酸塩錠,サルポグレラート塩酸塩錠100mg「トーワ」,3399006F2227,サルポグレラート塩酸塩錠|サルポグレラート塩酸塩錠「トーワ」,100.0mg,錠,サルポグレラート塩酸塩錠50mg「トーワ」,419ff56ead57
サルポグレラート塩酸塩,サルポグレラート塩酸塩錠100mg「杏林」,3399006F2286,サルポグレラート塩酸塩|サルポグレラート塩酸塩錠「杏林」,100.0mg,錠,サルポグレラート塩酸塩錠50mg「杏林」,311e977a2f5e
ベタメタゾン酪酸エステルプロピオン酸エステル,サレックスクリーム0.05％,2646730N1038,ベタメタゾン酪酸エステルプロピオン酸エステル|サレックスクリーム,0.05%,クリーム,,a3091ee75452
サリドマイドカプセル,サレドカプセル100,4291019M1023,サリドマイドカプセル|サレドカプセル100,,カプセル,,03291d2076ee
サリドマイドカプセル,サレドカプセル50,4291019M2020,サリドマイドカプセル|サレドカプセル50,,カプセル,,03291d2076ee
アモキシシリン水和物Amoxicillin　Hydrate,サワシリンカプセル250,6131001M2300,アモキシシリン水和物Amoxicillin　Hydrate|サワシリンカプセル250,,カプセル,,b813fccbf2b8
アモキシシリン水和物Amoxicillin　Hydrate,サワシリン細粒10%,6131001C1210,アモキシシリン水和物Amoxicillin　Hydrate|サワシリン細粒,10.0%,(不明),,b813fccbf2b8
アモキシシリン水和物Amoxicillin　Hydrate,サワシリン錠250,6131001F2026,アモキシシリン水和物Amoxicillin　Hydrate|サワシリン錠250,,錠,,b813fccbf2b8
デキサメタゾンメタスルホ安息香酸エステルナトリウム点眼液,サンテゾーン点眼液（0.1%）,1315701Q3033,デキサメタゾンメタスルホ安息香酸エステルナトリウム点眼液|サンテゾーン点眼液(),0.1%,点眼剤,サンテゾーン点眼液（0.02%）,ac905253c970
オクトレオチド酢酸塩,サンドスタチンLAR筋注用キット20mg,2499403G2028,オクトレオチド酢酸塩|サンドスタチンLAR筋注用キット,20.0mg,注射剤,サンドスタチンLAR筋注用キット10mg,85e44ca49342
オクトレオチド酢酸塩,サンドスタチンLAR筋注用キット30mg,2499403G3024,オクトレオチド酢酸塩|サンドスタチンLAR筋注用キット,30.0mg,注射剤,サンドスタチンLAR筋注用キット10mg,85e44ca49342
オクトレオチド酢酸塩,サンドスタチン皮下注用 100μg,2499403A2033,オクトレオチド酢酸塩|サンドスタチン皮下注用,100.0μg,注射剤,サンドスタチン皮下注用 50μg,154330e47b9c
ピロカルピン塩酸塩点眼液,サンピロ点眼液1％,1312701Q2086,ピロカルピン塩酸塩点眼液|サンピロ点眼液,1.0%,点眼剤,サンピロ点眼液0.5％,6ab078246373
ピロカルピン塩酸塩点眼液,サンピロ点眼液2％,1312701Q3082,ピロカルピン塩酸塩点眼液|サンピロ点眼液,2.0%,点眼剤,サンピロ点眼液0.5％,6ab078246373
ピロカルピン塩酸塩点眼液,サンピロ点眼液3％,1312701Q4046,ピロカルピン塩酸塩点眼液|サンピロ点眼液,3.0%,点眼剤,サンピロ点眼液0.5％,6ab078246373
ピロカルピン塩酸塩点眼液,サンピロ点眼液4％,1312701Q5050,ピロカルピン塩酸塩点眼液|サンピロ点眼液,4.0%,点眼剤,サンピロ点眼液0.5％,6ab078246373
エノシタビン,サンラビン点滴静注用200mg,4224402D2032,エノシタビン|サンラビン点滴静注用,200.0mg,注射剤,サンラビン点滴静注用150mg,1c89f54c58e5
エノシタビン,サンラビン点滴静注用250mg,4224402D3039,エノシタビン|サンラビン点滴静注用,250.0mg,注射剤,サンラビン点滴静注用150mg,1c89f54c58e5
ピルシカイニド塩酸塩水和物,サンリズムカプセル50mg,2129008M2020,ピルシカイニド塩酸塩水和物|サンリズムカプセル,50.0mg,カプセル,サンリズムカプセル25mg,b205cddd3911
イサツキシマブ　（遺伝子組換え）,サークリサ点滴静注500mg,4291454A2028,イサツキシマブ　（遺伝子組換え）|サークリサ点滴静注,500.0mg,注射剤,サークリサ点滴静注100mg,f500a1deb8ed
"酸化セルロース
Cellulose, Oxidized",サージセル・アブソーバブル・ヘモスタット,3325700S2027,"酸化セルロース
Cellulose, Oxidized|サージセル・アブソーバブル・ヘモスタット",,(不明),サージセル・アブソーバブル・ヘモスタット,edb98ff6bbf9
"酸化セルロース
Cellulose, Oxidized",サージセル・アブソーバブル・ヘモスタット,3325700X9029,"酸化セルロース
Cellulose, Oxidized|サージセル・アブソーバブル・ヘモスタット",,(不明),サージセル・アブソーバブル・ヘモスタット,edb98ff6bbf9
"酸化セルロース
Cellulose, Oxidized",サージセル・アブソーバブル・ヘモスタット,3325700X5023,"酸化セルロース
Cellulose, Oxidized|サージセル・アブソーバブル・ヘモスタット",,(不明),サージセル・アブソーバブル・ヘモスタット,edb98ff6bbf9
"酸化セルロース
Cellulose, Oxidized",サージセル・アブソーバブル・ヘモスタット,3325700X7026,"酸化セルロース
Cellulose, Oxidized|サージセル・アブソーバブル・ヘモスタット",,(不明),サージセル・アブソーバブル・ヘモスタット,edb98ff6bbf9
"酸化セルロース
Cellulose, Oxidized",サージセル・アブソーバブル・ヘモスタット,3325700S1020,"酸化セルロース
Cellulose, Oxidized|サージセル・アブソーバブル・ヘモスタット",,(不明),サージセル・アブソーバブル・ヘモスタット,edb98ff6bbf9
"酸化セルロース
Cellulose, Oxidized",サージセル・アブソーバブル・ヘモスタット,3325700X6020,"酸化セルロース
Cellulose, Oxidized|サージセル・アブソーバブル・ヘモスタット",,(不明),サージセル・アブソーバブル・ヘモスタット,edb98ff6bbf9
"酸化セルロース
Cellulose, Oxidized",サージセル・アブソーバブル・ヘモスタット,3325700S3023,"酸化セルロース
Cellulose, Oxidized|サージセル・アブソーバブル・ヘモスタット",,(不明),サージセル・アブソーバブル・ヘモスタット,edb98ff6bbf9
"酸化セルロース
Cellulose, Oxidized",サージセル・アブソーバブル・ヘモスタット,3325700X8022,"酸化セルロース
Cellulose, Oxidized|サージセル・アブソーバブル・ヘモスタット",,(不明),サージセル・アブソーバブル・ヘモスタット,edb98ff6bbf9
エベロリムス,サーティカン錠0.5mg,3999022F2024,エベロリムス|サーティカン錠,0.5mg,錠,サーティカン錠0.25mg,c2014c4b440f
エベロリムス,サーティカン錠0.75mg,3999022F3020,エベロリムス|サーティカン錠,0.75mg,錠,サーティカン錠0.25mg,c2014c4b440f
アビラテロン酢酸エステル,ザイティガ錠500mg,4291033F2020,アビラテロン酢酸エステル|ザイティガ錠,500.0mg,錠,ザイティガ錠250mg,3da2bbf35dc6
デュタステリド,ザガーロカプセル0.5mg,249900AM2020,デュタステリド|ザガーロカプセル,0.5mg,カプセル,ザガーロカプセル0.1mg,3371bb5e344c
アジルサルタン/アムロジピンベシル酸塩配合錠,ザクラス配合錠HD,2149121F2028,アジルサルタン/アムロジピンベシル酸塩配合錠|ザクラス配合錠HD,,錠,,cd66d2bb6e5d
トレラグリプチンコハク酸塩,ザファテック錠25mg,3969024F3020,トレラグリプチンコハク酸塩|ザファテック錠,25.0mg,錠,ザファテック錠100mg,2c0ea1f272fc
トレラグリプチンコハク酸塩,ザファテック錠50mg,3969024F1028,トレラグリプチンコハク酸塩|ザファテック錠,50.0mg,錠,ザファテック錠100mg,2c0ea1f272fc
0.025%ベンザルコニウム塩化物液含浸綿棒,ザルコニン0.025％綿棒16,261670GX4021,0.025%ベンザルコニウム塩化物液含浸綿棒|ザルコニン綿棒16,0.025%,(不明),,b47993d5b425
0.025%ベンザルコニウム塩化物液含浸綿球,ザルコニン0.025％綿球20,261670GX2029,0.025%ベンザルコニウム塩化物液含浸綿球|ザルコニン綿球20,0.025%,(不明),,c27b1f06b826
日局　ベンザルコニウム塩化物液,ザルコニン液0.025,2616700Q4033,日局　ベンザルコニウム塩化物液|ザルコニン液0.025,,液剤,,9fc2b3d61a9f
タダラフィル錠,ザルティア錠5mg,2590016F2027,タダラフィル錠|ザルティア錠,5.0mg,錠,ザルティア錠2.5mg,a816b1fa8fa9
アフリベルセプト　ベータ（遺伝子組換え）製剤,ザルトラップ点滴静注200mg,4291436A2020,アフリベルセプト　ベータ（遺伝子組換え）製剤|ザルトラップ点滴静注,200.0mg,注射剤,ザルトラップ点滴静注100mg,543438ec6869
クリゾチニブ,ザーコリカプセル250mg,4291026M2020,クリゾチニブ|ザーコリカプセル,250.0mg,カプセル,ザーコリカプセル200mg,db84cc2c6b0b
タダラフィル錠,シアリス錠10mg,2590016F6022,タダラフィル錠|シアリス錠,10.0mg,錠,シアリス錠5mg,79e49edb63b4
タダラフィル錠,シアリス錠20mg,2590016F7029,タダラフィル錠|シアリス錠,20.0mg,錠,シアリス錠5mg,79e49edb63b4
アセナピンマレイン酸塩,シクレスト舌下錠10mg,1179056F2028,アセナピンマレイン酸塩|シクレスト舌下錠,10.0mg,錠,シクレスト舌下錠5mg,876d62f5f583
シクロスポリン,シクロスポリンカプセル25mg「BMD」,3999004M4087,シクロスポリン|シクロスポリンカプセル「BMD」,25.0mg,カプセル,シクロスポリンカプセル10mg「BMD」,eb334dd39463
シクロスポリンカプセル,シクロスポリンカプセル25mg「TC」,3999004M4125,シクロスポリンカプセル|シクロスポリンカプセル「TC」,25.0mg,カプセル,シクロスポリンカプセル10mg「TC」,9f59e1c43e03
シクロスポリン,シクロスポリンカプセル25mg「VTRS」,3999004M4141,シクロスポリン|シクロスポリンカプセル「VTRS」,25.0mg,カプセル,シクロスポリンカプセル10mg「VTRS」,955d3959e72f
シクロスポリン,シクロスポリンカプセル25mg「サンド」,3999004M4133,シクロスポリン|シクロスポリンカプセル「サンド」,25.0mg,カプセル,シクロスポリンカプセル10mg「サンド」,82bdbdc4cc2a
シクロスポリンカプセル,シクロスポリンカプセル25mg「トーワ」,3999004M4095,シクロスポリンカプセル|シクロスポリンカプセル「トーワ」,25.0mg,カプセル,シクロスポリンカプセル10mg「トーワ」,d44c997eaf06
シクロスポリン,シクロスポリンカプセル25mg「日医工」,3999004M4109,シクロスポリン|シクロスポリンカプセル「日医工」,25.0mg,カプセル,シクロスポリンカプセル10mg「日医工」,1b5489d94943
シクロスポリン,シクロスポリンカプセル50mg「BMD」,3999004M5083,シクロスポリン|シクロスポリンカプセル「BMD」,50.0mg,カプセル,シクロスポリンカプセル10mg「BMD」,eb334dd39463
シクロスポリンカプセル,シクロスポリンカプセル50mg「TC」,3999004M5121,シクロスポリンカプセル|シクロスポリンカプセル「TC」,50.0mg,カプセル,シクロスポリンカプセル10mg「TC」,9f59e1c43e03
シクロスポリン,シクロスポリンカプセル50mg「VTRS」,3999004M5148,シクロスポリン|シクロスポリンカプセル「VTRS」,50.0mg,カプセル,シクロスポリンカプセル10mg「VTRS」,955d3959e72f
シクロスポリン,シクロスポリンカプセル50mg「サンド」,3999004M5130,シクロスポリン|シクロスポリンカプセル「サンド」,50.0mg,カプセル,シクロスポリンカプセル10mg「サンド」,82bdbdc4cc2a
シクロスポリンカプセル,シクロスポリンカプセル50mg「トーワ」,3999004M5091,シクロスポリンカプセル|シクロスポリンカプセル「トーワ」,50.0mg,カプセル,シクロスポリンカプセル10mg「トーワ」,d44c997eaf06
シクロスポリン,シクロスポリンカプセル50mg「日医工」,3999004M5105,シクロスポリン|シクロスポリンカプセル「日医工」,50.0mg,カプセル,シクロスポリンカプセル10mg「日医工」,1b5489d94943
シクロスポリン,シクロスポリン細粒17％「VTRS」,3999004C1058,シクロスポリン|シクロスポリン細粒「VTRS」,17.0%,(不明),,955d3959e72f
パシレオチドパモ酸塩,シグニフォーLAR筋注用キット20mg,2499417G1023,パシレオチドパモ酸塩|シグニフォーLAR筋注用キット,20.0mg,注射剤,シグニフォーLAR筋注用キット10mg,b9ed39f8dc7b
パシレオチドパモ酸塩,シグニフォーLAR筋注用キット30mg,2499417G5029,パシレオチドパモ酸塩|シグニフォーLAR筋注用キット,30.0mg,注射剤,シグニフォーLAR筋注用キット10mg,b9ed39f8dc7b
パシレオチドパモ酸塩,シグニフォーLAR筋注用キット40mg,2499417G2020,パシレオチドパモ酸塩|シグニフォーLAR筋注用キット,40.0mg,注射剤,シグニフォーLAR筋注用キット10mg,b9ed39f8dc7b
パシレオチドパモ酸塩,シグニフォーLAR筋注用キット60mg,2499417G3026,パシレオチドパモ酸塩|シグニフォーLAR筋注用キット,60.0mg,注射剤,シグニフォーLAR筋注用キット10mg,b9ed39f8dc7b
ニコランジル注,シグマート注12mg,2171406D2028,ニコランジル注|シグマート注,12.0mg,注射剤,シグマート注2mg,bf0202baac33
ニコランジル注,シグマート注48mg,2171406D3024,ニコランジル注|シグマート注,48.0mg,注射剤,シグマート注2mg,bf0202baac33
ニコランジル錠,シグマート錠5mg,2171017F2024,ニコランジル錠|シグマート錠,5.0mg,錠,シグマート錠2.5mg,c4126caa78fe
シスプラチン,シスプラチン点滴静注25mg「マルコ」,4291401A2115,シスプラチン|シスプラチン点滴静注「マルコ」,25.0mg,注射剤,シスプラチン点滴静注10mg「マルコ」,7982919fff98
シスプラチン,シスプラチン点滴静注50mg「マルコ」,4291401A3111,シスプラチン|シスプラチン点滴静注「マルコ」,50.0mg,注射剤,シスプラチン点滴静注10mg「マルコ」,7982919fff98
シタグリプチンリン酸塩錠,シタグリプチン錠100mg「JG」,39690B2F3064,シタグリプチンリン酸塩錠|シタグリプチン錠「JG」,100.0mg,錠,シタグリプチン錠12.5mg「JG」,d6c15055fbe3
シタグリプチンリン酸塩,シタグリプチン錠100mg「サワイ」,39690B2F3021,シタグリプチンリン酸塩|シタグリプチン錠「サワイ」,100.0mg,錠,シタグリプチン錠12.5mg「サワイ」,ea3d1505694e
シタグリプチンリン酸塩錠,シタグリプチン錠100mg「トーワ」,39690B2F3048,シタグリプチンリン酸塩錠|シタグリプチン錠「トーワ」,100.0mg,錠,シタグリプチン錠12.5mg「トーワ」,0320aabc5d96
シタグリプチンリン酸塩,シタグリプチン錠100mg「日新」,39690B2F3056,シタグリプチンリン酸塩|シタグリプチン錠「日新」,100.0mg,錠,シタグリプチン錠12.5mg「日新」,2642233fe450
シタグリプチンリン酸塩錠,シタグリプチン錠25mg「JG」,39690B2F1061,シタグリプチンリン酸塩錠|シタグリプチン錠「JG」,25.0mg,錠,シタグリプチン錠12.5mg「JG」,d6c15055fbe3
シタグリプチンリン酸塩,シタグリプチン錠25mg「サワイ」,39690B2F1029,シタグリプチンリン酸塩|シタグリプチン錠「サワイ」,25.0mg,錠,シタグリプチン錠12.5mg「サワイ」,ea3d1505694e
シタグリプチンリン酸塩錠,シタグリプチン錠25mg「トーワ」,39690B2F1045,シタグリプチンリン酸塩錠|シタグリプチン錠「トーワ」,25.0mg,錠,シタグリプチン錠12.5mg「トーワ」,0320aabc5d96
シタグリプチンリン酸塩,シタグリプチン錠25mg「日新」,39690B2F1053,シタグリプチンリン酸塩|シタグリプチン錠「日新」,25.0mg,錠,シタグリプチン錠12.5mg「日新」,2642233fe450
シタグリプチンリン酸塩錠,シタグリプチン錠50mg「JG」,39690B2F2068,シタグリプチンリン酸塩錠|シタグリプチン錠「JG」,50.0mg,錠,シタグリプチン錠12.5mg「JG」,d6c15055fbe3
シタグリプチンリン酸塩,シタグリプチン錠50mg「サワイ」,39690B2F2025,シタグリプチンリン酸塩|シタグリプチン錠「サワイ」,50.0mg,錠,シタグリプチン錠12.5mg「サワイ」,ea3d1505694e
シタグリプチンリン酸塩錠,シタグリプチン錠50mg「トーワ」,39690B2F2041,シタグリプチンリン酸塩錠|シタグリプチン錠「トーワ」,50.0mg,錠,シタグリプチン錠12.5mg「トーワ」,0320aabc5d96
シタグリプチンリン酸塩,シタグリプチン錠50mg「日新」,39690B2F2050,シタグリプチンリン酸塩|シタグリプチン錠「日新」,50.0mg,錠,シタグリプチン錠12.5mg「日新」,2642233fe450
シタラビン注射液,シタラビン点滴静注液1g「NIG」,4224401A7041,シタラビン注射液|シタラビン点滴静注液「NIG」,1.0g,注射剤,シタラビン点滴静注液400mg「NIG」,f5cfa01db26b
-,"シダキュアスギ花粉舌下錠5,000JAU",4490035F2023,"-|シダキュアスギ花粉舌下錠5,000JAU",,錠,,c5035fcc4a89
シチコリン注射液,シチコリン注500mg/2mL「NP」,2190404H4142,シチコリン注射液|シチコリン注/「NP」,500.0mg/2.0ml,注射剤,シチコリン注100mg/2mL「NP」,c251b272452c
筋肉内注射用パリビズマブ（遺伝子組換え）製剤,シナジス筋注液100mg,6250404A2026,筋肉内注射用パリビズマブ（遺伝子組換え）製剤|シナジス筋注液,100.0mg,注射剤,シナジス筋注液50mg,00ad46e8f904
アスコルビン酸・パントテン酸カルシウム,シナール配合顆粒,3179115D1096,アスコルビン酸・パントテン酸カルシウム|シナール配合顆粒,,顆粒,,95ec7c6db340
シプロフロキサシン,シプロキサン注400mg,6241400A6024,シプロフロキサシン|シプロキサン注,400.0mg,注射剤,シプロキサン注200mg,ab3fc3be5188
シプロフロキサシン塩酸塩,シプロキサン錠200mg,6241008F2020,シプロフロキサシン塩酸塩|シプロキサン錠,200.0mg,錠,シプロキサン錠100mg,a755d647d6a8
シプロフロキサシン,シプロフロキサシン点滴静注400mg/200mL「明治」,6241400A6040,シプロフロキサシン|シプロフロキサシン点滴静注/「明治」,400.0mg/200.0ml,注射剤,シプロフロキサシン点滴静注200mg/100mL「明治」,07af68b3507d
シプロフロキサシン注射液,シプロフロキサシン点滴静注液400mg「ニプロ」,6241400A6032,シプロフロキサシン注射液|シプロフロキサシン点滴静注液「ニプロ」,400.0mg,注射剤,,2341800eaf90
シベンゾリンコハク酸塩,シベノール錠100mg,2129007F2027,シベンゾリンコハク酸塩|シベノール錠,100.0mg,錠,シベノール錠50mg,31d34635d80b
シベンゾリンコハク酸塩,シベンゾリンコハク酸塩錠100mg「サワイ」,2129007F2043,シベンゾリンコハク酸塩|シベンゾリンコハク酸塩錠「サワイ」,100.0mg,錠,シベンゾリンコハク酸塩錠50mg「サワイ」,ddc73e756807
シベンゾリンコハク酸塩錠,シベンゾリンコハク酸塩錠100mg「トーワ」,2129007F2060,シベンゾリンコハク酸塩錠|シベンゾリンコハク酸塩錠「トーワ」,100.0mg,錠,シベンゾリンコハク酸塩錠50mg「トーワ」,5acb5d1003cc
セルトリズマブ　ペゴル（遺伝子組換え）製剤,シムジア皮下注200㎎オートクリックス,3999437G2029,セルトリズマブ　ペゴル（遺伝子組換え）製剤|シムジア皮下注オートクリックス,200.0mg,注射剤,,57716824ccae
ブデソニド／ホルモテロールフマル酸塩水和物吸入剤,シムビコートタービュヘイラー60吸入,2290801G2025,ブデソニド／ホルモテロールフマル酸塩水和物吸入剤|シムビコートタービュヘイラー60吸入,,(不明),,2e5e23fadf4f
シメチジン,シメチジン細粒20%「ツルハラ」,2325001C1142,シメチジン|シメチジン細粒「ツルハラ」,20.0%,(不明),,8b446e2d1845
シメチジン錠,シメチジン錠400mg「クニヒロ」,2325001F2200,シメチジン錠|シメチジン錠「クニヒロ」,400.0mg,錠,シメチジン錠200mg「クニヒロ」,41db36e1cbee
シメチジン,シメチジン錠400mg「サワイ」,2325001F2242,シメチジン|シメチジン錠「サワイ」,400.0mg,錠,シメチジン錠200mg「サワイ」,2ea25f3b793c
シメチジン,シメチジン錠400mg「ツルハラ」,2325001F2285,シメチジン|シメチジン錠「ツルハラ」,400.0mg,錠,シメチジン錠200mg「ツルハラ」,8b446e2d1845
シルデナフィル,シルデナフィル錠50mgVI「ANG」,259000AF2144,シルデナフィル|シルデナフィル錠VI「ANG」,50.0mg,錠,シルデナフィル錠25mgVI「ANG」,9eff9aa9c3c1
シルデナフィルクエン酸塩錠,シルデナフィル錠50mgVI「DK」,259000AF2071,シルデナフィルクエン酸塩錠|シルデナフィル錠VI「DK」,50.0mg,錠,シルデナフィル錠25mgVI「DK」,1112a6ed7779
シルデナフィルクエン酸塩錠,シルデナフィル錠50mgVI「FCI」,259000AF2101,シルデナフィルクエン酸塩錠|シルデナフィル錠VI「FCI」,50.0mg,錠,シルデナフィル錠25mgVI「FCI」,05965ddc599b
シルデナフィルクエン酸塩錠,シルデナフィル錠50mgVI「NIG」,259000AF2128,シルデナフィルクエン酸塩錠|シルデナフィル錠VI「NIG」,50.0mg,錠,シルデナフィル錠25mgVI「NIG」,61216dffc44d
シルデナフィルクエン酸塩,シルデナフィル錠50mgVI「SN」,259000AF2063,シルデナフィルクエン酸塩|シルデナフィル錠VI「SN」,50.0mg,錠,シルデナフィル錠25mgVI「SN」,36ddbceae3f2
シルデナフィルクエン酸塩錠,シルデナフィル錠50mgVI「キッセイ」,259000AF2098,シルデナフィルクエン酸塩錠|シルデナフィル錠VI「キッセイ」,50.0mg,錠,シルデナフィル錠25mgVI「キッセイ」,59e7c00a0bf1
シルニジピン錠,シルニジピン錠10mg「JG」,2149037F2080,シルニジピン錠|シルニジピン錠「JG」,10.0mg,錠,シルニジピン錠5mg「JG」,4d8d53e5771c
シルニジピン錠,シルニジピン錠10mg「NIG」,2149037F2110,シルニジピン錠|シルニジピン錠「NIG」,10.0mg,錠,シルニジピン錠5mg「NIG」,7672362d1f43
シルニジピン,シルニジピン錠10mg「サワイ」,2149037F2055,シルニジピン|シルニジピン錠「サワイ」,10.0mg,錠,シルニジピン錠5mg「サワイ」,cc113f19ffe5
シルニジピン錠,シルニジピン錠20mg「JG」,2149037F3051,シルニジピン錠|シルニジピン錠「JG」,20.0mg,錠,シルニジピン錠5mg「JG」,4d8d53e5771c
シルニジピン錠,シルニジピン錠20mg「NIG」,2149037F3086,シルニジピン錠|シルニジピン錠「NIG」,20.0mg,錠,シルニジピン錠5mg「NIG」,7672362d1f43
シルニジピン,シルニジピン錠20mg「サワイ」,2149037F3078,シルニジピン|シルニジピン錠「サワイ」,20.0mg,錠,シルニジピン錠5mg「サワイ」,cc113f19ffe5
シロスタゾール,シロスタゾールOD錠100mg「JG」,3399002F4086,シロスタゾール|シロスタゾールOD錠「JG」,100.0mg,OD錠,シロスタゾールOD錠50mg「JG」,f7cfc31fb7bb
シロスタゾール,シロスタゾールOD錠100mg「VTRS」,3399002F4124,シロスタゾール|シロスタゾールOD錠「VTRS」,100.0mg,OD錠,シロスタゾールOD錠50mg「VTRS」,b29c869adec4
シロスタゾール口腔内崩壊錠,シロスタゾールOD錠100mg「ケミファ」,3399002F4060,シロスタゾール口腔内崩壊錠|シロスタゾールOD錠「ケミファ」,100.0mg,OD錠,シロスタゾールOD錠50mg「ケミファ」,be625f946260
シロスタゾール,シロスタゾールOD錠100mg「サワイ」,3399002F4035,シロスタゾール|シロスタゾールOD錠「サワイ」,100.0mg,OD錠,,60f81e321c91
シロスタゾール,シロスタゾールOD錠100mg「タカタ」,3399002F4043,シロスタゾール|シロスタゾールOD錠「タカタ」,100.0mg,OD錠,シロスタゾールOD錠50mg「タカタ」,a56daa80faed
シロスタゾール口腔内崩壊錠,シロスタゾールOD錠100mg「ツルハラ」,3399002F4108,シロスタゾール口腔内崩壊錠|シロスタゾールOD錠「ツルハラ」,100.0mg,OD錠,シロスタゾールOD錠50mg「ツルハラ」,cf5bfceff13b
シロスタゾール口腔内崩壊錠,シロスタゾールOD錠100mg「トーワ」,3399002F4094,シロスタゾール口腔内崩壊錠|シロスタゾールOD錠「トーワ」,100.0mg,OD錠,シロスタゾールOD錠50mg「トーワ」,d35a0700cbe2
シロスタゾール錠／シロスタゾール口腔内崩壊錠,シロスタゾールOD錠100mg「日医工」,3399002F4116,シロスタゾール錠／シロスタゾール口腔内崩壊錠|シロスタゾールOD錠「日医工」,100.0mg,OD錠,,7d220d9c5036
シロスタゾール,シロスタゾールOD錠50mg「サワイ」,3399002F3039,シロスタゾール|シロスタゾールOD錠「サワイ」,50.0mg,OD錠,,60f81e321c91
シロスタゾール錠／シロスタゾール口腔内崩壊錠,シロスタゾールOD錠50mg「日医工」,3399002F3110,シロスタゾール錠／シロスタゾール口腔内崩壊錠|シロスタゾールOD錠「日医工」,50.0mg,OD錠,,7d220d9c5036
シロスタゾール内服ゼリー,シロスタゾール内服ゼリー100mg「EE」,3399002Q2033,シロスタゾール内服ゼリー|シロスタゾール内服ゼリー「EE」,100.0mg,(不明),シロスタゾール内服ゼリー50mg「EE」,e92d51c85d64
シロスタゾール錠,シロスタゾール錠100mg「NIG」,3399002F2407,シロスタゾール錠|シロスタゾール錠「NIG」,100.0mg,錠,シロスタゾール錠50mg「NIG」,925e417208da
シロスタゾール,シロスタゾール錠100mg「VTRS」,3399002F2393,シロスタゾール|シロスタゾール錠「VTRS」,100.0mg,錠,シロスタゾール錠50mg「VTRS」,c66631eb3c44
シロスタゾール,シロスタゾール錠100mg「ケミファ」,3399002F2300,シロスタゾール|シロスタゾール錠「ケミファ」,100.0mg,錠,シロスタゾール錠50mg「ケミファ」,4e638b670c0b
シロスタゾール,シロスタゾール錠100mg「サワイ」,3399002F2288,シロスタゾール|シロスタゾール錠「サワイ」,100.0mg,錠,シロスタゾール錠50mg「サワイ」,60f81e321c91
シロスタゾール錠,シロスタゾール錠100mg「トーワ」,3399002F2369,シロスタゾール錠|シロスタゾール錠「トーワ」,100.0mg,錠,シロスタゾール錠50mg「トーワ」,c8b10a60a5ac
シロスタゾール錠／シロスタゾール口腔内崩壊錠,シロスタゾール錠100mg「日医工」,3399002F2296,シロスタゾール錠／シロスタゾール口腔内崩壊錠|シロスタゾール錠「日医工」,100.0mg,錠,シロスタゾール錠50mg「日医工」,7d220d9c5036
シロドシン,シロドシンOD錠2mg「DSEP」,2590010F3034,シロドシン|シロドシンOD錠「DSEP」,2.0mg,OD錠,,b4b3dac5461a
"シロドシン錠
シロドシン口腔内崩壊錠",シロドシンOD錠2mg「JG」,2590010F3174,"シロドシン錠
シロドシン口腔内崩壊錠|シロドシンOD錠「JG」",2.0mg,OD錠,,9df6e175aaaa
シロドシン,シロドシンOD錠2mg「KMP」,2590010F3050,シロドシン|シロドシンOD錠「KMP」,2.0mg,OD錠,,ae3a0b167bd8
シロドシン製剤,シロドシンOD錠2mg「YD」,2590010F3085,シロドシン製剤|シロドシンOD錠「YD」,2.0mg,OD錠,,79e4caf972c4
シロドシン,シロドシンOD錠2mg「オーハラ」,2590010F3107,シロドシン|シロドシンOD錠「オーハラ」,2.0mg,OD錠,,849cb8303a5c
シロドシン製剤,シロドシンOD錠2mg「ニプロ」,2590010F3166,シロドシン製剤|シロドシンOD錠「ニプロ」,2.0mg,OD錠,,d2f6c56e62ed
シロドシン,シロドシンOD錠4mg「DSEP」,2590010F4030,シロドシン|シロドシンOD錠「DSEP」,4.0mg,OD錠,,b4b3dac5461a
"シロドシン錠
シロドシン口腔内崩壊錠",シロドシンOD錠4mg「JG」,2590010F4170,"シロドシン錠
シロドシン口腔内崩壊錠|シロドシンOD錠「JG」",4.0mg,OD錠,,9df6e175aaaa
シロドシン,シロドシンOD錠4mg「KMP」,2590010F4057,シロドシン|シロドシンOD錠「KMP」,4.0mg,OD錠,,ae3a0b167bd8
シロドシン,シロドシンOD錠4mg「Me」,2590010F4073,シロドシン|シロドシンOD錠「Me」,4.0mg,OD錠,シロドシンOD錠2mg「Me」,a84820a2e1f1
シロドシン製剤,シロドシンOD錠4mg「YD」,2590010F4081,シロドシン製剤|シロドシンOD錠「YD」,4.0mg,OD錠,,79e4caf972c4
シロドシン,シロドシンOD錠4mg「オーハラ」,2590010F4103,シロドシン|シロドシンOD錠「オーハラ」,4.0mg,OD錠,,849cb8303a5c
シロドシン,シロドシンOD錠4mg「ケミファ」,2590010F4120,シロドシン|シロドシンOD錠「ケミファ」,4.0mg,OD錠,シロドシンOD錠2mg「ケミファ」,b1d94bbdc928
シロドシン,シロドシンOD錠4mg「サワイ」,2590010F4138,シロドシン|シロドシンOD錠「サワイ」,4.0mg,OD錠,シロドシンOD錠2mg「サワイ」,7b0fc9bfe01f
シロドシン,シロドシンOD錠4mg「ツルハラ」,2590010F4146,シロドシン|シロドシンOD錠「ツルハラ」,4.0mg,OD錠,シロドシンOD錠2mg「ツルハラ」,b0e96845e769
シロドシン製剤,シロドシンOD錠4mg「ニプロ」,2590010F4162,シロドシン製剤|シロドシンOD錠「ニプロ」,4.0mg,OD錠,,d2f6c56e62ed
シロドシン,シロドシンOD錠4mg「日新」,2590010F4154,シロドシン|シロドシンOD錠「日新」,4.0mg,OD錠,シロドシンOD錠2mg「日新」,daec4c25b410
シロドシン,シロドシンOD錠4mg「杏林」,2590010F4111,シロドシン|シロドシンOD錠「杏林」,4.0mg,OD錠,シロドシンOD錠2mg「杏林」,f8bb5be2bd97
シロドシン,シロドシン錠4mg「DSEP」,2590010F2038,シロドシン|シロドシン錠「DSEP」,4.0mg,錠,シロドシン錠2mg「DSEP」,b4b3dac5461a
"シロドシン錠
シロドシン口腔内崩壊錠",シロドシン錠4mg「JG」,2590010F2046,"シロドシン錠
シロドシン口腔内崩壊錠|シロドシン錠「JG」",4.0mg,錠,シロドシン錠2mg「JG」,9df6e175aaaa
シロドシン,シロドシン錠4mg「KMP」,2590010F2054,シロドシン|シロドシン錠「KMP」,4.0mg,錠,シロドシン錠2mg「KMP」,ae3a0b167bd8
シロドシン錠,シロドシン錠4mg「TCK」,2590010F2070,シロドシン錠|シロドシン錠「TCK」,4.0mg,錠,シロドシン錠2mg「TCK」,e305ef18ef06
シロドシン製剤,シロドシン錠4mg「YD」,2590010F2089,シロドシン製剤|シロドシン錠「YD」,4.0mg,錠,シロドシン錠2mg「YD」,79e4caf972c4
シロドシン,シロドシン錠4mg「オーハラ」,2590010F2100,シロドシン|シロドシン錠「オーハラ」,4.0mg,錠,シロドシン錠2mg「オーハラ」,849cb8303a5c
シロドシン錠,シロドシン錠4mg「トーワ」,2590010F2143,シロドシン錠|シロドシン錠「トーワ」,4.0mg,錠,シロドシン錠2mg「トーワ」,1ac16896e85f
シロドシン製剤,シロドシン錠4mg「ニプロ」,2590010F2135,シロドシン製剤|シロドシン錠「ニプロ」,4.0mg,錠,シロドシン錠2mg「ニプロ」,d2f6c56e62ed
モンテルカストナトリウム,シングレアOD錠10mg,4490026F4035,モンテルカストナトリウム|シングレアOD錠,10.0mg,OD錠,,a1cfc8f81d4c
モンテルカストナトリウム,シングレア錠10mg,4490026F2059,モンテルカストナトリウム|シングレア錠,10.0mg,錠,シングレア錠5mg,a1cfc8f81d4c
シンバスタチン,シンバスタチン錠10mg「SW」,2189011F2170,シンバスタチン|シンバスタチン錠「SW」,10.0mg,錠,シンバスタチン錠5mg「SW」,5067942b1bab
シンバスタチン,シンバスタチン錠10mg「VTRS」,2189011F2269,シンバスタチン|シンバスタチン錠「VTRS」,10.0mg,錠,シンバスタチン錠5mg「VTRS」,4fc2a8b77f64
シンバスタチン錠,シンバスタチン錠10mg「YD」,2189011F2218,シンバスタチン錠|シンバスタチン錠「YD」,10.0mg,錠,シンバスタチン錠5mg「YD」,3e7d1a2abd5e
シンバスタチン錠,シンバスタチン錠10mg「トーワ」,2189011F2196,シンバスタチン錠|シンバスタチン錠「トーワ」,10.0mg,錠,シンバスタチン錠5mg「トーワ」,92dddf72491c
シンバスタチン,シンバスタチン錠10mg「杏林」,2189011F2234,シンバスタチン|シンバスタチン錠「杏林」,10.0mg,錠,シンバスタチン錠5mg「杏林」,6ed49343592e
シンバスタチン錠,シンバスタチン錠10mg「武田テバ」,2189011F2250,シンバスタチン錠|シンバスタチン錠「武田テバ」,10.0mg,錠,シンバスタチン錠5mg「武田テバ」,bc7fb4f1e9a5
シンバスタチン,シンバスタチン錠20mg「SW」,2189011F3095,シンバスタチン|シンバスタチン錠「SW」,20.0mg,錠,シンバスタチン錠5mg「SW」,5067942b1bab
シンバスタチン,シンバスタチン錠20mg「VTRS」,2189011F3230,シンバスタチン|シンバスタチン錠「VTRS」,20.0mg,錠,シンバスタチン錠5mg「VTRS」,4fc2a8b77f64
シンバスタチン錠,シンバスタチン錠20mg「YD」,2189011F3192,シンバスタチン錠|シンバスタチン錠「YD」,20.0mg,錠,シンバスタチン錠5mg「YD」,3e7d1a2abd5e
シンバスタチン,シンバスタチン錠20mg「あすか」,2189011F3214,シンバスタチン|シンバスタチン錠「あすか」,20.0mg,錠,シンバスタチン錠10mg「あすか」; シンバスタチン錠5mg「あすか」,3c6b7aefcaf8
シンバスタチン錠,シンバスタチン錠20mg「トーワ」,2189011F3184,シンバスタチン錠|シンバスタチン錠「トーワ」,20.0mg,錠,シンバスタチン錠5mg「トーワ」,92dddf72491c
ゴリムマブ（遺伝子組換え）,シンポニー皮下注50mgオートインジェクター,3999433G2020,ゴリムマブ（遺伝子組換え）|シンポニー皮下注オートインジェクター,50.0mg,注射剤,,93b82965e84c
アマンタジン塩酸塩錠,シンメトレル錠100mg,1161001F2057,アマンタジン塩酸塩錠|シンメトレル錠,100.0mg,錠,シンメトレル錠50mg,1a4814a15d44
プロブコール,シンレスタール細粒50%,2189008C1094,プロブコール|シンレスタール細粒,50.0%,(不明),,5e7fff3cdd3f
ジアゼパム,ジアゼパム錠10mg「ツルハラ」,1124017F5096,ジアゼパム|ジアゼパム錠「ツルハラ」,10.0mg,錠,ジアゼパム錠2mg「ツルハラ」,0e950370201f
ジアゼパム,ジアゼパム錠5mg「アメル」,1124017F4200,ジアゼパム|ジアゼパム錠「アメル」,5.0mg,錠,ジアゼパム錠2mg「アメル」,e045bbd35ed0
ジアゼパム,ジアゼパム錠5mg「タイホウ」,1124017F4227,ジアゼパム|ジアゼパム錠「タイホウ」,5.0mg,錠,ジアゼパム錠2mg「タイホウ」,972289bb4125
ジアゼパム,ジアゼパム錠5mg「ツルハラ」,1124017F4219,ジアゼパム|ジアゼパム錠「ツルハラ」,5.0mg,錠,ジアゼパム錠2mg「ツルハラ」,0e950370201f
ジアゼパム錠,ジアゼパム錠5「トーワ」,1124017F4065,ジアゼパム錠|ジアゼパム錠5「トーワ」,,錠,,7728e8fc0520
セルトラリン塩酸塩,ジェイゾロフトOD錠100mg,1179046F6020,セルトラリン塩酸塩|ジェイゾロフトOD錠,100.0mg,OD錠,,8d39dcc332aa
セルトラリン塩酸塩,ジェイゾロフトOD錠25mg,1179046F4027,セルトラリン塩酸塩|ジェイゾロフトOD錠,25.0mg,OD錠,,8d39dcc332aa
セルトラリン塩酸塩,ジェイゾロフトOD錠50mg,1179046F5023,セルトラリン塩酸塩|ジェイゾロフトOD錠,50.0mg,OD錠,,8d39dcc332aa
セルトラリン塩酸塩,ジェイゾロフト錠100mg,1179046F3020,セルトラリン塩酸塩|ジェイゾロフト錠,100.0mg,錠,ジェイゾロフト錠25mg,8d39dcc332aa
セルトラリン塩酸塩,ジェイゾロフト錠50mg,1179046F2024,セルトラリン塩酸塩|ジェイゾロフト錠,50.0mg,錠,ジェイゾロフト錠25mg,8d39dcc332aa
ソマトロピン（遺伝子組換え）,ジェノトロピンTC注用12mg,2412402L4057,ソマトロピン（遺伝子組換え）|ジェノトロピンTC注用,12.0mg,注射剤,ジェノトロピンTC注用5.3mg,b1b9efad2561
ソマトロピン（遺伝子組換え）,ジェノトロピンゴークイック注用12mg,2412402P5020,ソマトロピン（遺伝子組換え）|ジェノトロピンゴークイック注用,12.0mg,注射剤,ジェノトロピンゴークイック注用5.3mg,c27717fc6bc9
注射用ゲムシタビン塩酸塩,ジェムザール注射用1g,4224403D2037,注射用ゲムシタビン塩酸塩|ジェムザール注射用,1.0g,注射剤,ジェムザール注射用200mg,311b98dbf3ea
アファチニブマレイン酸塩,ジオトリフ錠30mg,4291030F2027,アファチニブマレイン酸塩|ジオトリフ錠,30.0mg,錠,ジオトリフ錠20mg,1c5b91a1f499
アファチニブマレイン酸塩,ジオトリフ錠40mg,4291030F3023,アファチニブマレイン酸塩|ジオトリフ錠,40.0mg,錠,ジオトリフ錠20mg,1c5b91a1f499
ジクロフェナクナトリウムテープ,ジクロフェナクNaテープ30mg「トーワ」,2649734S2100,ジクロフェナクナトリウムテープ|ジクロフェナクNaテープ「トーワ」,30.0mg,貼付剤,ジクロフェナクNaテープ15mg「トーワ」,f6eb306b2b8a
ジクロフェナクナトリウムテープ,ジクロフェナクNaテープ30mg「ラクール」,2649734S2097,ジクロフェナクナトリウムテープ|ジクロフェナクNaテープ「ラクール」,30.0mg,貼付剤,ジクロフェナクNaテープ15mg「ラクール」,c18f0797e324
ジクロフェナクナトリウムテープ,ジクロフェナクNaテープ30mg「日本臓器」,2649734S2127,ジクロフェナクナトリウムテープ|ジクロフェナクNaテープ「日本臓器」,30.0mg,貼付剤,ジクロフェナクNaテープ15mg「日本臓器」,e00e6552db34
ジクロフェナクナトリウムパップ,ジクロフェナクNaパップ140mg「ラクール」,2649734S4073,ジクロフェナクナトリウムパップ|ジクロフェナクNaパップ「ラクール」,140.0mg,貼付剤,ジクロフェナクNaパップ70mg「ラクール」,3ac37bf69a20
ジクロフェナクナトリウムゲル軟膏・ジクロフェナクナトリウムローション,ジクロフェナクNaローション1%「ラクール」,2649734Q2049,ジクロフェナクナトリウムゲル軟膏・ジクロフェナクナトリウムローション|ジクロフェナクNaローション「ラクール」,1.0%,ローション,,1cb13d030785
ジクロフェナクナトリウム坐剤,ジクロフェナクNa坐剤25mg「NIG」,1147700J2282,ジクロフェナクナトリウム坐剤|ジクロフェナクNa坐剤「NIG」,25.0mg,坐剤,ジクロフェナクNa坐剤12.5mg「NIG」,3c5dd26ec136
ジクロフェナクナトリウム坐剤,ジクロフェナクNa坐剤50mg「NIG」,1147700J3319,ジクロフェナクナトリウム坐剤|ジクロフェナクNa坐剤「NIG」,50.0mg,坐剤,ジクロフェナクNa坐剤12.5mg「NIG」,3c5dd26ec136
ジクロフェナクナトリウム,ジクロフェナクNa坐剤50mg「日新」,1147700J3270,ジクロフェナクナトリウム|ジクロフェナクNa坐剤「日新」,50.0mg,坐剤,ジクロフェナクNa坐剤12.5mg「日新」; ジクロフェナクNa坐剤25mg「日新」,995925e5fc03
ジクロフェナクナトリウム,ジクロフェナクナトリウムテープ30mg「NP」,2649734S2143,ジクロフェナクナトリウム|ジクロフェナクナトリウムテープ「NP」,30.0mg,貼付剤,ジクロフェナクナトリウムテープ15mg「NP」,963883468602
ジクロフェナクナトリウムテープ,ジクロフェナクナトリウムテープ30mg「テイコク」,2649734S2046,ジクロフェナクナトリウムテープ|ジクロフェナクナトリウムテープ「テイコク」,30.0mg,貼付剤,ジクロフェナクナトリウムテープ15mg「テイコク」,5e7af6e37c0b
ジクロフェナクナトリウムテープ,ジクロフェナクナトリウムテープ30mg「ユートク」,2649734S2054,ジクロフェナクナトリウムテープ|ジクロフェナクナトリウムテープ「ユートク」,30.0mg,貼付剤,ジクロフェナクナトリウムテープ15mg「ユートク」,439de762945e
ジクロフェナクナトリウムテープ,ジクロフェナクナトリウムテープ30mg「三和」,2649734S2151,ジクロフェナクナトリウムテープ|ジクロフェナクナトリウムテープ「三和」,30.0mg,貼付剤,ジクロフェナクナトリウムテープ15mg「三和」,b5e2add32e64
ジクロフェナクナトリウム坐剤,ジクロフェナクナトリウム坐剤25mg「JG」,1147700J2207,ジクロフェナクナトリウム坐剤|ジクロフェナクナトリウム坐剤「JG」,25.0mg,坐剤,ジクロフェナクナトリウム坐剤12.5mg「JG」,fe593d979b15
ジクロフェナクナトリウム,ジクロフェナクナトリウム坐剤25mg「ゼリア」,1147700J2274,ジクロフェナクナトリウム|ジクロフェナクナトリウム坐剤「ゼリア」,25.0mg,坐剤,ジクロフェナクナトリウム坐剤12.5mg「ゼリア」,3b596406d3c6
ジクロフェナクナトリウム坐剤,ジクロフェナクナトリウム坐剤25mg「日医工」,1147700J2231,ジクロフェナクナトリウム坐剤|ジクロフェナクナトリウム坐剤「日医工」,25.0mg,坐剤,ジクロフェナクナトリウム坐剤12.5mg「日医工」,90c05e296cb9
ジクロフェナクナトリウム,ジクロフェナクナトリウム坐剤25mg「日医工」（旧製品）,1147700J2231,ジクロフェナクナトリウム|ジクロフェナクナトリウム坐剤「日医工」(旧製品),25.0mg,坐剤,ジクロフェナクナトリウム坐剤12.5mg「日医工」（旧製品）,1c7bd8a11155
ジクロフェナクナトリウム坐剤,ジクロフェナクナトリウム坐剤50mg「JG」,1147700J3238,ジクロフェナクナトリウム坐剤|ジクロフェナクナトリウム坐剤「JG」,50.0mg,坐剤,ジクロフェナクナトリウム坐剤12.5mg「JG」,fe593d979b15
ジクロフェナクナトリウム,ジクロフェナクナトリウム坐剤50mg「ゼリア」,1147700J3300,ジクロフェナクナトリウム|ジクロフェナクナトリウム坐剤「ゼリア」,50.0mg,坐剤,ジクロフェナクナトリウム坐剤12.5mg「ゼリア」,3b596406d3c6
ジクロフェナクナトリウム坐剤,ジクロフェナクナトリウム坐剤50mg「日医工」,1147700J3254,ジクロフェナクナトリウム坐剤|ジクロフェナクナトリウム坐剤「日医工」,50.0mg,坐剤,ジクロフェナクナトリウム坐剤12.5mg「日医工」,90c05e296cb9
ジクロフェナクナトリウム,ジクロフェナクナトリウム坐剤50mg「日医工」（旧製品）,1147700J3254,ジクロフェナクナトリウム|ジクロフェナクナトリウム坐剤「日医工」(旧製品),50.0mg,坐剤,ジクロフェナクナトリウム坐剤12.5mg「日医工」（旧製品）,1c7bd8a11155
ジゴキシン,ジゴキシンKY錠0.25,2113003F1065,ジゴキシン|ジゴキシンKY錠0.25,,錠,,64d911170f3f
ジゴキシン,ジゴキシン錠0.25mg「AFP」,2113003F1090,ジゴキシン|ジゴキシン錠「AFP」,0.25mg,錠,ジゴキシン錠0.125mg「AFP」,032a884d41a9
ジゴキシン,ジゴシン散0.1％,2113004B1033,ジゴキシン|ジゴシン散,0.1%,散剤,,c880c59f5819
ジゴキシン,ジゴシン錠0.25mg,2113003F1057,ジゴキシン|ジゴシン錠,0.25mg,錠,ジゴシン錠0.125mg,c880c59f5819
バルベナジントシル酸塩カプセル,ジスバルカプセル40mg,1190031M1028,バルベナジントシル酸塩カプセル|ジスバルカプセル,40.0mg,カプセル,ジスバルカプセル20mg,2c2993657414
フィルゴチニブマレイン酸塩錠,ジセレカ錠100mg,3999053F1023,フィルゴチニブマレイン酸塩錠|ジセレカ錠,100.0mg,錠,ジセレカ錠200mg,01e7e4c28fea
ジノプロスト,ジノプロスト注射液2000μg「F」,2499401A3081,ジノプロスト|ジノプロスト注射液「F」,2000.0μg,注射剤,ジノプロスト注射液1000μg「F」,1bda920a9ef0
ジヒドロコデインリン酸塩,ジヒドロコデインリン酸塩散10％「タケダ」,8115004B2082,ジヒドロコデインリン酸塩|ジヒドロコデインリン酸塩散「タケダ」,10.0%,散剤,,2d6a6896c26e
ダモクトコグ　アルファ　ペゴル（遺伝子組換え）,ジビイ静注用1000,6343453D2027,ダモクトコグ　アルファ　ペゴル（遺伝子組換え）|ジビイ静注用1000,,注射剤,,754e829312f1
ダモクトコグ　アルファ　ペゴル（遺伝子組換え）,ジビイ静注用2000,6343453D3023,ダモクトコグ　アルファ　ペゴル（遺伝子組換え）|ジビイ静注用2000,,注射剤,,754e829312f1
ダモクトコグ　アルファ　ペゴル（遺伝子組換え）,ジビイ静注用3000,6343453D4020,ダモクトコグ　アルファ　ペゴル（遺伝子組換え）|ジビイ静注用3000,,注射剤,,754e829312f1
ジピリダモール製剤,ジピリダモール散12.5%「JG」,2171010B1067,ジピリダモール製剤|ジピリダモール散「JG」,12.5%,散剤,,0e4229fa4c60
ジフェンヒドラミン塩酸塩,ジフェンヒドラミン塩酸塩注30mg「日新」,4411400A2030,ジフェンヒドラミン塩酸塩|ジフェンヒドラミン塩酸塩注「日新」,30.0mg,注射剤,ジフェンヒドラミン塩酸塩注10mg「日新」,925f562f8615
フルコナゾール,ジフルカンカプセル100mg,6290002M2026,フルコナゾール|ジフルカンカプセル,100.0mg,カプセル,ジフルカンカプセル50mg,65168af5ec24
フルコナゾール,ジフルカンドライシロップ1400mg,6290002R2023,フルコナゾール|ジフルカンドライシロップ,1400.0mg,ドライシロップ,ジフルカンドライシロップ350mg,6bf420d8bbf6
フルコナゾール,ジフルカン静注液100mg,6290401A2168,フルコナゾール|ジフルカン静注液,100.0mg,注射剤,ジフルカン静注液50mg,375bc16a6688
フルコナゾール,ジフルカン静注液200mg,6290401A3164,フルコナゾール|ジフルカン静注液,200.0mg,注射剤,ジフルカン静注液50mg,375bc16a6688
ジフルプレドナート製剤,ジフルプレドナートクリーム0.05%「イワキ」,2646725N1169,ジフルプレドナート製剤|ジフルプレドナートクリーム「イワキ」,0.05%,クリーム,,4d5d3b55181f
ジフルプレドナート,ジフルプレドナートローション0.05%「MYK」,2646725Q1076,ジフルプレドナート|ジフルプレドナートローション「MYK」,0.05%,ローション,,a05ba9b64c64
ジフルプレドナート製剤,ジフルプレドナートローション0.05%「イワキ」,2646725Q1084,ジフルプレドナート製剤|ジフルプレドナートローション「イワキ」,0.05%,ローション,,4d5d3b55181f
ジフロラゾン酢酸エステル製剤,ジフロラゾン酢酸エステルクリーム0.05%「YD」,2646723N1160,ジフロラゾン酢酸エステル製剤|ジフロラゾン酢酸エステルクリーム「YD」,0.05%,クリーム,,caeccafb0955
"ジブカイン塩酸塩
サリチル酸ナトリウム
臭化カルシウム",ジブカルソー注,1149503A1032,"ジブカイン塩酸塩
サリチル酸ナトリウム
臭化カルシウム|ジブカルソー注",,注射剤,ジブカルソー注,f179faa9c563
オランザピン口腔内崩壊錠,ジプレキサザイディス錠10mg,1179044F5024,オランザピン口腔内崩壊錠|ジプレキサザイディス錠,10.0mg,錠,ジプレキサザイディス錠2.5mg,7ad42b2946df
オランザピン口腔内崩壊錠,ジプレキサザイディス錠5mg,1179044F4028,オランザピン口腔内崩壊錠|ジプレキサザイディス錠,5.0mg,錠,ジプレキサザイディス錠2.5mg,7ad42b2946df
オランザピン錠,ジプレキサ錠10mg,1179044F3021,オランザピン錠|ジプレキサ錠,10.0mg,錠,ジプレキサ錠2.5mg,ab7f2b06f9f9
オランザピン錠,ジプレキサ錠5mg,1179044F2025,オランザピン錠|ジプレキサ錠,5.0mg,錠,ジプレキサ錠2.5mg,ab7f2b06f9f9
ジメチコン製剤,ジメチコン錠40mg「ホリイ」,2318001F1241,ジメチコン製剤|ジメチコン錠「ホリイ」,40.0mg,錠,,c3b856aeeb5c
ジメチコン製剤,ジメチコン錠80mg「ホリイ」,2318001F3040,ジメチコン製剤|ジメチコン錠「ホリイ」,80.0mg,錠,,c3b856aeeb5c
ピルトブルチニブ錠,ジャイパーカ錠100mg,4291084F2023,ピルトブルチニブ錠|ジャイパーカ錠,100.0mg,錠,ジャイパーカ錠50mg,70db61c4b7af
ルキソリチニブリン酸塩,ジャカビ内用液小児用0.5%,4291034S1027,ルキソリチニブリン酸塩|ジャカビ内用液小児用,0.5%,液剤,,58e72c57b91a
ルキソリチニブリン酸塩,ジャカビ錠10mg,4291034F2025,ルキソリチニブリン酸塩|ジャカビ錠,10.0mg,錠,ジャカビ錠5mg,58e72c57b91a
ロミタピドメシル酸塩,ジャクスタピッドカプセル10mg,2189020M2020,ロミタピドメシル酸塩|ジャクスタピッドカプセル,10.0mg,カプセル,ジャクスタピッドカプセル5mg,63a12094ed92
ロミタピドメシル酸塩,ジャクスタピッドカプセル20mg,2189020M3026,ロミタピドメシル酸塩|ジャクスタピッドカプセル,20.0mg,カプセル,ジャクスタピッドカプセル5mg,63a12094ed92
ロミタピドメシル酸塩,ジャクスタピッドカプセル小児用2mg,21890A4M4027,ロミタピドメシル酸塩|ジャクスタピッドカプセル小児用,2.0mg,カプセル,,63a12094ed92
ネランドミラスト,ジャスケイド錠18mg,3999071F2028,ネランドミラスト|ジャスケイド錠,18.0mg,錠,ジャスケイド錠9mg,13b19af73432
エンパグリフロジン,ジャディアンス錠25mg,3969023F2020,エンパグリフロジン|ジャディアンス錠,25.0mg,錠,ジャディアンス錠10mg,08dd43474f4f
デフェラシロクス,ジャドニュ顆粒分包360mg,3929008D2029,デフェラシロクス|ジャドニュ顆粒分包,360.0mg,顆粒,ジャドニュ顆粒分包90mg,d833e67d29e0
シタグリプチンリン酸塩水和物,ジャヌビア錠100mg,3969010F3037,シタグリプチンリン酸塩水和物|ジャヌビア錠,100.0mg,錠,ジャヌビア錠12.5mg,04e2f5e32561
シタグリプチンリン酸塩水和物,ジャヌビア錠25mg,3969010F1034,シタグリプチンリン酸塩水和物|ジャヌビア錠,25.0mg,錠,ジャヌビア錠12.5mg,04e2f5e32561
シタグリプチンリン酸塩水和物,ジャヌビア錠50mg,3969010F2030,シタグリプチンリン酸塩水和物|ジャヌビア錠,50.0mg,錠,ジャヌビア錠12.5mg,04e2f5e32561
レニオリシブリン酸塩,ジョエンジャ錠30mg,3999073F2027,レニオリシブリン酸塩|ジョエンジャ錠,30.0mg,錠,ジョエンジャ錠10mg,e8e1db8bfdc7
レニオリシブリン酸塩,ジョエンジャ錠70mg,3999073F3023,レニオリシブリン酸塩|ジョエンジャ錠,70.0mg,錠,ジョエンジャ錠10mg,e8e1db8bfdc7
ジラゼプ塩酸塩水和物,ジラゼプ塩酸塩錠100mg「サワイ」,2171005F2153,ジラゼプ塩酸塩水和物|ジラゼプ塩酸塩錠「サワイ」,100.0mg,錠,ジラゼプ塩酸塩錠50mg「サワイ」,a7f8b5c2338a
ジラゼプ塩酸塩水和物,ジラゼプ塩酸塩錠100mg「日新」,2171005F2161,ジラゼプ塩酸塩水和物|ジラゼプ塩酸塩錠「日新」,100.0mg,錠,ジラゼプ塩酸塩錠50mg「日新」,89e0ed44214f
ジルチアゼム塩酸塩,ジルチアゼム塩酸塩Rカプセル200mg「サワイ」,2171006N2055,ジルチアゼム塩酸塩|ジルチアゼム塩酸塩Rカプセル「サワイ」,200.0mg,カプセル,ジルチアゼム塩酸塩Rカプセル100mg「サワイ」,5314b84267ae
ジルチアゼム塩酸塩徐放カプセル,ジルチアゼム塩酸塩徐放カプセル200mg「トーワ」,2171006N2080,ジルチアゼム塩酸塩徐放カプセル|ジルチアゼム塩酸塩徐放カプセル「トーワ」,200.0mg,カプセル,ジルチアゼム塩酸塩徐放カプセル100mg「トーワ」,c6b6d240c858
ジルチアゼム塩酸塩,ジルチアゼム塩酸塩徐放カプセル200mg「日医工」,2171006N2071,ジルチアゼム塩酸塩|ジルチアゼム塩酸塩徐放カプセル「日医工」,200.0mg,カプセル,ジルチアゼム塩酸塩徐放カプセル100mg「日医工」,12fcf05109a5
ジルチアゼム塩酸塩,ジルチアゼム塩酸塩注射用50mg「サワイ」,2171405D5065,ジルチアゼム塩酸塩|ジルチアゼム塩酸塩注射用「サワイ」,50.0mg,注射剤,ジルチアゼム塩酸塩注射用10mg「サワイ」; ジルチアゼム塩酸塩注射用250mg「サワイ」,868b37aa80e7
ジルチアゼム塩酸塩,ジルチアゼム塩酸塩錠60mg「サワイ」,2171006F2107,ジルチアゼム塩酸塩|ジルチアゼム塩酸塩錠「サワイ」,60.0mg,錠,ジルチアゼム塩酸塩錠30mg「サワイ」,15a7d2dd3038
ジルチアゼム塩酸塩,ジルチアゼム塩酸塩錠60mg「ツルハラ」,2171006F2182,ジルチアゼム塩酸塩|ジルチアゼム塩酸塩錠「ツルハラ」,60.0mg,錠,ジルチアゼム塩酸塩錠30mg「ツルハラ」,da64bdeaace7
ジルチアゼム塩酸塩錠,ジルチアゼム塩酸塩錠60mg「トーワ」,2171006F2166,ジルチアゼム塩酸塩錠|ジルチアゼム塩酸塩錠「トーワ」,60.0mg,錠,ジルチアゼム塩酸塩錠30mg「トーワ」,b020923e390c
セチリジン塩酸塩,ジルテック錠10,4490020F2027,セチリジン塩酸塩|ジルテック錠10,,錠,,5f176780ed3f
ジルコプランナトリウム,ジルビスク皮下注23.0mgシリンジ,3999471G2026,ジルコプランナトリウム|ジルビスク皮下注シリンジ,23.0mg,注射剤,ジルビスク皮下注16.6mgシリンジ,17a10e29cb58
ジルコプランナトリウム,ジルビスク皮下注32.4mgシリンジ,3999471G3022,ジルコプランナトリウム|ジルビスク皮下注シリンジ,32.4mg,注射剤,ジルビスク皮下注16.6mgシリンジ,17a10e29cb58
"アジルサルタン
アムロジピンベシル酸塩",ジルムロ配合OD錠HD「サワイ」,2149121F4020,"アジルサルタン
アムロジピンベシル酸塩|ジルムロ配合OD錠HD「サワイ」",,OD錠,,853a94a0b3e4
アジルサルタンアムロジピンベシル酸塩,ジルムロ配合OD錠HD「トーワ」,2149121F4039,アジルサルタンアムロジピンベシル酸塩|ジルムロ配合OD錠HD「トーワ」,,OD錠,,f8747d86b182
アジルサルタンアムロジピンベシル酸塩,ジルムロ配合OD錠HD「日医工」,2149121F4047,アジルサルタンアムロジピンベシル酸塩|ジルムロ配合OD錠HD「日医工」,,OD錠,,8343cc160a17
"アジルサルタン
アムロジピンベシル酸塩",ジルムロ配合OD錠LD「サワイ」,2149121F3024,"アジルサルタン
アムロジピンベシル酸塩|ジルムロ配合OD錠LD「サワイ」",,OD錠,,853a94a0b3e4
アジルサルタンアムロジピンベシル酸塩,ジルムロ配合OD錠LD「トーワ」,2149121F3032,アジルサルタンアムロジピンベシル酸塩|ジルムロ配合OD錠LD「トーワ」,,OD錠,,f8747d86b182
アジルサルタン／アムロジピンベシル酸塩配合錠,ジルムロ配合錠HD「JG」,2149121F2036,アジルサルタン／アムロジピンベシル酸塩配合錠|ジルムロ配合錠HD「JG」,,錠,,4afc6fdc6715
アジルサルタン／アムロジピンベシル酸塩配合錠,ジルムロ配合錠HD「TCK」,2149121F2044,アジルサルタン／アムロジピンベシル酸塩配合錠|ジルムロ配合錠HD「TCK」,,錠,,37b70793328b
アジルサルタン／アムロジピンベシル酸塩配合錠,ジルムロ配合錠HD「YD」,2149121F2052,アジルサルタン／アムロジピンベシル酸塩配合錠|ジルムロ配合錠HD「YD」,,錠,,97b4fcea1fde
"アジルサルタン
アムロジピンベシル酸塩",ジルムロ配合錠HD「サワイ」,2149121F2060,"アジルサルタン
アムロジピンベシル酸塩|ジルムロ配合錠HD「サワイ」",,錠,,853a94a0b3e4
アジルサルタン／アムロジピンベシル酸塩配合錠,ジルムロ配合錠HD「ツルハラ」,2149121F2087,アジルサルタン／アムロジピンベシル酸塩配合錠|ジルムロ配合錠HD「ツルハラ」,,錠,,28e712810d67
アジルサルタンアムロジピンベシル酸塩,ジルムロ配合錠HD「トーワ」,2149121F2095,アジルサルタンアムロジピンベシル酸塩|ジルムロ配合錠HD「トーワ」,,錠,,f94f7e15b1fa
アジルサルタン・アムロジピンベシル酸塩配合錠,ジルムロ配合錠HD「ニプロ」,2149121F2109,アジルサルタン・アムロジピンベシル酸塩配合錠|ジルムロ配合錠HD「ニプロ」,,錠,,72203550835d
アジルサルタン・アムロジピンベシル酸塩配合錠,ジルムロ配合錠HD「武田テバ」,2149121F2079,アジルサルタン・アムロジピンベシル酸塩配合錠|ジルムロ配合錠HD「武田テバ」,,錠,,ec5f22202afd
ヒスチジン亜鉛水和物,ジンタス錠50mg,3229008F1025,ヒスチジン亜鉛水和物|ジンタス錠,50.0mg,錠,ジンタス錠25mg,5130cf20a29d
スガマデクスナトリウム,スガマデクス静注液500mg「F」,3929409A2038,スガマデクスナトリウム|スガマデクス静注液「F」,500.0mg,注射剤,スガマデクス静注液200mg「F」,765c77fb4ec6
スガマデクスナトリウム,スガマデクス静注液500mg「VTRS」,3929409A2046,スガマデクスナトリウム|スガマデクス静注液「VTRS」,500.0mg,注射剤,スガマデクス静注液200mg「VTRS」,fc76597e4cb4
スガマデクスナトリウム注射液,スガマデクス静注液500mg「サンド」,3929409A2054,スガマデクスナトリウム注射液|スガマデクス静注液「サンド」,500.0mg,注射剤,スガマデクス静注液200mg「サンド」,634d0a4dc12f
スガマデクスナトリウム注射液,スガマデクス静注液500mg「トーワ」,3929409A2097,スガマデクスナトリウム注射液|スガマデクス静注液「トーワ」,500.0mg,注射剤,スガマデクス静注液200mg「トーワ」,39ce8bca6279
スガマデクスナトリウム注射液,スガマデクス静注液500mg「ニプロ」,3929409A2062,スガマデクスナトリウム注射液|スガマデクス静注液「ニプロ」,500.0mg,注射剤,スガマデクス静注液200mg「ニプロ」,fe2ac33696c3
スガマデクスナトリウム注射液,スガマデクス静注液500mg「バクスター」,3929409A2070,スガマデクスナトリウム注射液|スガマデクス静注液「バクスター」,500.0mg,注射剤,スガマデクス静注液200mg「バクスター」,7b6fcb3b0531
スガマデクスナトリウム,スガマデクス静注液500mg「マルイシ」,3929409A2089,スガマデクスナトリウム|スガマデクス静注液「マルイシ」,500.0mg,注射剤,スガマデクス静注液200mg「マルイシ」,afe68b93c3dd
スキサメトニウム塩化物注射液,スキサメトニウム注100「マルイシ」,1224400A3056,スキサメトニウム塩化物注射液|スキサメトニウム注100「マルイシ」,,注射剤,,685caf32cfff
リサンキズマブ（遺伝子組換え）,スキリージ皮下注150mgペン1mL,3999450G3020,リサンキズマブ（遺伝子組換え）|スキリージ皮下注ペン,150.0mg/1.0ml,注射剤,,1fc42a1bb781
リサンキズマブ（遺伝子組換え）,スキリージ皮下注180mgオートドーザー,3999450G5023,リサンキズマブ（遺伝子組換え）|スキリージ皮下注オートドーザー,180.0mg,注射剤,スキリージ皮下注360mgオートドーザー,0d39e14029b6
リサンキズマブ（遺伝子組換え）,スキリージ皮下注75mgシリンジ0.83mL,3999450G1028,リサンキズマブ（遺伝子組換え）|スキリージ皮下注シリンジ,75.0mg/0.83ml,注射剤,スキリージ皮下注150mgシリンジ1mL,1fc42a1bb781
イブプロフェンピコノール,スタデルムクリーム5%,2649728N1075,イブプロフェンピコノール|スタデルムクリーム,5.0%,クリーム,,ec916484f641
レボドパ・カルビドパ水和物・エンタカポン,スタレボ配合錠L100,1169102F2023,レボドパ・カルビドパ水和物・エンタカポン|スタレボ配合錠L100,,錠,,4b98826eef3f
"ナテグリニド錠
Nateglinide",スターシス錠90mg,3969006F2026,"ナテグリニド錠
Nateglinide|スターシス錠",90.0mg,錠,スターシス錠30mg,9b4532bec77a
腹膜透析液,ステイセーフバランス　1／1.5　腹膜透析液,3420419A9050,腹膜透析液|ステイセーフバランス1/1.5腹膜透析液,,液剤,ステイセーフバランス　1／1.5　腹膜透析液,ef78ee26629d
腹膜透析液,ステイセーフバランス　1／1.5　腹膜透析液,3420419A8061,腹膜透析液|ステイセーフバランス1/1.5腹膜透析液,,液剤,ステイセーフバランス　1／1.5　腹膜透析液,ef78ee26629d
腹膜透析液,ステイセーフバランス　1／1.5　腹膜透析液,3420419A7065,腹膜透析液|ステイセーフバランス1/1.5腹膜透析液,,液剤,ステイセーフバランス　1／1.5　腹膜透析液,ef78ee26629d
腹膜透析液,ステイセーフバランス　1／2.5　腹膜透析液,3420420A9052,腹膜透析液|ステイセーフバランス1/2.5腹膜透析液,,液剤,,ef78ee26629d
腹膜透析液,ステイセーフバランス　1／2.5　腹膜透析液,3420420A8064,腹膜透析液|ステイセーフバランス1/2.5腹膜透析液,,液剤,,ef78ee26629d
腹膜透析液,ステイセーフバランス　1／2.5　腹膜透析液,3420420A7068,腹膜透析液|ステイセーフバランス1/2.5腹膜透析液,,液剤,,ef78ee26629d
腹膜透析液,ステイセーフバランス　1／2.5　腹膜透析液,3420420A5057,腹膜透析液|ステイセーフバランス1/2.5腹膜透析液,,液剤,,ef78ee26629d
腹膜透析液,ステイセーフバランス　1／4.25　腹膜透析液,3420421A4047,腹膜透析液|ステイセーフバランス1/4.25腹膜透析液,,液剤,,ef78ee26629d
腹膜透析液,ステイセーフバランス　1／4.25　腹膜透析液,3420421A8050,腹膜透析液|ステイセーフバランス1/4.25腹膜透析液,,液剤,,ef78ee26629d
腹膜透析液,ステイセーフバランス　1／4.25　腹膜透析液,3420421A7054,腹膜透析液|ステイセーフバランス1/4.25腹膜透析液,,液剤,,ef78ee26629d
腹膜透析液,ステイセーフバランス　1／4.25　腹膜透析液,3420421A6058,腹膜透析液|ステイセーフバランス1/4.25腹膜透析液,,液剤,,ef78ee26629d
腹膜透析液,ステイセーフバランス　2／1.5　腹膜透析液,3420409A7088,腹膜透析液|ステイセーフバランス2/1.5腹膜透析液,,液剤,ステイセーフバランス　2／1.5　腹膜透析液,619618f6ed42
腹膜透析液,ステイセーフバランス　2／1.5　腹膜透析液,3420409A9064,腹膜透析液|ステイセーフバランス2/1.5腹膜透析液,,液剤,ステイセーフバランス　2／1.5　腹膜透析液,619618f6ed42
腹膜透析液,ステイセーフバランス　2／1.5　腹膜透析液,3420409H1053,腹膜透析液|ステイセーフバランス2/1.5腹膜透析液,,液剤,ステイセーフバランス　2／1.5　腹膜透析液,619618f6ed42
腹膜透析液,ステイセーフバランス　2／2.5　腹膜透析液,3420410A7080,腹膜透析液|ステイセーフバランス2/2.5腹膜透析液,,液剤,,619618f6ed42
腹膜透析液,ステイセーフバランス　2／2.5　腹膜透析液,3420410A9067,腹膜透析液|ステイセーフバランス2/2.5腹膜透析液,,液剤,,619618f6ed42
腹膜透析液,ステイセーフバランス　2／2.5　腹膜透析液,3420410A6084,腹膜透析液|ステイセーフバランス2/2.5腹膜透析液,,液剤,,619618f6ed42
腹膜透析液,ステイセーフバランス　2／2.5　腹膜透析液,3420410H1056,腹膜透析液|ステイセーフバランス2/2.5腹膜透析液,,液剤,,619618f6ed42
腹膜透析液,ステイセーフバランス　2／4.25　腹膜透析液,3420411A6070,腹膜透析液|ステイセーフバランス2/4.25腹膜透析液,,液剤,,619618f6ed42
腹膜透析液,ステイセーフバランス　2／4.25　腹膜透析液,3420411A7077,腹膜透析液|ステイセーフバランス2/4.25腹膜透析液,,液剤,,619618f6ed42
腹膜透析液,ステイセーフバランス　2／4.25　腹膜透析液,3420411A4060,腹膜透析液|ステイセーフバランス2/4.25腹膜透析液,,液剤,,619618f6ed42
ウステキヌマブ（遺伝子組換え）,ステラーラ皮下注45mgバイアル,39994B4A2029,ウステキヌマブ（遺伝子組換え）|ステラーラ皮下注バイアル,45.0mg,注射剤,,e704c31a7013
0.5％クロルヘキシジングルコン酸塩・エタノール含浸綿球,ステリクロン0.5％AL綿球20,261980CX2020,0.5％クロルヘキシジングルコン酸塩・エタノール含浸綿球|ステリクロンAL綿球20,0.5%,(不明),,e9c1137a6b28
1％クロルヘキシジングルコン酸塩・エタノール綿棒,ステリクロンBエタノール液1％綿棒14,261970BX2109,1％クロルヘキシジングルコン酸塩・エタノール綿棒|ステリクロンBエタノール液綿棒14,1.0%,液剤,,7cc6c4d77ea5
クロルヘキシジングルコン酸塩製剤,ステリクロンW液0.05,2619702X2028,クロルヘキシジングルコン酸塩製剤|ステリクロンW液0.05,,液剤,,a5681c8a6300
グルタラール製剤,ステリゾール液20%,732170AQ2058,グルタラール製剤|ステリゾール液,20.0%,液剤,ステリゾール液2%,ea90009c3810
グルタラール製剤,ステリハイドL20W/V%液,732170AQ2040,グルタラール製剤|ステリハイドL液,20.0w/v%,液剤,ステリハイドL2W/V%液,9156714e9ccf
ベンジルペニシリンベンザチン水和物,ステルイズ水性懸濁筋注240万単位シリンジ,6111403G2020,ベンジルペニシリンベンザチン水和物|ステルイズ水性懸濁筋注240万単位シリンジ,,注射剤,,1a89896698cf
ベタメタゾンリン酸エステルナトリウム,ステロネマ注腸1.5mg,2454701X2030,ベタメタゾンリン酸エステルナトリウム|ステロネマ注腸,1.5mg,注射剤,ステロネマ注腸3mg,51681dcc69cc
"イミダフェナシン錠
イミダフェナシン口腔内崩壊錠",ステーブラOD錠0.1mg,2590013F2031,"イミダフェナシン錠
イミダフェナシン口腔内崩壊錠|ステーブラOD錠",0.1mg,OD錠,,87a9542a6ffd
アトモキセチン塩酸塩カプセル,ストラテラカプセル10mg,1179050M2020,アトモキセチン塩酸塩カプセル|ストラテラカプセル,10.0mg,カプセル,ストラテラカプセル5mg,27e3b51c948d
アトモキセチン塩酸塩カプセル,ストラテラカプセル25mg,1179050M3026,アトモキセチン塩酸塩カプセル|ストラテラカプセル,25.0mg,カプセル,ストラテラカプセル5mg,27e3b51c948d
アトモキセチン塩酸塩カプセル,ストラテラカプセル40mg,1179050M4022,アトモキセチン塩酸塩カプセル|ストラテラカプセル,40.0mg,カプセル,ストラテラカプセル5mg,27e3b51c948d
アスホターゼ　アルファ（遺伝子組換え）製剤,ストレンジック皮下注18mg／0.45mL,3959418A2028,アスホターゼ　アルファ（遺伝子組換え）製剤|ストレンジック皮下注/,18.0mg/0.45ml,注射剤,ストレンジック皮下注12mg／0.3mL,254d32469512
アスホターゼ　アルファ（遺伝子組換え）製剤,ストレンジック皮下注28mg／0.7mL,3959418A3024,アスホターゼ　アルファ（遺伝子組換え）製剤|ストレンジック皮下注/,28.0mg/0.7ml,注射剤,ストレンジック皮下注12mg／0.3mL,254d32469512
アスホターゼ　アルファ（遺伝子組換え）製剤,ストレンジック皮下注40mg／1mL,3959418A4020,アスホターゼ　アルファ（遺伝子組換え）製剤|ストレンジック皮下注/,40.0mg/1.0ml,注射剤,ストレンジック皮下注12mg／0.3mL,254d32469512
アスホターゼ　アルファ（遺伝子組換え）製剤,ストレンジック皮下注80mg／0.8mL,3959418A5027,アスホターゼ　アルファ（遺伝子組換え）製剤|ストレンジック皮下注/,80.0mg/0.8ml,注射剤,ストレンジック皮下注12mg／0.3mL,254d32469512
"チオトロピウム臭化物水和物
オロダテロール塩酸塩",スピオルトレスピマット60吸入,2259807G2022,"チオトロピウム臭化物水和物
オロダテロール塩酸塩|スピオルトレスピマット60吸入",,(不明),,1e253d951fe8
ジアゼパム,スピジア点鼻液10mg,1139701R3021,ジアゼパム|スピジア点鼻液,10.0mg,点鼻剤,スピジア点鼻液5mg,ffdfc5b223ec
ジアゼパム,スピジア点鼻液7.5mg,1139701R2025,ジアゼパム|スピジア点鼻液,7.5mg,点鼻剤,スピジア点鼻液5mg,ffdfc5b223ec
プレドニゾロン吉草酸エステル酢酸エステル,スピラゾンクリーム0.3％,2646720N1085,プレドニゾロン吉草酸エステル酢酸エステル|スピラゾンクリーム,0.3%,クリーム,,980c5cd35e38
プレドニゾロン吉草酸エステル酢酸エステル,スピラゾンローション0.3％,2646720Q1057,プレドニゾロン吉草酸エステル酢酸エステル|スピラゾンローション,0.3%,ローション,,980c5cd35e38
チオトロピウム臭化物水和物,スピリーバ2.5μgレスピマット60吸入,2259709G2023,チオトロピウム臭化物水和物|スピリーバレスピマット60吸入,2.5μg,(不明),スピリーバ1.25μgレスピマット60吸入,5efd3666baae
スピペロン,スピロピタン錠1mg,1179015F2029,スピペロン|スピロピタン錠,1.0mg,錠,スピロピタン錠0.25mg,a1aa4b308a4f
ヌシネルセンナトリウム髄注,スピンラザ髄注28mg,1190403A2029,ヌシネルセンナトリウム髄注|スピンラザ髄注,28.0mg,注射剤,スピンラザ髄注12mg,1c2107ce0d7e
ヌシネルセンナトリウム髄注,スピンラザ髄注50mg,1190403A3025,ヌシネルセンナトリウム髄注|スピンラザ髄注,50.0mg,注射剤,スピンラザ髄注12mg,1c2107ce0d7e
スプラタストトシル酸塩,スプラタストトシル酸塩カプセル100mg「サワイ」,4490016M2062,スプラタストトシル酸塩|スプラタストトシル酸塩カプセル「サワイ」,100.0mg,カプセル,スプラタストトシル酸塩カプセル50mg「サワイ」,77439394b016
スプラタストトシル酸塩カプセル,スプラタストトシル酸塩カプセル100mg「トーワ」,4490016M2100,スプラタストトシル酸塩カプセル|スプラタストトシル酸塩カプセル「トーワ」,100.0mg,カプセル,スプラタストトシル酸塩カプセル50mg「トーワ」,99359baccc5e
ダサチニブ水和物,スプリセル錠50mg,4291020F2023,ダサチニブ水和物|スプリセル錠,50.0mg,錠,スプリセル錠20mg,32bff16f1b84
日本薬局方　フェロジピン錠,スプレンジール錠5mg,2149035F2021,日本薬局方　フェロジピン錠|スプレンジール錠,5.0mg,錠,スプレンジール錠2.5mg,34bb1ed94f20
ゼラチン,スポンゼル,3322700X2022,ゼラチン|スポンゼル,,(不明),スポンゼル,2b91629f9252
"ペフィシチニブ臭化水素酸塩錠
Peficitinib　Hydrobromide",スマイラフ錠100mg,3999046F2020,"ペフィシチニブ臭化水素酸塩錠
Peficitinib　Hydrobromide|スマイラフ錠",100.0mg,錠,スマイラフ錠50mg,5e8863981004
スマトリプタンコハク酸塩,スマトリプタン内用液50mg「タカタ」,2160003S1020,スマトリプタンコハク酸塩|スマトリプタン内用液「タカタ」,50.0mg,液剤,,75b57f0e27ed
インターフェロン　アルファ（NAMALWA）,スミフェロン注DS600万IU,6399404A6036,インターフェロン　アルファ（NAMALWA）|スミフェロン注DS600万IU,,注射剤,,262842de4501
アンピシリンナトリウム・スルバクタムナトリウム,スルバシリン静注用1.5g,6139504F2088,アンピシリンナトリウム・スルバクタムナトリウム|スルバシリン静注用,1.5g,注射剤,スルバシリン静注用0.75g,2b637cd5320c
アンピシリンナトリウム・スルバクタムナトリウム,スルバシリン静注用3g,6139504F3033,アンピシリンナトリウム・スルバクタムナトリウム|スルバシリン静注用,3.0g,注射剤,スルバシリン静注用0.75g,2b637cd5320c
スルピリド,スルピリド錠200mg「アメル」,1179016F2120,スルピリド|スルピリド錠「アメル」,200.0mg,錠,スルピリド錠100mg「アメル」; スルピリド錠50mg「アメル」,9ef8f2f629a1
スルピリド,スルピリド錠200mg「サワイ」,1179016F2163,スルピリド|スルピリド錠「サワイ」,200.0mg,錠,スルピリド錠100mg「サワイ」; スルピリド錠50mg「サワイ」,760f3e5d56f3
スルピリド錠,スルピリド錠200mg「トーワ」,1179016F2155,スルピリド錠|スルピリド錠「トーワ」,200.0mg,錠,スルピリド錠100mg「トーワ」,9196b109bf0e
"セフォペラゾンナトリウム
スルバクタムナトリウム",スルペラゾン静注用1g,6139500F2020,"セフォペラゾンナトリウム
スルバクタムナトリウム|スルペラゾン静注用",1.0g,注射剤,スルペラゾン静注用0.5g,ce7b1af38fe8
トリミプラミンマレイン酸塩,スルモンチール散10％,1174005B1020,トリミプラミンマレイン酸塩|スルモンチール散,10.0%,散剤,,bbf3121c6172
トリミプラミンマレイン酸塩,スルモンチール錠25mg,1174005F2029,トリミプラミンマレイン酸塩|スルモンチール錠,25.0mg,錠,スルモンチール錠10mg,bbf3121c6172
"イプラグリフロジン　L-プロリン錠
Ipragliflozin
L
-Proline",スーグラ錠50mg,3969018F2029,"イプラグリフロジン　L-プロリン錠
Ipragliflozin
L
-Proline|スーグラ錠",50.0mg,錠,スーグラ錠25mg,3f79a4be7dad
ミグリトール口腔内崩壊錠,セイブルOD錠50mg,3969009F4022,ミグリトール口腔内崩壊錠|セイブルOD錠,50.0mg,OD錠,セイブルOD錠25mg,2c7034230d6e
ミグリトール口腔内崩壊錠,セイブルOD錠75mg,3969009F5029,ミグリトール口腔内崩壊錠|セイブルOD錠,75.0mg,OD錠,セイブルOD錠25mg,2c7034230d6e
ミグリトール錠,セイブル錠50mg,3969009F2020,ミグリトール錠|セイブル錠,50.0mg,錠,セイブル錠25mg,307339d0a5e3
ミグリトール錠,セイブル錠75mg,3969009F3026,ミグリトール錠|セイブル錠,75.0mg,錠,セイブル錠25mg,307339d0a5e3
セチリジン塩酸塩,セチリジン塩酸塩OD錠10mg「サワイ」,4490020F4020,セチリジン塩酸塩|セチリジン塩酸塩OD錠「サワイ」,10.0mg,OD錠,,5080c1efc527
セチリジン塩酸塩,セチリジン塩酸塩OD錠5mg「サワイ」,4490020F3023,セチリジン塩酸塩|セチリジン塩酸塩OD錠「サワイ」,5.0mg,OD錠,,5080c1efc527
セチリジン塩酸塩,セチリジン塩酸塩錠10mg「CH」,4490020F2043,セチリジン塩酸塩|セチリジン塩酸塩錠「CH」,10.0mg,錠,セチリジン塩酸塩錠5mg「CH」,6d02f68ce5c7
セチリジン塩酸塩,セチリジン塩酸塩錠10mg「MNP」,4490020F2086,セチリジン塩酸塩|セチリジン塩酸塩錠「MNP」,10.0mg,錠,セチリジン塩酸塩錠5mg「MNP」,fd6e17341f13
セチリジン塩酸塩錠,セチリジン塩酸塩錠10mg「NIG」,4490020F2361,セチリジン塩酸塩錠|セチリジン塩酸塩錠「NIG」,10.0mg,錠,セチリジン塩酸塩錠5mg「NIG」,0c831940ff86
セチリジン塩酸塩,セチリジン塩酸塩錠10mg「PH」,4490020F2116,セチリジン塩酸塩|セチリジン塩酸塩錠「PH」,10.0mg,錠,セチリジン塩酸塩錠5mg「PH」,cda9138f9edd
セチリジン塩酸塩錠,セチリジン塩酸塩錠10mg「YD」,4490020F2167,セチリジン塩酸塩錠|セチリジン塩酸塩錠「YD」,10.0mg,錠,セチリジン塩酸塩錠5mg「YD」,c63ff85ff35b
セチリジン塩酸塩,セチリジン塩酸塩錠10mg「イワキ」,4490020F2183,セチリジン塩酸塩|セチリジン塩酸塩錠「イワキ」,10.0mg,錠,セチリジン塩酸塩錠5mg「イワキ」,e327e1611882
セチリジン塩酸塩,セチリジン塩酸塩錠10mg「サワイ」,4490020F2221,セチリジン塩酸塩|セチリジン塩酸塩錠「サワイ」,10.0mg,錠,セチリジン塩酸塩錠5mg「サワイ」,5080c1efc527
セチリジン塩酸塩,セチリジン塩酸塩錠10mg「タカタ」,4490020F2248,セチリジン塩酸塩|セチリジン塩酸塩錠「タカタ」,10.0mg,錠,セチリジン塩酸塩錠5mg「タカタ」,02299646ead1
セチリジン塩酸塩,セチリジン塩酸塩錠10mg「ツルハラ」,4490020F2264,セチリジン塩酸塩|セチリジン塩酸塩錠「ツルハラ」,10.0mg,錠,セチリジン塩酸塩錠5mg「ツルハラ」,cde6b77faeea
セチリジン塩酸塩錠,セチリジン塩酸塩錠10mg「トーワ」,4490020F2280,セチリジン塩酸塩錠|セチリジン塩酸塩錠「トーワ」,10.0mg,錠,セチリジン塩酸塩錠5mg「トーワ」,aea724f4a469
セチリジン塩酸塩錠,セチリジン塩酸塩錠10mg「日医工」,4490020F2299,セチリジン塩酸塩錠|セチリジン塩酸塩錠「日医工」,10.0mg,錠,セチリジン塩酸塩錠5mg「日医工」,6b7456143d86
日本薬局方　セチリジン塩酸塩錠,セチリジン塩酸塩錠10mg「科研」,4490020F2205,日本薬局方　セチリジン塩酸塩錠|セチリジン塩酸塩錠「科研」,10.0mg,錠,セチリジン塩酸塩錠5mg「科研」,64b9ea112519
タンドスピロンクエン酸塩,セディール錠10mg,1129008F2035,タンドスピロンクエン酸塩|セディール錠,10.0mg,錠,セディール錠5mg,0bac57a59fdf
タンドスピロンクエン酸塩,セディール錠20mg,1129008F3023,タンドスピロンクエン酸塩|セディール錠,20.0mg,錠,セディール錠5mg,0bac57a59fdf
-,セパセルインテグラCA,333940AX2038,-|セパセルインテグラCA,,(不明),セパセルインテグラCA,c94a7f074ab3
クロキサゾラム,セパゾン散1%,1124014B1036,クロキサゾラム|セパゾン散,1.0%,散剤,,a0aea3015111
クロキサゾラム,セパゾン錠2,1124014F2034,クロキサゾラム|セパゾン錠2,,錠,,a0aea3015111
セピアプテリン製剤,セピエンス顆粒分包1000mg,3999067D2020,セピアプテリン製剤|セピエンス顆粒分包,1000.0mg,顆粒,セピエンス顆粒分包250mg,2efa037ebe38
セファクロル,セファクロル細粒20%「日医工」,6132005C2106,セファクロル|セファクロル細粒「日医工」,20.0%,(不明),セファクロル細粒10%「日医工」,34ac80b4a40a
注射用セファゾリンナトリウム水和物,セファゾリンNa注射用0.5g「CHM」,6132401D2149,注射用セファゾリンナトリウム水和物|セファゾリンNa注射用「CHM」,0.5g,注射剤,セファゾリンNa注射用0.25g「CHM」,7ee0eb5d88e5
注射用セファゾリンナトリウム,セファゾリンNa注射用0.5g「NP」,6132401D2130,注射用セファゾリンナトリウム|セファゾリンNa注射用「NP」,0.5g,注射剤,セファゾリンNa注射用0.25g「NP」,e21ef718e12c
注射用セファゾリンナトリウム水和物,セファゾリンNa注射用1g「CHM」,6132401D3226,注射用セファゾリンナトリウム水和物|セファゾリンNa注射用「CHM」,1.0g,注射剤,セファゾリンNa注射用0.25g「CHM」,7ee0eb5d88e5
注射用セファゾリンナトリウム,セファゾリンNa注射用1g「NP」,6132401D3200,注射用セファゾリンナトリウム|セファゾリンNa注射用「NP」,1.0g,注射剤,セファゾリンNa注射用0.25g「NP」,e21ef718e12c
注射用セファゾリンナトリウム水和物,セファゾリンNa注射用2g「CHM」,6132401D4214,注射用セファゾリンナトリウム水和物|セファゾリンNa注射用「CHM」,2.0g,注射剤,セファゾリンNa注射用0.25g「CHM」,7ee0eb5d88e5
注射用セファゾリンナトリウム,セファゾリンNa注射用2g「NP」,6132401D4206,注射用セファゾリンナトリウム|セファゾリンNa注射用「NP」,2.0g,注射剤,セファゾリンNa注射用0.25g「NP」,e21ef718e12c
注射用セファゾリンナトリウム,セファゾリンナトリウム注射用0.5g「日医工」,6132401D2122,注射用セファゾリンナトリウム|セファゾリンナトリウム注射用「日医工」,0.5g,注射剤,セファゾリンナトリウム注射用0.25g「日医工」,3ad83fd43f77
注射用セファゾリンナトリウム,セファゾリンナトリウム注射用1g「日医工」,6132401D3196,注射用セファゾリンナトリウム|セファゾリンナトリウム注射用「日医工」,1.0g,注射剤,セファゾリンナトリウム注射用0.25g「日医工」,3ad83fd43f77
注射用セファゾリンナトリウム,セファゾリンナトリウム注射用2g「日医工」,6132401D4192,注射用セファゾリンナトリウム|セファゾリンナトリウム注射用「日医工」,2.0g,注射剤,セファゾリンナトリウム注射用0.25g「日医工」,3ad83fd43f77
注射用セファゾリンナトリウム水和物 Cefazolin Sodium Hydrate,セファメジンα注射用0.5g,6132401D2084,注射用セファゾリンナトリウム水和物 Cefazolin Sodium Hydrate|セファメジンα注射用,0.5g,注射剤,セファメジンα注射用0.25g,f65fbc42c5b9
注射用セファゾリンナトリウム水和物 Cefazolin Sodium Hydrate,セファメジンα注射用1g,6132401D3145,注射用セファゾリンナトリウム水和物 Cefazolin Sodium Hydrate|セファメジンα注射用,1.0g,注射剤,セファメジンα注射用0.25g,f65fbc42c5b9
注射用セファゾリンナトリウム水和物 Cefazolin Sodium Hydrate,セファメジンα注射用2g,6132401D4141,注射用セファゾリンナトリウム水和物 Cefazolin Sodium Hydrate|セファメジンα注射用,2.0g,注射剤,セファメジンα注射用0.25g,f65fbc42c5b9
注射用セファゾリンナトリウム水和物 Cefazolin Sodium Hydrate,セファメジンα点滴用キット2g,6132401G1041,注射用セファゾリンナトリウム水和物 Cefazolin Sodium Hydrate|セファメジンα点滴用キット,2.0g,(不明),セファメジンα点滴用キット1g,540e418986a2
注射用セファゾリンナトリウム水和物 Cefazolin Sodium Hydrate,セファメジンα筋注用0.5g,6132401E2063,注射用セファゾリンナトリウム水和物 Cefazolin Sodium Hydrate|セファメジンα筋注用,0.5g,注射剤,セファメジンα筋注用0.25g,e00e785d1a74
セファランチン（タマサキツヅラフジ抽出アルカロイド）,セファランチン錠1mg,2900001F1029,セファランチン（タマサキツヅラフジ抽出アルカロイド）|セファランチン錠,1.0mg,錠,,be6e6e91417e
セフェピム塩酸塩水和物,セフェピム塩酸塩静注用1g「CMX」,6132425D2047,セフェピム塩酸塩水和物|セフェピム塩酸塩静注用「CMX」,1.0g,注射剤,セフェピム塩酸塩静注用0.5g「CMX」,05d26488a1df
セフェピム塩酸塩水和物,セフェピム塩酸塩静注用1g「サンド」,6132425D2039,セフェピム塩酸塩水和物|セフェピム塩酸塩静注用「サンド」,1.0g,注射剤,セフェピム塩酸塩静注用0.5g「サンド」,10ebdee487bb
"セフォペラゾンナトリウム
スルバクタムナトリウム",セフォセフ静注用1g,6139500F2055,"セフォペラゾンナトリウム
スルバクタムナトリウム|セフォセフ静注用",1.0g,注射剤,セフォセフ静注用0.5g,b208b1cfe73d
セフォタキシムナトリウム,セフォタックス注射用1g,6132409D2048,セフォタキシムナトリウム|セフォタックス注射用,1.0g,注射剤,セフォタックス注射用0.5g,a3e9b95f59cd
注射用セフォチアム塩酸塩,セフォチアム塩酸塩点滴静注用1gバッグ「NP」,6132400G3058,注射用セフォチアム塩酸塩|セフォチアム塩酸塩点滴静注用バッグ「NP」,1.0g,注射剤,,f77f1491764e
注射用セフォチアム塩酸塩,セフォチアム塩酸塩静注用0.5g「NP」,6132400F2170,注射用セフォチアム塩酸塩|セフォチアム塩酸塩静注用「NP」,0.5g,注射剤,セフォチアム塩酸塩静注用0.25g「NP」,f77f1491764e
注射用セフォチアム塩酸塩,セフォチアム塩酸塩静注用1g「NP」,6132400F3192,注射用セフォチアム塩酸塩|セフォチアム塩酸塩静注用「NP」,1.0g,注射剤,セフォチアム塩酸塩静注用0.25g「NP」,f77f1491764e
セフカペン　ピボキシル塩酸塩水和物,セフカペン　ピボキシル塩酸塩錠100mg「SW」,6132016F2135,セフカペン　ピボキシル塩酸塩水和物|セフカペンピボキシル塩酸塩錠「SW」,100.0mg,錠,セフカペン　ピボキシル塩酸塩錠75mg「SW」,e0e04b35d5d3
セフカペン　ピボキシル塩酸塩錠,セフカペン　ピボキシル塩酸塩錠100mg「TW」,6132016F2143,セフカペン　ピボキシル塩酸塩錠|セフカペンピボキシル塩酸塩錠「TW」,100.0mg,錠,セフカペン　ピボキシル塩酸塩錠75mg「TW」,4a7da5ae9f63
セフカペン　ピボキシル塩酸塩水和物,セフカペンピボキシル塩酸塩錠100mg「CH」,6132016F2046,セフカペン　ピボキシル塩酸塩水和物|セフカペンピボキシル塩酸塩錠「CH」,100.0mg,錠,セフカペンピボキシル塩酸塩錠75mg「CH」,8d9fa3b7251c
セフカペン ピボキシル塩酸塩水和物,セフカペンピボキシル塩酸塩錠100mg「SW」,6132016F2119,セフカペン ピボキシル塩酸塩水和物|セフカペンピボキシル塩酸塩錠「SW」,100.0mg,錠,セフカペンピボキシル塩酸塩錠75mg「SW」,76916fcf77e9
セフカペン ピボキシル塩酸塩錠,セフカペンピボキシル塩酸塩錠100mg「TW」,6132016F2127,セフカペン ピボキシル塩酸塩錠|セフカペンピボキシル塩酸塩錠「TW」,100.0mg,錠,セフカペンピボキシル塩酸塩錠75mg「TW」,c31cf5d23756
セフカペン　ピボキシル塩酸塩水和物,セフカペンピボキシル塩酸塩錠100mg「トーワ」,6132016F2070,セフカペン　ピボキシル塩酸塩水和物|セフカペンピボキシル塩酸塩錠「トーワ」,100.0mg,錠,セフカペンピボキシル塩酸塩錠75mg「トーワ」,306bc2a09491
セフジニル,セフジニルカプセル100mg「JG」,6132013M2149,セフジニル|セフジニルカプセル「JG」,100.0mg,カプセル,セフジニルカプセル50mg「JG」,69e45f9fa893
セフジニル,セフジニルカプセル100mg「日医工」,6132013M2114,セフジニル|セフジニルカプセル「日医工」,100.0mg,カプセル,セフジニルカプセル50mg「日医工」,c5b335d18384
セフジニル,セフジニル錠100mg「サワイ」,6132013F2034,セフジニル|セフジニル錠「サワイ」,100.0mg,錠,セフジニル錠50mg「サワイ」,eb72e1fdf74f
セフィキシム水和物,セフスパンカプセル100mg,6132008M2024,セフィキシム水和物|セフスパンカプセル,100.0mg,カプセル,セフスパンカプセル50mg,4c5b359dcace
セフィキシム水和物,セフスパン細粒50mg,6132008C1022,セフィキシム水和物|セフスパン細粒,50.0mg,(不明),,4c5b359dcace
セフジニルカプセルCefdinir,セフゾンカプセル100mg,6132013M2025,セフジニルカプセルCefdinir|セフゾンカプセル,100.0mg,カプセル,セフゾンカプセル50mg,63e8a6a53cfe
セフタジジム水和物,セフタジジム静注用1g「CHM」,6132418F2170,セフタジジム水和物|セフタジジム静注用「CHM」,1.0g,注射剤,セフタジジム静注用0.5g「CHM」,96362b877327
注射用セフタジジム,セフタジジム静注用1g「NP」,6132418F2110,注射用セフタジジム|セフタジジム静注用「NP」,1.0g,注射剤,セフタジジム静注用0.5g「NP」,cdf8bb194b61
セフタジジム水和物,セフタジジム静注用1g「VTRS」,6132418F2196,セフタジジム水和物|セフタジジム静注用「VTRS」,1.0g,注射剤,セフタジジム静注用0.5g「VTRS」,dab611e15da3
セフタジジム水和物,セフタジジム静注用1g「サワイ」,6132418F2145,セフタジジム水和物|セフタジジム静注用「サワイ」,1.0g,注射剤,セフタジジム静注用0.5g「サワイ」,d81fc3f6ee2f
注射用セフトリアキソンナトリウム水和物製剤,セフトリアキソンNa静注用1g「CHM」,6132419F2174,注射用セフトリアキソンナトリウム水和物製剤|セフトリアキソンNa静注用「CHM」,1.0g,注射剤,セフトリアキソンNa静注用0.5g「CHM」,5c08db79e9ea
セフトリアキソンナトリウム水和物,セフトリアキソンNa静注用1g「VTRS」,6132419F2182,セフトリアキソンナトリウム水和物|セフトリアキソンNa静注用「VTRS」,1.0g,注射剤,セフトリアキソンNa静注用0.5g「VTRS」,bdd94748af6e
セフトリアキソンナトリウム水和物,セフトリアキソンNa静注用1g「サワイ」,6132419F2131,セフトリアキソンナトリウム水和物|セフトリアキソンNa静注用「サワイ」,1.0g,注射剤,セフトリアキソンNa静注用0.5g「サワイ」,d631b53c13aa
セフトリアキソンナトリウム水和物注射剤,セフトリアキソンナトリウム静注用1g「NP」,6132419F2123,セフトリアキソンナトリウム水和物注射剤|セフトリアキソンナトリウム静注用「NP」,1.0g,注射剤,セフトリアキソンナトリウム静注用0.5g「NP」,d5511f40c2ff
注射用セフトリアキソンナトリウム水和物,セフトリアキソンナトリウム静注用1g「日医工」,6132419F2140,注射用セフトリアキソンナトリウム水和物|セフトリアキソンナトリウム静注用「日医工」,1.0g,注射剤,セフトリアキソンナトリウム静注用0.5g「日医工」,7c513b2a540c
セフメタゾールナトリウム,セフメタゾン静注用0.5g,6132408F2028,セフメタゾールナトリウム|セフメタゾン静注用,0.5g,注射剤,セフメタゾン静注用0.25g,5eed650cddb0
セフメタゾールナトリウム,セフメタゾン静注用1g,6132408F3059,セフメタゾールナトリウム|セフメタゾン静注用,1.0g,注射剤,セフメタゾン静注用0.25g,5eed650cddb0
セフメタゾールナトリウム,セフメタゾン静注用2g,6132408F4055,セフメタゾールナトリウム|セフメタゾン静注用,2.0g,注射剤,セフメタゾン静注用0.25g,5eed650cddb0
注射用セフメタゾールナトリウム,セフメタゾールNa静注用0.5g「NP」,6132408F2036,注射用セフメタゾールナトリウム|セフメタゾールNa静注用「NP」,0.5g,注射剤,セフメタゾールNa静注用0.25g「NP」,fcd2c549448e
注射用セフメタゾールナトリウム,セフメタゾールNa静注用1g「NP」,6132408F3130,注射用セフメタゾールナトリウム|セフメタゾールNa静注用「NP」,1.0g,注射剤,セフメタゾールNa静注用0.25g「NP」,fcd2c549448e
注射用セフメタゾールナトリウム,セフメタゾールNa静注用2g「NP」,6132408F4128,注射用セフメタゾールナトリウム|セフメタゾールNa静注用「NP」,2.0g,注射剤,セフメタゾールNa静注用0.25g「NP」,fcd2c549448e
注射用セフメタゾールナトリウム,セフメタゾールナトリウム点滴静注用バッグ1g「NP」,6132408G3038,注射用セフメタゾールナトリウム|セフメタゾールナトリウム点滴静注用バッグ「NP」,1.0g,注射剤,,fcd2c549448e
注射用セフメタゾールナトリウム,セフメタゾールナトリウム点滴静注用バッグ2g「NP」,6132408G4026,注射用セフメタゾールナトリウム|セフメタゾールナトリウム点滴静注用バッグ「NP」,2.0g,注射剤,,fcd2c549448e
セフメタゾールナトリウム,セフメタゾールナトリウム静注用0.5g「日医工」,6132408F2052,セフメタゾールナトリウム|セフメタゾールナトリウム静注用「日医工」,0.5g,注射剤,セフメタゾールナトリウム静注用0.25g「日医工」,a2f2ce932fad
セフメタゾールナトリウム,セフメタゾールナトリウム静注用1g「日医工」,6132408F3172,セフメタゾールナトリウム|セフメタゾールナトリウム静注用「日医工」,1.0g,注射剤,セフメタゾールナトリウム静注用0.25g「日医工」,a2f2ce932fad
セフメタゾールナトリウム,セフメタゾールナトリウム静注用2g「日医工」,6132408F4152,セフメタゾールナトリウム|セフメタゾールナトリウム静注用「日医工」,2.0g,注射剤,セフメタゾールナトリウム静注用0.25g「日医工」,a2f2ce932fad
アシミニブ塩酸塩,セムブリックス錠40mg,4291077F2023,アシミニブ塩酸塩|セムブリックス錠,40.0mg,錠,セムブリックス錠20mg,bf5ff6979cd9
エプレレノン,セララ錠100mg,2149045F3021,エプレレノン|セララ錠,100.0mg,錠,セララ錠25mg,8d523707fef3
エプレレノン,セララ錠50mg,2149045F2025,エプレレノン|セララ錠,50.0mg,錠,セララ錠25mg,8d523707fef3
セリプロロール塩酸塩錠,セリプロロール塩酸塩錠200mg「NIG」,2149029F2131,セリプロロール塩酸塩錠|セリプロロール塩酸塩錠「NIG」,200.0mg,錠,セリプロロール塩酸塩錠100mg「NIG」,c1292439b6c2
ジアゼパム錠・散,セルシン散1％,1124017B1129,ジアゼパム錠・散|セルシン散,1.0%,散剤,,65f98d9ddd0b
ミコフェノール酸　モフェチル,セルセプト懸濁用散31.8%,3999017B1025,ミコフェノール酸　モフェチル|セルセプト懸濁用散,31.8%,散剤,,1888d8a131fc
フェルビナク,セルタッチパップ140,2649731S3022,フェルビナク|セルタッチパップ140,,貼付剤,,14f51254db70
セルトラリン塩酸塩錠/口腔内崩壊錠,セルトラリンOD錠100mg「トーワ」,1179046F6038,セルトラリン塩酸塩錠/口腔内崩壊錠|セルトラリンOD錠「トーワ」,100.0mg,OD錠,,75031c4b96c2
セルトラリン塩酸塩,セルトラリンOD錠25mg「アメル」,1179046F4035,セルトラリン塩酸塩|セルトラリンOD錠「アメル」,25.0mg,OD錠,,a2045f76b7ab
セルトラリン塩酸塩錠/口腔内崩壊錠,セルトラリンOD錠25mg「トーワ」,1179046F4043,セルトラリン塩酸塩錠/口腔内崩壊錠|セルトラリンOD錠「トーワ」,25.0mg,OD錠,,75031c4b96c2
セルトラリン塩酸塩,セルトラリンOD錠50mg「アメル」,1179046F5031,セルトラリン塩酸塩|セルトラリンOD錠「アメル」,50.0mg,OD錠,,a2045f76b7ab
セルトラリン塩酸塩錠/口腔内崩壊錠,セルトラリンOD錠50mg「トーワ」,1179046F5040,セルトラリン塩酸塩錠/口腔内崩壊錠|セルトラリンOD錠「トーワ」,50.0mg,OD錠,,75031c4b96c2
セルトラリン塩酸塩錠,セルトラリン錠100mg「DSEP」,1179046F3080,セルトラリン塩酸塩錠|セルトラリン錠「DSEP」,100.0mg,錠,セルトラリン錠25mg「DSEP」,4a2d4ca794b0
セルトラリン塩酸塩錠,セルトラリン錠100mg「JG」,1179046F3098,セルトラリン塩酸塩錠|セルトラリン錠「JG」,100.0mg,錠,セルトラリン錠25mg「JG」,059779c252bb
セルトラリン塩酸塩錠,セルトラリン錠100mg「NP」,1179046F3217,セルトラリン塩酸塩錠|セルトラリン錠「NP」,100.0mg,錠,セルトラリン錠25mg「NP」,39c4325855eb
セルトラリン塩酸塩錠,セルトラリン錠100mg「TCK」,1179046F3101,セルトラリン塩酸塩錠|セルトラリン錠「TCK」,100.0mg,錠,セルトラリン錠25mg「TCK」,e5e3604d798b
塩酸セルトラリン錠,セルトラリン錠100mg「YD」,1179046F3187,塩酸セルトラリン錠|セルトラリン錠「YD」,100.0mg,錠,セルトラリン錠25mg「YD」,5ee6826036e8
セルトラリン塩酸塩,セルトラリン錠100mg「アメル」,1179046F3039,セルトラリン塩酸塩|セルトラリン錠「アメル」,100.0mg,錠,セルトラリン錠25mg「アメル」,a2045f76b7ab
セルトラリン塩酸塩,セルトラリン錠100mg「サワイ」,1179046F3144,セルトラリン塩酸塩|セルトラリン錠「サワイ」,100.0mg,錠,セルトラリン錠25mg「サワイ」,dee7188e9807
セルトラリン塩酸塩錠,セルトラリン錠100mg「ツルハラ」,1179046F3063,セルトラリン塩酸塩錠|セルトラリン錠「ツルハラ」,100.0mg,錠,セルトラリン錠25mg「ツルハラ」,f215404ed7a6
セルトラリン塩酸塩錠/口腔内崩壊錠,セルトラリン錠100mg「トーワ」,1179046F3195,セルトラリン塩酸塩錠/口腔内崩壊錠|セルトラリン錠「トーワ」,100.0mg,錠,セルトラリン錠25mg「トーワ」,75031c4b96c2
セルトラリン塩酸塩,セルトラリン錠100mg「明治」,1179046F3071,セルトラリン塩酸塩|セルトラリン錠「明治」,100.0mg,錠,セルトラリン錠25mg「明治」,480aaf437a2d
セルトラリン塩酸塩,セルトラリン錠100mg「杏林」,1179046F3128,セルトラリン塩酸塩|セルトラリン錠「杏林」,100.0mg,錠,セルトラリン錠25mg「杏林」,7ba94c8ee41d
セルトラリン塩酸塩錠,セルトラリン錠50mg「DSEP」,1179046F2032,セルトラリン塩酸塩錠|セルトラリン錠「DSEP」,50.0mg,錠,セルトラリン錠25mg「DSEP」,4a2d4ca794b0
セルトラリン塩酸塩錠,セルトラリン錠50mg「JG」,1179046F2040,セルトラリン塩酸塩錠|セルトラリン錠「JG」,50.0mg,錠,セルトラリン錠25mg「JG」,059779c252bb
セルトラリン塩酸塩錠,セルトラリン錠50mg「NP」,1179046F2210,セルトラリン塩酸塩錠|セルトラリン錠「NP」,50.0mg,錠,セルトラリン錠25mg「NP」,39c4325855eb
セルトラリン塩酸塩錠,セルトラリン錠50mg「TCK」,1179046F2059,セルトラリン塩酸塩錠|セルトラリン錠「TCK」,50.0mg,錠,セルトラリン錠25mg「TCK」,53e761ee3bc7
塩酸セルトラリン錠,セルトラリン錠50mg「YD」,1179046F2067,塩酸セルトラリン錠|セルトラリン錠「YD」,50.0mg,錠,セルトラリン錠25mg「YD」,5ee6826036e8
セルトラリン塩酸塩,セルトラリン錠50mg「アメル」,1179046F2075,セルトラリン塩酸塩|セルトラリン錠「アメル」,50.0mg,錠,セルトラリン錠25mg「アメル」,a2045f76b7ab
セルトラリン塩酸塩,セルトラリン錠50mg「サワイ」,1179046F2113,セルトラリン塩酸塩|セルトラリン錠「サワイ」,50.0mg,錠,セルトラリン錠25mg「サワイ」,dee7188e9807
セルトラリン塩酸塩錠,セルトラリン錠50mg「ツルハラ」,1179046F2164,セルトラリン塩酸塩錠|セルトラリン錠「ツルハラ」,50.0mg,錠,セルトラリン錠25mg「ツルハラ」,f215404ed7a6
セルトラリン塩酸塩錠/口腔内崩壊錠,セルトラリン錠50mg「トーワ」,1179046F2172,セルトラリン塩酸塩錠/口腔内崩壊錠|セルトラリン錠「トーワ」,50.0mg,錠,セルトラリン錠25mg「トーワ」,75031c4b96c2
セルトラリン塩酸塩,セルトラリン錠50mg「明治」,1179046F2202,セルトラリン塩酸塩|セルトラリン錠「明治」,50.0mg,錠,セルトラリン錠25mg「明治」,480aaf437a2d
セルトラリン塩酸塩,セルトラリン錠50mg「杏林」,1179046F2091,セルトラリン塩酸塩|セルトラリン錠「杏林」,50.0mg,錠,セルトラリン錠25mg「杏林」,7ba94c8ee41d
テプレノン製剤,セルベックス細粒10%,2329012C1026,テプレノン製剤|セルベックス細粒,10.0%,(不明),,fc81f3b75c12
セリプロロール塩酸塩錠,セレクトール錠200mg,2149029F2026,セリプロロール塩酸塩錠|セレクトール錠,200.0mg,錠,セレクトール錠100mg,5e25c7f0f30e
セレコキシブ錠,セレコキシブ錠200mg「DSEP」,1149037F2034,セレコキシブ錠|セレコキシブ錠「DSEP」,200.0mg,錠,セレコキシブ錠100mg「DSEP」,73c1940b1ed2
セレコキシブ錠,セレコキシブ錠200mg「JG」,1149037F2042,セレコキシブ錠|セレコキシブ錠「JG」,200.0mg,錠,セレコキシブ錠100mg「JG」,b2bc483d60de
セレコキシブ,セレコキシブ錠200mg「VTRS」,1149037F2220,セレコキシブ|セレコキシブ錠「VTRS」,200.0mg,錠,セレコキシブ錠100mg「VTRS」,65ce797d1f8c
セレコキシブ錠,セレコキシブ錠200mg「YD」,1149037F2069,セレコキシブ錠|セレコキシブ錠「YD」,200.0mg,錠,セレコキシブ錠100mg「YD」,54db3d92bf28
セレコキシブ錠,セレコキシブ錠200mg「オーハラ」,1149037F2085,セレコキシブ錠|セレコキシブ錠「オーハラ」,200.0mg,錠,セレコキシブ錠100mg「オーハラ」,41cbe7198efd
セレコキシブ錠,セレコキシブ錠200mg「ケミファ」,1149037F2107,セレコキシブ錠|セレコキシブ錠「ケミファ」,200.0mg,錠,セレコキシブ錠100mg「ケミファ」,db49d99a82b2
セレコキシブ,セレコキシブ錠200mg「サワイ」,1149037F2115,セレコキシブ|セレコキシブ錠「サワイ」,200.0mg,錠,セレコキシブ錠100mg「サワイ」,986c3ac4b009
セレコキシブ錠,セレコキシブ錠200mg「サンド」,1149037F2123,セレコキシブ錠|セレコキシブ錠「サンド」,200.0mg,錠,セレコキシブ錠100mg「サンド」,2ac63f388a38
セレコキシブ,セレコキシブ錠200mg「ダイト」,1149037F2239,セレコキシブ|セレコキシブ錠「ダイト」,200.0mg,錠,セレコキシブ錠100mg「ダイト」,48e6ede4f370
セレコキシブ錠,セレコキシブ錠200mg「トーワ」,1149037F2140,セレコキシブ錠|セレコキシブ錠「トーワ」,200.0mg,錠,セレコキシブ錠100mg「トーワ」,ebf3c5e5cc09
セレコキシブ錠,セレコキシブ錠200mg「ニプロ」,1149037F2174,セレコキシブ錠|セレコキシブ錠「ニプロ」,200.0mg,錠,セレコキシブ錠100mg「ニプロ」,b14f971bba79
セレコキシブ錠,セレコキシブ錠200mg「フェルゼン」,1149037F2190,セレコキシブ錠|セレコキシブ錠「フェルゼン」,200.0mg,錠,セレコキシブ錠100mg「フェルゼン」,f7dae957d99e
セレコキシブ錠,セレコキシブ錠200mg「三笠」,1149037F2204,セレコキシブ錠|セレコキシブ錠「三笠」,200.0mg,錠,セレコキシブ錠100mg「三笠」,a6486fa9f715
セレコキシブ,セレコキシブ錠200mg「日医工」,1149037F2158,セレコキシブ|セレコキシブ錠「日医工」,200.0mg,錠,セレコキシブ錠100mg「日医工」,c8160b510f14
セレコキシブ,セレコキシブ錠200mg「日新」,1149037F2166,セレコキシブ|セレコキシブ錠「日新」,200.0mg,錠,セレコキシブ錠100mg「日新」,9edd834c4b8e
セレコキシブ,セレコキシブ錠200mg「明治」,1149037F2212,セレコキシブ|セレコキシブ錠「明治」,200.0mg,錠,セレコキシブ錠100mg「明治」,7db791648f90
セレコキシブ,セレコキシブ錠200mg「杏林」,1149037F2093,セレコキシブ|セレコキシブ錠「杏林」,200.0mg,錠,セレコキシブ錠100mg「杏林」,b357c4016eda
セレコキシブ錠,セレコキシブ錠200mg「武田テバ」,1149037F2131,セレコキシブ錠|セレコキシブ錠「武田テバ」,200.0mg,錠,セレコキシブ錠100mg「武田テバ」,53501f2cae63
"セレコキシブ錠
Celecoxib",セレコックス錠200mg,1149037F2026,"セレコキシブ錠
Celecoxib|セレコックス錠",200.0mg,錠,セレコックス錠100mg,e870218b8c81
タルチレリン水和物錠・口腔内崩壊錠,セレジストOD錠5mg,1190014F2021,タルチレリン水和物錠・口腔内崩壊錠|セレジストOD錠,5.0mg,OD錠,,829884a5ae07
"ベタメタゾン
d
-クロルフェニラミンマレイン酸塩",セレスタミン配合シロップ,2459100Q1031,"ベタメタゾン
d
-クロルフェニラミンマレイン酸塩|セレスタミン配合シロップ",,シロップ,,25bc446e317f
オキサゾラム,セレナール散10%,1124013B1031,オキサゾラム|セレナール散,10.0%,散剤,,3772415ba5c8
オキサゾラム,セレナール錠10,1124013F2064,オキサゾラム|セレナール錠10,,錠,,3772415ba5c8
バルプロ酸ナトリウム,セレニカR錠200mg,1139004G2039,バルプロ酸ナトリウム|セレニカR錠,200.0mg,錠,,1cde889f4732
バルプロ酸ナトリウム,セレニカR錠400mg,1139004G3027,バルプロ酸ナトリウム|セレニカR錠,400.0mg,錠,,1cde889f4732
ハロペリドール,セレネース細粒1％,1179020C1191,ハロペリドール|セレネース細粒,1.0%,(不明),,09a786a0df0d
ハロペリドール,セレネース錠1.5mg,1179020F3255,ハロペリドール|セレネース錠,1.5mg,錠,セレネース錠0.75mg,09a786a0df0d
ハロペリドール,セレネース錠1mg,1179020F2038,ハロペリドール|セレネース錠,1.0mg,錠,セレネース錠0.75mg,09a786a0df0d
ハロペリドール,セレネース錠3mg,1179020F5037,ハロペリドール|セレネース錠,3.0mg,錠,セレネース錠0.75mg,09a786a0df0d
"クエチアピンフマル酸塩
Quetiapine　Fumarate",セロクエル100mg錠,1179042F2026,"クエチアピンフマル酸塩
Quetiapine　Fumarate|セロクエル錠",100.0mg,錠,セロクエル25mg錠,0629dfabf987
"クエチアピンフマル酸塩
Quetiapine　Fumarate",セロクエル200mg錠,1179042F3022,"クエチアピンフマル酸塩
Quetiapine　Fumarate|セロクエル錠",200.0mg,錠,セロクエル25mg錠,0629dfabf987
"クエチアピンフマル酸塩
Quetiapine　Fumarate",セロクエル細粒50％,1179042C1023,"クエチアピンフマル酸塩
Quetiapine　Fumarate|セロクエル細粒",50.0%,(不明),,0629dfabf987
イフェンプロジル酒石酸塩,セロクラール錠20mg,2190005F2051,イフェンプロジル酒石酸塩|セロクラール錠,20.0mg,錠,セロクラール錠10mg,0b9fab5780c6
インコボツリヌストキシンA,ゼオマイン注用100単位,1229407D2020,インコボツリヌストキシンA|ゼオマイン注用,100.0単位,注射剤,ゼオマイン注用50単位,8ad5422cac24
インコボツリヌストキシンA,ゼオマイン注用200単位,1229407D3026,インコボツリヌストキシンA|ゼオマイン注用,200.0単位,注射剤,ゼオマイン注用50単位,8ad5422cac24
インコボツリヌストキシンA,ゼオマイン筋注用100単位,1229407E2025,インコボツリヌストキシンA|ゼオマイン筋注用,100.0単位,注射剤,ゼオマイン筋注用50単位,4ccb40ea2e8c
インコボツリヌストキシンA,ゼオマイン筋注用200単位,1229407E3021,インコボツリヌストキシンA|ゼオマイン筋注用,200.0単位,注射剤,ゼオマイン筋注用50単位,4ccb40ea2e8c
チルゼパチド注射液,ゼップバウンド皮下注10mgアテオス,2499422P1024,チルゼパチド注射液|ゼップバウンド皮下注アテオス,10.0mg,注射剤,ゼップバウンド皮下注2.5mgアテオス,b9c2a0eebb45
チルゼパチド注射液,ゼップバウンド皮下注12.5mgアテオス,2499422P2020,チルゼパチド注射液|ゼップバウンド皮下注アテオス,12.5mg,注射剤,ゼップバウンド皮下注2.5mgアテオス,b9c2a0eebb45
チルゼパチド注射液,ゼップバウンド皮下注15mgアテオス,2499422P3027,チルゼパチド注射液|ゼップバウンド皮下注アテオス,15.0mg,注射剤,ゼップバウンド皮下注2.5mgアテオス,b9c2a0eebb45
チルゼパチド注射液,ゼップバウンド皮下注5mgアテオス,2499422G8029,チルゼパチド注射液|ゼップバウンド皮下注アテオス,5.0mg,注射剤,ゼップバウンド皮下注2.5mgアテオス,b9c2a0eebb45
チルゼパチド注射液,ゼップバウンド皮下注7.5mgアテオス,2499422G9025,チルゼパチド注射液|ゼップバウンド皮下注アテオス,7.5mg,注射剤,ゼップバウンド皮下注2.5mgアテオス,b9c2a0eebb45
オゼノキサシン製剤,ゼビアックス油性クリーム2％,2639701N1029,オゼノキサシン製剤|ゼビアックス油性クリーム,2.0%,クリーム,,022168d6e260
リラナフタート（Liranaftate）製剤,ゼフナート外用液2%,2659712Q1026,リラナフタート（Liranaftate）製剤|ゼフナート外用液,2.0%,液剤,,605b2cb2320a
パリペリドンパルミチン酸エステル,ゼプリオンTRI水懸筋注263mgシリンジ,1179409G7023,パリペリドンパルミチン酸エステル|ゼプリオンTRI水懸筋注シリンジ,263.0mg,注射剤,ゼプリオンTRI水懸筋注175mgシリンジ,a8078a06242f
パリペリドンパルミチン酸エステル,ゼプリオンTRI水懸筋注350mgシリンジ,1179409G8020,パリペリドンパルミチン酸エステル|ゼプリオンTRI水懸筋注シリンジ,350.0mg,注射剤,ゼプリオンTRI水懸筋注175mgシリンジ,a8078a06242f
パリペリドンパルミチン酸エステル,ゼプリオンTRI水懸筋注525mgシリンジ,1179409G9026,パリペリドンパルミチン酸エステル|ゼプリオンTRI水懸筋注シリンジ,525.0mg,注射剤,ゼプリオンTRI水懸筋注175mgシリンジ,a8078a06242f
パリペリドンパルミチン酸エステル,ゼプリオン水懸筋注100mgシリンジ,1179409G4024,パリペリドンパルミチン酸エステル|ゼプリオン水懸筋注シリンジ,100.0mg,注射剤,ゼプリオン水懸筋注25mgシリンジ,de01a5b5f0e0
パリペリドンパルミチン酸エステル,ゼプリオン水懸筋注150mgシリンジ,1179409G5020,パリペリドンパルミチン酸エステル|ゼプリオン水懸筋注シリンジ,150.0mg,注射剤,ゼプリオン水懸筋注25mgシリンジ,de01a5b5f0e0
パリペリドンパルミチン酸エステル,ゼプリオン水懸筋注50mgシリンジ,1179409G2021,パリペリドンパルミチン酸エステル|ゼプリオン水懸筋注シリンジ,50.0mg,注射剤,ゼプリオン水懸筋注25mgシリンジ,de01a5b5f0e0
パリペリドンパルミチン酸エステル,ゼプリオン水懸筋注75mgシリンジ,1179409G3028,パリペリドンパルミチン酸エステル|ゼプリオン水懸筋注シリンジ,75.0mg,注射剤,ゼプリオン水懸筋注25mgシリンジ,de01a5b5f0e0
オザニモド塩酸塩,ゼポジアカプセル0.92mg,2399019M1028,オザニモド塩酸塩|ゼポジアカプセル,0.92mg,カプセル,,9c11dd494056
フルルビプロフェンテープ剤,ゼポラステープ40mg,2649732S2047,フルルビプロフェンテープ剤|ゼポラステープ,40.0mg,貼付剤,ゼポラステープ20mg,c33975f8f712
ゼラチン,ゼルフォーム,3322701X2027,ゼラチン|ゼルフォーム,,(不明),ゼルフォーム,9a83d9e9da55
ソマプシタン（遺伝子組換え）,ソグルーヤ皮下注10mg,2412403G2026,ソマプシタン（遺伝子組換え）|ソグルーヤ皮下注,10.0mg,注射剤,ソグルーヤ皮下注5mg,1ba45edce721
ソマプシタン（遺伝子組換え）,ソグルーヤ皮下注15mg,2412403G3022,ソマプシタン（遺伝子組換え）|ソグルーヤ皮下注,15.0mg,注射剤,ソグルーヤ皮下注5mg,1ba45edce721
ソタロール塩酸塩錠,ソタコール錠80mg,2129013F2022,ソタロール塩酸塩錠|ソタコール錠,80.0mg,錠,ソタコール錠40mg,707b41ff4bea
ソタロール塩酸塩錠,ソタロール塩酸塩錠80mg「TE」,2129013F2030,ソタロール塩酸塩錠|ソタロール塩酸塩錠「TE」,80.0mg,錠,ソタロール塩酸塩錠40mg「TE」,fbb813f2d47f
ピオグリタゾン塩酸塩・グリメピリド錠,ソニアス配合錠HD,3969101F2021,ピオグリタゾン塩酸塩・グリメピリド錠|ソニアス配合錠HD,,錠,,8ce744d6c9e5
フラジオマイシン硫酸塩貼付剤,ソフラチュール貼付剤30cm,2634711S2034,フラジオマイシン硫酸塩貼付剤|ソフラチュール貼付剤30cm,,貼付剤,,261a98481a27
パロバロテンカプセル,ソホノスカプセル1.5mg,3999069M2020,パロバロテンカプセル|ソホノスカプセル,1.5mg,カプセル,ソホノスカプセル1mg,861c95dd4683
パロバロテンカプセル,ソホノスカプセル10mg,3999069M5029,パロバロテンカプセル|ソホノスカプセル,10.0mg,カプセル,ソホノスカプセル1mg,861c95dd4683
パロバロテンカプセル,ソホノスカプセル2.5mg,3999069M3026,パロバロテンカプセル|ソホノスカプセル,2.5mg,カプセル,ソホノスカプセル1mg,861c95dd4683
パロバロテンカプセル,ソホノスカプセル5mg,3999069M4022,パロバロテンカプセル|ソホノスカプセル,5.0mg,カプセル,ソホノスカプセル1mg,861c95dd4683
ランレオチド酢酸塩,ソマチュリン皮下注120mg,2499413G3028,ランレオチド酢酸塩|ソマチュリン皮下注,120.0mg,注射剤,ソマチュリン皮下注60mg,32bfc18cf453
ランレオチド酢酸塩,ソマチュリン皮下注90mg,2499413G2021,ランレオチド酢酸塩|ソマチュリン皮下注,90.0mg,注射剤,ソマチュリン皮下注60mg,32bfc18cf453
ソマトロピン（遺伝子組換え）注射液,ソマトロピンBS皮下注10mg「サンド」シュアパル,2412402A4030,ソマトロピン（遺伝子組換え）注射液|ソマトロピンBS皮下注「サンド」シュアパル,10.0mg,注射剤,ソマトロピンBS皮下注5mg「サンド」シュアパル,1c6544cb1bc1
ペグビソマント（遺伝子組換え）,ソマバート皮下注用15mg,2499409D2029,ペグビソマント（遺伝子組換え）|ソマバート皮下注用,15.0mg,注射剤,ソマバート皮下注用10mg,c817e56fa81a
ペグビソマント（遺伝子組換え）,ソマバート皮下注用20mg,2499409D3025,ペグビソマント（遺伝子組換え）|ソマバート皮下注用,20.0mg,注射剤,ソマバート皮下注用10mg,c817e56fa81a
ハロキサゾラム,ソメリン錠10mg,1124005F2027,ハロキサゾラム|ソメリン錠,10.0mg,錠,,a237bfd2a109
ハロキサゾラム,ソメリン錠5mg,1124005F1020,ハロキサゾラム|ソメリン錠,5.0mg,錠,,a237bfd2a109
アルプラゾラム,ソラナックス0.8mg錠,1124023F2033,アルプラゾラム|ソラナックス錠,0.8mg,錠,ソラナックス0.4mg錠,6131dd1e885b
日局 チアラミド塩酸塩,ソランタール錠100mg,1148001F2101,日局 チアラミド塩酸塩|ソランタール錠,100.0mg,錠,ソランタール錠50mg,db2c3b3b4593
-,ソリタ−T1号輸液（500mL）,3319500A3075,-|ソリタ−T1号輸液(),500.0ml,液剤,ソリタ−T1号輸液（200mL）,c70a05ca7c91
-,ソリタ−T2号輸液（500mL）,3319531A4026,-|ソリタ−T2号輸液(),500.0ml,液剤,ソリタ−T2号輸液（200mL）,721a19c9e675
-,ソリタ−T3号G輸液（500mL）,3319511A4045,-|ソリタ−T3号G輸液(),500.0ml,液剤,ソリタ−T3号G輸液（200mL）,1fa30a56f3d2
-,ソリタ−T3号輸液（500mL）,3319510A4105,-|ソリタ−T3号輸液(),500.0ml,液剤,ソリタ−T3号輸液（200mL）,9fe5777d70d7
-,ソリタ−T4号輸液（500mL）,3319524A4026,-|ソリタ−T4号輸液(),500.0ml,液剤,ソリタ−T4号輸液（200mL）,81328575d699
コハク酸ソリフェナシン口腔内崩壊錠,ソリフェナシンコハク酸塩OD錠5mg「JG」,2590011F4035,コハク酸ソリフェナシン口腔内崩壊錠|ソリフェナシンコハク酸塩OD錠「JG」,5.0mg,OD錠,ソリフェナシンコハク酸塩OD錠2.5mg「JG」,45c618747853
コハク酸ソリフェナシン,ソリフェナシンコハク酸塩OD錠5mg「サワイ」,2590011F4043,コハク酸ソリフェナシン|ソリフェナシンコハク酸塩OD錠「サワイ」,5.0mg,OD錠,ソリフェナシンコハク酸塩OD錠2.5mg「サワイ」,b1f8a8710a48
コハク酸ソリフェナシン口腔内崩壊錠,ソリフェナシンコハク酸塩OD錠5mg「トーワ」,2590011F4051,コハク酸ソリフェナシン口腔内崩壊錠|ソリフェナシンコハク酸塩OD錠「トーワ」,5.0mg,OD錠,ソリフェナシンコハク酸塩OD錠2.5mg「トーワ」,e59c20482463
コハク酸ソリフェナシン口腔内崩壊錠,ソリフェナシンコハク酸塩OD錠5mg「ニプロ」,2590011F4060,コハク酸ソリフェナシン口腔内崩壊錠|ソリフェナシンコハク酸塩OD錠「ニプロ」,5.0mg,OD錠,ソリフェナシンコハク酸塩OD錠2.5mg「ニプロ」,b71ce4a197c5
コハク酸ソリフェナシン口腔内崩壊錠,ソリフェナシンコハク酸塩OD錠5mg「日医工」,2590011F4078,コハク酸ソリフェナシン口腔内崩壊錠|ソリフェナシンコハク酸塩OD錠「日医工」,5.0mg,OD錠,ソリフェナシンコハク酸塩OD錠2.5mg「日医工」,adcb29cf259b
コハク酸ソリフェナシン錠,ソリフェナシンコハク酸塩錠5mg「TCK」,2590011F2032,コハク酸ソリフェナシン錠|ソリフェナシンコハク酸塩錠「TCK」,5.0mg,錠,ソリフェナシンコハク酸塩錠2.5mg「TCK」,b65917a8d29a
コハク酸ソリフェナシン錠,ソリフェナシンコハク酸塩錠5mg「YD」,2590011F2040,コハク酸ソリフェナシン錠|ソリフェナシンコハク酸塩錠「YD」,5.0mg,錠,ソリフェナシンコハク酸塩錠2.5mg「YD」,49d03f2cc88c
コハク酸ソリフェナシン,ソリフェナシンコハク酸塩錠5mg「サワイ」,2590011F2059,コハク酸ソリフェナシン|ソリフェナシンコハク酸塩錠「サワイ」,5.0mg,錠,ソリフェナシンコハク酸塩錠2.5mg「サワイ」,ace2a3d7fca6
コハク酸ソリフェナシン錠,ソリフェナシンコハク酸塩錠5mg「ツルハラ」,2590011F2067,コハク酸ソリフェナシン錠|ソリフェナシンコハク酸塩錠「ツルハラ」,5.0mg,錠,ソリフェナシンコハク酸塩錠2.5mg「ツルハラ」,e53559c3ba26
コハク酸ソリフェナシン錠,ソリフェナシンコハク酸塩錠5mg「トーワ」,2590011F2075,コハク酸ソリフェナシン錠|ソリフェナシンコハク酸塩錠「トーワ」,5.0mg,錠,ソリフェナシンコハク酸塩錠2.5mg「トーワ」,ebf2c2a55047
コハク酸ソリフェナシン錠,ソリフェナシンコハク酸塩錠5mg「日医工」,2590011F2083,コハク酸ソリフェナシン錠|ソリフェナシンコハク酸塩錠「日医工」,5.0mg,錠,ソリフェナシンコハク酸塩錠2.5mg「日医工」,8a7c3ea896e4
酢酸リンゲル液,ソリューゲンF注,3319557A2060,酢酸リンゲル液|ソリューゲンF注,,注射剤,ソリューゲンF注,26217ddfcad9
5%ブドウ糖加酢酸リンゲル液,ソリューゲンG注（300mL）,3319551A7022,5%ブドウ糖加酢酸リンゲル液|ソリューゲンG注(),300.0ml,注射剤,ソリューゲンG注（200mL）,56fc8e0329fb
5%ブドウ糖加酢酸リンゲル液,ソリューゲンG注（500mL）,3319551A4112,5%ブドウ糖加酢酸リンゲル液|ソリューゲンG注(),500.0ml,注射剤,ソリューゲンG注（200mL）,56fc8e0329fb
ブドウ糖加酢酸リンゲル液,ソルアセトD輸液 (500mL),3319551A4074,ブドウ糖加酢酸リンゲル液|ソルアセトD輸液(),500.0ml,液剤,ソルアセトD輸液 (250mL),8b2ab32a83de
酢酸リンゲル液,ソルアセトF輸液 (1000mL),3319557A3040,酢酸リンゲル液|ソルアセトF輸液(),1000.0ml,液剤,ソルアセトF輸液 (500mL),b6f986005a56
カンレノ酸カリウム,ソルダクトン静注用200mg,2133400D2097,カンレノ酸カリウム|ソルダクトン静注用,200.0mg,注射剤,ソルダクトン静注用100mg,da20109b2d7a
ブドウ糖-電解質液（開始液）,ソルデム1輸液（500mL）,3319500A3067,ブドウ糖-電解質液（開始液）|ソルデム1輸液(),500.0ml,液剤,ソルデム1輸液（200mL）,92ad87b89b5e
ブドウ糖-電解質液（脱水補給液）,ソルデム2輸液（500mL）,3319529A2042,ブドウ糖-電解質液（脱水補給液）|ソルデム2輸液(),500.0ml,液剤,ソルデム2輸液（200mL）,724e2298c179
ブドウ糖－電解質液（維持液7.5%糖加）,ソルデム3AG輸液（500mL）,3319511A4037,ブドウ糖－電解質液（維持液7.5%糖加）|ソルデム3AG輸液(),500.0ml,液剤,ソルデム3AG輸液（200mL）,8ee0ec7c961a
ブドウ糖－電解質液（維持液）,ソルデム3A輸液（1000mL）,3319510A7031,ブドウ糖－電解質液（維持液）|ソルデム3A輸液(),1000.0ml,液剤,ソルデム3A輸液（200mL）,56a37702fab1
ブドウ糖－電解質液（維持液）,ソルデム3A輸液（500mL）,3319510A4083,ブドウ糖－電解質液（維持液）|ソルデム3A輸液(),500.0ml,液剤,ソルデム3A輸液（200mL）,56a37702fab1
ブドウ糖－電解質液（維持液10%糖加）,ソルデム3PG輸液（500mL）,3319506A2050,ブドウ糖－電解質液（維持液10%糖加）|ソルデム3PG輸液(),500.0ml,液剤,ソルデム3PG輸液（200mL）,f35bd7328641
ブドウ糖－電解質液（維持液）,ソルデム3輸液（500mL）,3319513A3072,ブドウ糖－電解質液（維持液）|ソルデム3輸液(),500.0ml,液剤,ソルデム3輸液（200mL）,10c1db273e5f
ブドウ糖-電解質液（術後回復液）,ソルデム6輸液（500mL）,3319523A3050,ブドウ糖-電解質液（術後回復液）|ソルデム6輸液(),500.0ml,液剤,ソルデム6輸液（200mL）,e9e6ec3ec4c5
マルトース加酢酸維持液,ソルマルト輸液（500mL）,3319550A5076,マルトース加酢酸維持液|ソルマルト輸液(),500.0ml,液剤,ソルマルト輸液（200mL）,9ca0c837e3a1
ブドウ糖加乳酸リンゲル液,ソルラクトD輸液 (250mL),3319537A3035,ブドウ糖加乳酸リンゲル液|ソルラクトD輸液(),250.0ml,液剤,ソルラクトD輸液 (500mL),5b4870e2a7e9
ソルビトール加乳酸リンゲル液,ソルラクトS輸液 (500mL),3319535A5071,ソルビトール加乳酸リンゲル液|ソルラクトS輸液(),500.0ml,液剤,ソルラクトS輸液 (250mL),a5b65ddfd55a
マルトース加乳酸リンゲル液,ソルラクトTMR輸液500mL,3319538A4095,マルトース加乳酸リンゲル液|ソルラクトTMR輸液,500.0ml,液剤,ソルラクトTMR輸液250mL,0f8f7fe52cf1
乳酸リンゲル液,ソルラクト輸液 (1000mL),3319534A6120,乳酸リンゲル液|ソルラクト輸液(),1000.0ml,液剤,ソルラクト輸液 (250mL),98f8355cd0ef
乳酸リンゲル液,ソルラクト輸液 (500mL),3319534A4160,乳酸リンゲル液|ソルラクト輸液(),500.0ml,液剤,ソルラクト輸液 (250mL),98f8355cd0ef
ヒドロコルチゾンコハク酸エステルナトリウム,ソル・コーテフ静注用500mg,2452400D6060,ヒドロコルチゾンコハク酸エステルナトリウム|ソル・コーテフ静注用,500.0mg,注射剤,ソル・コーテフ静注用250mg,c60eb6299d0d
メチルプレドニゾロンコハク酸エステルナトリウム,ソル・メドロール静注用1000mg,2456400D4074,メチルプレドニゾロンコハク酸エステルナトリウム|ソル・メドロール静注用,1000.0mg,注射剤,ソル・メドロール静注用40mg,27947c1aa5bf
メチルプレドニゾロンコハク酸エステルナトリウム,ソル・メドロール静注用125mg,2456400D2098,メチルプレドニゾロンコハク酸エステルナトリウム|ソル・メドロール静注用,125.0mg,注射剤,ソル・メドロール静注用40mg,27947c1aa5bf
メチルプレドニゾロンコハク酸エステルナトリウム,ソル・メドロール静注用500mg,2456400D3094,メチルプレドニゾロンコハク酸エステルナトリウム|ソル・メドロール静注用,500.0mg,注射剤,ソル・メドロール静注用40mg,27947c1aa5bf
ロナファルニブ製剤,ゾキンヴィカプセル75mg,3999061M2023,ロナファルニブ製剤|ゾキンヴィカプセル,75.0mg,カプセル,ゾキンヴィカプセル50mg,f80a062fd765
エンシトレルビル　フマル酸,ゾコーバ錠125mg,6250052F1023,エンシトレルビル　フマル酸|ゾコーバ錠,125.0mg,錠,ゾコーバ錠25mg,a74d39d37b32
エンシトレルビル　フマル酸,ゾコーバ錠125mg（旧製品：凸錠）,6250052F1023,エンシトレルビル　フマル酸|ゾコーバ錠(旧製品:凸錠),125.0mg,錠,,710d23f434bf
"タゾバクタム
ピペラシリン",ゾシン静注用4.5,6139505F4026,"タゾバクタム
ピペラシリン|ゾシン静注用4.5",,注射剤,,f9ad14ecb6f5
ゾテピン,ゾテピン細粒50％「タカタ」,1179024C2080,ゾテピン|ゾテピン細粒「タカタ」,50.0%,(不明),ゾテピン細粒10％「タカタ」,d12eca3db0f1
ゾテピン,ゾテピン錠100mg「タカタ」,1179024F3083,ゾテピン|ゾテピン錠「タカタ」,100.0mg,錠,,d12eca3db0f1
ゾテピン,ゾテピン錠25mg「タカタ」,1179024F1099,ゾテピン|ゾテピン錠「タカタ」,25.0mg,錠,,d12eca3db0f1
ゾテピン,ゾテピン錠50mg「タカタ」,1179024F2095,ゾテピン|ゾテピン錠「タカタ」,50.0mg,錠,,d12eca3db0f1
ゾニサミド口腔内崩壊錠,ゾニサミドOD錠50mgTRE「DSEP」,1169015F3045,ゾニサミド口腔内崩壊錠|ゾニサミドOD錠TRE「DSEP」,50.0mg,OD錠,ゾニサミドOD錠25mgTRE「DSEP」,daee3be8cfa0
ゾニサミド,ゾニサミドOD錠50mgTRE「KO」,1169015F3053,ゾニサミド|ゾニサミドOD錠TRE「KO」,50.0mg,OD錠,ゾニサミドOD錠25mgTRE「KO」,96a136e9f071
ゾニサミド,ゾニサミドOD錠50mgTRE「SMPP」,1169015F3037,ゾニサミド|ゾニサミドOD錠TRE「SMPP」,50.0mg,OD錠,ゾニサミドOD錠25mgTRE「SMPP」,9c9c14ea9e66
ゾニサミド,ゾニサミドOD錠50mgTRE「ZE」,1169015F3061,ゾニサミド|ゾニサミドOD錠TRE「ZE」,50.0mg,OD錠,ゾニサミドOD錠25mgTRE「ZE」,f974d8ae848e
ゾニサミド,ゾニサミドOD錠50mgTRE「アメル」,1169015F3070,ゾニサミド|ゾニサミドOD錠TRE「アメル」,50.0mg,OD錠,ゾニサミドOD錠25mgTRE「アメル」,5d1440c5ed14
ゾニサミド口腔内崩壊錠,ゾニサミドOD錠50mgTRE「ケミファ」,1169015F3096,ゾニサミド口腔内崩壊錠|ゾニサミドOD錠TRE「ケミファ」,50.0mg,OD錠,ゾニサミドOD錠25mgTRE「ケミファ」,a03e4ffc1df9
ゾニサミド,ゾニサミドOD錠50mgTRE「サワイ」,1169015F3100,ゾニサミド|ゾニサミドOD錠TRE「サワイ」,50.0mg,OD錠,ゾニサミドOD錠25mgTRE「サワイ」,f5db57624462
ゾニサミド口腔内崩壊錠,ゾニサミドOD錠50mgTRE「サンド」,1169015F3118,ゾニサミド口腔内崩壊錠|ゾニサミドOD錠TRE「サンド」,50.0mg,OD錠,ゾニサミドOD錠25mgTRE「サンド」,eba72672a8a0
ゾニサミド,ゾニサミドOD錠50mgTRE「ダイト」,1169015F3126,ゾニサミド|ゾニサミドOD錠TRE「ダイト」,50.0mg,OD錠,ゾニサミドOD錠25mgTRE「ダイト」,c72b1c856737
ゾニサミド口腔内崩壊錠,ゾニサミドOD錠50mgTRE「トーワ」,1169015F3134,ゾニサミド口腔内崩壊錠|ゾニサミドOD錠TRE「トーワ」,50.0mg,OD錠,ゾニサミドOD錠25mgTRE「トーワ」,003ed48b3574
ゾニサミド口腔内崩壊錠,ゾニサミドOD錠50mgTRE「ニプロ」,1169015F3169,ゾニサミド口腔内崩壊錠|ゾニサミドOD錠TRE「ニプロ」,50.0mg,OD錠,ゾニサミドOD錠25mgTRE「ニプロ」,daa28cc36372
ゾニサミド,ゾニサミドOD錠50mgTRE「フェルゼン」,1169015F3177,ゾニサミド|ゾニサミドOD錠TRE「フェルゼン」,50.0mg,OD錠,ゾニサミドOD錠25mgTRE「フェルゼン」,205293e48c13
ゾニサミド,ゾニサミドOD錠50mgTRE「日医工」,1169015F3142,ゾニサミド|ゾニサミドOD錠TRE「日医工」,50.0mg,OD錠,ゾニサミドOD錠25mgTRE「日医工」,dd28803f1d69
ゾニサミド,ゾニサミドOD錠50mgTRE「日新」,1169015F3150,ゾニサミド|ゾニサミドOD錠TRE「日新」,50.0mg,OD錠,ゾニサミドOD錠25mgTRE「日新」,35c577c0f357
ゾニサミド口腔内崩壊錠,ゾニサミドOD錠50mgTRE「杏林」,1169015F3088,ゾニサミド口腔内崩壊錠|ゾニサミドOD錠TRE「杏林」,50.0mg,OD錠,ゾニサミドOD錠25mgTRE「杏林」,e72337468712
ゾニサミド,ゾニサミド散20％「アメル」,1139005B1056,ゾニサミド|ゾニサミド散「アメル」,20.0%,散剤,,ed1400337cf7
アシクロビル,ゾビラックス錠400,6250002F2021,アシクロビル|ゾビラックス錠400,,錠,,5f23d1d29f03
ゾピクロン,ゾピクロン錠10mg「サワイ」,1129007F2103,ゾピクロン|ゾピクロン錠「サワイ」,10.0mg,錠,ゾピクロン錠7.5mg「サワイ」,57e543728e0d
ゾピクロン錠,ゾピクロン錠10mg「トーワ」,1129007F2073,ゾピクロン錠|ゾピクロン錠「トーワ」,10.0mg,錠,ゾピクロン錠7.5mg「トーワ」,b76b24ea5e34
バロキサビル　マルボキシル,ゾフルーザ錠20mg,6250047F2029,バロキサビル　マルボキシル|ゾフルーザ錠,20.0mg,錠,ゾフルーザ錠10mg,9408993ac23e
バロキサビル　マルボキシル,ゾフルーザ顆粒2%分包,6250047D1021,バロキサビル　マルボキシル|ゾフルーザ顆粒分包,2.0%,顆粒,,9408993ac23e
ゾルピデム酒石酸塩口腔内崩壊フィルム,ゾルピデム酒石酸塩ODフィルム10mg「モチダ」,1129009F4059,ゾルピデム酒石酸塩口腔内崩壊フィルム|ゾルピデム酒石酸塩ODフィルム「モチダ」,10.0mg,(不明),ゾルピデム酒石酸塩ODフィルム5mg「モチダ」,20e622017b24
ゾルピデム酒石酸塩,ゾルピデム酒石酸塩OD錠10mg「サワイ」,1129009F4040,ゾルピデム酒石酸塩|ゾルピデム酒石酸塩OD錠「サワイ」,10.0mg,OD錠,,287db41f6550
ゾルピデム酒石酸塩錠/口腔内崩壊錠,ゾルピデム酒石酸塩OD錠10mg「トーワ」,1129009F4067,ゾルピデム酒石酸塩錠/口腔内崩壊錠|ゾルピデム酒石酸塩OD錠「トーワ」,10.0mg,OD錠,,fe5a7b62e7c6
ゾルピデム酒石酸塩口腔内崩壊錠,ゾルピデム酒石酸塩OD錠10mg「日医工」,1129009F4075,ゾルピデム酒石酸塩口腔内崩壊錠|ゾルピデム酒石酸塩OD錠「日医工」,10.0mg,OD錠,ゾルピデム酒石酸塩OD錠5mg「日医工」,8048824c02fb
ゾルピデム酒石酸塩,ゾルピデム酒石酸塩OD錠5mg「サワイ」,1129009F3044,ゾルピデム酒石酸塩|ゾルピデム酒石酸塩OD錠「サワイ」,5.0mg,OD錠,,287db41f6550
ゾルピデム酒石酸塩錠/口腔内崩壊錠,ゾルピデム酒石酸塩OD錠5mg「トーワ」,1129009F3060,ゾルピデム酒石酸塩錠/口腔内崩壊錠|ゾルピデム酒石酸塩OD錠「トーワ」,5.0mg,OD錠,,fe5a7b62e7c6
ゾルピデム酒石酸塩,ゾルピデム酒石酸塩内用液10mg「タカタ」,1129009S2020,ゾルピデム酒石酸塩|ゾルピデム酒石酸塩内用液「タカタ」,10.0mg,液剤,ゾルピデム酒石酸塩内用液5mg「タカタ」,faddfd3199b8
"ゾルピデム酒石酸塩錠
Zolpidem　Tartrate",ゾルピデム酒石酸塩錠10mg「AFP」,1129009F2048,"ゾルピデム酒石酸塩錠
Zolpidem　Tartrate|ゾルピデム酒石酸塩錠「AFP」",10.0mg,錠,ゾルピデム酒石酸塩錠5mg「AFP」,c23478c6d5f3
"ゾルピデム酒石酸塩錠
Zolpidem　Tartrate",ゾルピデム酒石酸塩錠10mg「DSEP」,1129009F2064,"ゾルピデム酒石酸塩錠
Zolpidem　Tartrate|ゾルピデム酒石酸塩錠「DSEP」",10.0mg,錠,ゾルピデム酒石酸塩錠5mg「DSEP」,a80a8e1662b4
ゾルピデム酒石酸塩錠,ゾルピデム酒石酸塩錠10mg「JG」,1129009F2110,ゾルピデム酒石酸塩錠|ゾルピデム酒石酸塩錠「JG」,10.0mg,錠,ゾルピデム酒石酸塩錠5mg「JG」,f933da77f423
ゾルピデム酒石酸塩,ゾルピデム酒石酸塩錠10mg「KMP」,1129009F2358,ゾルピデム酒石酸塩|ゾルピデム酒石酸塩錠「KMP」,10.0mg,錠,ゾルピデム酒石酸塩錠5mg「KMP」,a0af4c763059
ゾルピデム酒石酸塩錠,ゾルピデム酒石酸塩錠10mg「NIG」,1129009F2374,ゾルピデム酒石酸塩錠|ゾルピデム酒石酸塩錠「NIG」,10.0mg,錠,ゾルピデム酒石酸塩錠5mg「NIG」,4b784032ef8f
"ゾルピデム酒石酸塩錠
Zolpidem　Tartrate",ゾルピデム酒石酸塩錠10mg「NPI」,1129009F2366,"ゾルピデム酒石酸塩錠
Zolpidem　Tartrate|ゾルピデム酒石酸塩錠「NPI」",10.0mg,錠,ゾルピデム酒石酸塩錠5mg「NPI」,bb2ee4d9fa47
ゾルピデム酒石酸塩錠,ゾルピデム酒石酸塩錠10mg「NP」,1129009F2145,ゾルピデム酒石酸塩錠|ゾルピデム酒石酸塩錠「NP」,10.0mg,錠,ゾルピデム酒石酸塩錠5mg「NP」,bcb6a9089bac
ゾルピデム酒石酸塩錠,ゾルピデム酒石酸塩錠10mg「TCK」,1129009F2161,ゾルピデム酒石酸塩錠|ゾルピデム酒石酸塩錠「TCK」,10.0mg,錠,ゾルピデム酒石酸塩錠5mg「TCK」,8a9dbc79d230
ゾルピデム酒石酸塩錠,ゾルピデム酒石酸塩錠10mg「YD」,1129009F2170,ゾルピデム酒石酸塩錠|ゾルピデム酒石酸塩錠「YD」,10.0mg,錠,ゾルピデム酒石酸塩錠5mg「YD」,ee53e48f7d19
ゾルピデム酒石酸塩,ゾルピデム酒石酸塩錠10mg「ZE」,1129009F2188,ゾルピデム酒石酸塩|ゾルピデム酒石酸塩錠「ZE」,10.0mg,錠,ゾルピデム酒石酸塩錠5mg「ZE」,51075714afa8
ゾルピデム酒石酸塩,ゾルピデム酒石酸塩錠10mg「アメル」,1129009F2200,ゾルピデム酒石酸塩|ゾルピデム酒石酸塩錠「アメル」,10.0mg,錠,ゾルピデム酒石酸塩錠5mg「アメル」,ab889ca1919e
"ゾルピデム酒石酸塩錠
Zolpidem　Tartrate",ゾルピデム酒石酸塩錠10mg「オーハラ」,1129009F2218,"ゾルピデム酒石酸塩錠
Zolpidem　Tartrate|ゾルピデム酒石酸塩錠「オーハラ」",10.0mg,錠,ゾルピデム酒石酸塩錠5mg「オーハラ」,1296a64b59d5
ゾルピデム酒石酸塩錠,ゾルピデム酒石酸塩錠10mg「クニヒロ」,1129009F2340,ゾルピデム酒石酸塩錠|ゾルピデム酒石酸塩錠「クニヒロ」,10.0mg,錠,ゾルピデム酒石酸塩錠5mg「クニヒロ」,6e220f083253
ゾルピデム酒石酸塩,ゾルピデム酒石酸塩錠10mg「ケミファ」,1129009F2234,ゾルピデム酒石酸塩|ゾルピデム酒石酸塩錠「ケミファ」,10.0mg,錠,ゾルピデム酒石酸塩錠5mg「ケミファ」,73b6a9bc27ef
ゾルピデム酒石酸塩,ゾルピデム酒石酸塩錠10mg「サワイ」,1129009F2242,ゾルピデム酒石酸塩|ゾルピデム酒石酸塩錠「サワイ」,10.0mg,錠,ゾルピデム酒石酸塩錠5mg「サワイ」,287db41f6550
ゾルピデム酒石酸塩錠,ゾルピデム酒石酸塩錠10mg「サンド」,1129009F2250,ゾルピデム酒石酸塩錠|ゾルピデム酒石酸塩錠「サンド」,10.0mg,錠,ゾルピデム酒石酸塩錠5mg「サンド」,8e135ab9f469
ゾルピデム酒石酸塩錠/口腔内崩壊錠,ゾルピデム酒石酸塩錠10mg「トーワ」,1129009F2285,ゾルピデム酒石酸塩錠/口腔内崩壊錠|ゾルピデム酒石酸塩錠「トーワ」,10.0mg,錠,ゾルピデム酒石酸塩錠5mg「トーワ」,fe5a7b62e7c6
ゾルピデム酒石酸塩錠,ゾルピデム酒石酸塩錠10mg「日医工」,1129009F2293,ゾルピデム酒石酸塩錠|ゾルピデム酒石酸塩錠「日医工」,10.0mg,錠,ゾルピデム酒石酸塩錠5mg「日医工」,a5c2e9f84f2b
ゾルピデム酒石酸塩,ゾルピデム酒石酸塩錠10mg「日新」,1129009F2307,ゾルピデム酒石酸塩|ゾルピデム酒石酸塩錠「日新」,10.0mg,錠,ゾルピデム酒石酸塩錠5mg「日新」,8904fd329a35
ゾルピデム酒石酸塩,ゾルピデム酒石酸塩錠10mg「明治」,1129009F2331,ゾルピデム酒石酸塩|ゾルピデム酒石酸塩錠「明治」,10.0mg,錠,ゾルピデム酒石酸塩錠5mg「明治」,b0128a2156fd
ゾルピデム酒石酸塩,ゾルピデム酒石酸塩錠10mg「杏林」,1129009F2226,ゾルピデム酒石酸塩|ゾルピデム酒石酸塩錠「杏林」,10.0mg,錠,ゾルピデム酒石酸塩錠5mg「杏林」,c8bc42a9cddc
オマリズマブ（遺伝子組換え）,ゾレア皮下注150mgシリンジ,2290400G2028,オマリズマブ（遺伝子組換え）|ゾレア皮下注シリンジ,150.0mg,注射剤,ゾレア皮下注75mgシリンジ,52cf32ef7cfb
オマリズマブ（遺伝子組換え）,ゾレア皮下注150mgペン,2290400G4020,オマリズマブ（遺伝子組換え）|ゾレア皮下注ペン,150.0mg,注射剤,,52cf32ef7cfb
オマリズマブ（遺伝子組換え）,ゾレア皮下注300mgペン,2290400G5027,オマリズマブ（遺伝子組換え）|ゾレア皮下注ペン,300.0mg,注射剤,,52cf32ef7cfb
オマリズマブ（遺伝子組換え）,ゾレア皮下注75mgペン,2290400G3024,オマリズマブ（遺伝子組換え）|ゾレア皮下注ペン,75.0mg,注射剤,,52cf32ef7cfb
ゾレドロン酸水和物注射液,ゾレドロン酸点滴静注4mg／100mLバッグ「ニプロ」,3999423A3063,ゾレドロン酸水和物注射液|ゾレドロン酸点滴静注/バッグ「ニプロ」,4.0mg/100.0ml,注射剤,,ed1b4ab19cd7
サリチル酸ナトリウム・ジブカイン配合剤,タイオゼット注5mL,1149503A1091,サリチル酸ナトリウム・ジブカイン配合剤|タイオゼット注,5.0ml,注射剤,タイオゼット注2mL,fb9e8f9fb6b2
ドセタキセル水和物,タキソテール点滴静注用20mg,4240405A1037,ドセタキセル水和物|タキソテール点滴静注用,20.0mg,注射剤,タキソテール点滴静注用80mg,ed6db8afc933
パクリタキセル,タキソール注射液100mg,4240406A2038,パクリタキセル|タキソール注射液,100.0mg,注射剤,タキソール注射液30mg,20a2cb7bcf7b
ラナデルマブ（遺伝子組換え）,タクザイロ皮下注300mgペン,4490407G2020,ラナデルマブ（遺伝子組換え）|タクザイロ皮下注ペン,300.0mg,注射剤,,74945403d094
タクロリムスカプセル,タクロリムスカプセル1mg「JG」,3999014M1049,タクロリムスカプセル|タクロリムスカプセル「JG」,1.0mg,カプセル,タクロリムスカプセル0.5mg「JG」; タクロリムスカプセル5mg「JG」,ec78145e368a
タクロリムス水和物,タクロリムスカプセル1mg「VTRS」,3999014M1073,タクロリムス水和物|タクロリムスカプセル「VTRS」,1.0mg,カプセル,タクロリムスカプセル0.5mg「VTRS」; タクロリムスカプセル5mg「VTRS」,a8e0ba09f944
タクロリムス水和物,タクロリムスカプセル1mg「サンド」,3999014M1057,タクロリムス水和物|タクロリムスカプセル「サンド」,1.0mg,カプセル,タクロリムスカプセル0.5mg「サンド」,55967cf7ed08
タクロリムス水和物カプセル,タクロリムスカプセル1mg「ニプロ」,3999014M1065,タクロリムス水和物カプセル|タクロリムスカプセル「ニプロ」,1.0mg,カプセル,タクロリムスカプセル0.5mg「ニプロ」; タクロリムスカプセル5mg「ニプロ」,8d80ddc57811
タクロリムス水和物,タクロリムス錠1.5mg「あゆみ」,3999014F3042,タクロリムス水和物|タクロリムス錠「あゆみ」,1.5mg,錠,タクロリムス錠0.5mg「あゆみ」; タクロリムス錠5mg「あゆみ」,9500e6fbcbc6
タクロリムス錠,タクロリムス錠1.5mg「トーワ」,3999014F3026,タクロリムス錠|タクロリムス錠「トーワ」,1.5mg,錠,タクロリムス錠0.5mg「トーワ」; タクロリムス錠5mg「トーワ」,c7cac5aa5539
タクロリムス水和物,タクロリムス錠1mg「あゆみ」,3999014F2054,タクロリムス水和物|タクロリムス錠「あゆみ」,1.0mg,錠,タクロリムス錠0.5mg「あゆみ」; タクロリムス錠5mg「あゆみ」,9500e6fbcbc6
タクロリムス錠,タクロリムス錠1mg「トーワ」,3999014F2020,タクロリムス錠|タクロリムス錠「トーワ」,1.0mg,錠,タクロリムス錠0.5mg「トーワ」; タクロリムス錠5mg「トーワ」,c7cac5aa5539
タクロリムス水和物,タクロリムス錠1mg「日医工」,3999014F2038,タクロリムス水和物|タクロリムス錠「日医工」,1.0mg,錠,タクロリムス錠0.5mg「日医工」; タクロリムス錠5mg「日医工」,83574e584c2b
タクロリムス水和物,タクロリムス錠2mg「あゆみ」,3999014F6025,タクロリムス水和物|タクロリムス錠「あゆみ」,2.0mg,錠,タクロリムス錠0.5mg「あゆみ」; タクロリムス錠5mg「あゆみ」,9500e6fbcbc6
タクロリムス錠,タクロリムス錠2mg「トーワ」,3999014F6033,タクロリムス錠|タクロリムス錠「トーワ」,2.0mg,錠,タクロリムス錠0.5mg「トーワ」; タクロリムス錠5mg「トーワ」,c7cac5aa5539
タクロリムス水和物,タクロリムス錠3mg「あゆみ」,3999014F4049,タクロリムス水和物|タクロリムス錠「あゆみ」,3.0mg,錠,タクロリムス錠0.5mg「あゆみ」; タクロリムス錠5mg「あゆみ」,9500e6fbcbc6
タクロリムス錠,タクロリムス錠3mg「トーワ」,3999014F4022,タクロリムス錠|タクロリムス錠「トーワ」,3.0mg,錠,タクロリムス錠0.5mg「トーワ」; タクロリムス錠5mg「トーワ」,c7cac5aa5539
オシメルチニブメシル酸塩錠,タグリッソ錠80mg,4291045F2023,オシメルチニブメシル酸塩錠|タグリッソ錠,80.0mg,錠,タグリッソ錠40mg,6fabf5e137ef
ボノプラザンフマル酸塩口腔内崩壊錠,タケキャブOD錠20mg,2329030F4020,ボノプラザンフマル酸塩口腔内崩壊錠|タケキャブOD錠,20.0mg,OD錠,タケキャブOD錠10mg,e44002eec7c4
ボノプラザンフマル酸塩錠,タケキャブ錠20mg,2329030F2027,ボノプラザンフマル酸塩錠|タケキャブ錠,20.0mg,錠,タケキャブ錠10mg,3135d75cad08
ランソプラゾール腸溶性口腔内崩壊錠,タケプロンOD錠30,2329023F2027,ランソプラゾール腸溶性口腔内崩壊錠|タケプロンOD錠30,,OD錠,,9aa2c78d2c62
ランソプラゾール腸溶カプセル,タケプロンカプセル30,2329023M2026,ランソプラゾール腸溶カプセル|タケプロンカプセル30,,カプセル,,6989876f046c
フィブリノゲン配合剤,タコシール組織接着用シート,6349802X2027,フィブリノゲン配合剤|タコシール組織接着用シート,,(不明),タコシール組織接着用シート,8a0bc2222011
フィブリノゲン配合剤,タコシール組織接着用シート,6349802X1020,フィブリノゲン配合剤|タコシール組織接着用シート,,(不明),タコシール組織接着用シート,8a0bc2222011
ニロチニブ塩酸塩水和物,タシグナカプセル150mg,4291021M2027,ニロチニブ塩酸塩水和物|タシグナカプセル,150.0mg,カプセル,タシグナカプセル50mg,ef5eb3e9d9c7
ニロチニブ塩酸塩水和物,タシグナカプセル200mg,4291021M1020,ニロチニブ塩酸塩水和物|タシグナカプセル,200.0mg,カプセル,タシグナカプセル50mg,ef5eb3e9d9c7
タゾバクタム・ピペラシリン水和物配合注射剤,タゾピペ配合点滴静注用バッグ2.25「ニプロ」,6139505G2037,タゾバクタム・ピペラシリン水和物配合注射剤|タゾピペ配合点滴静注用バッグ2.25「ニプロ」,,注射剤,,17f6a884a076
注射用タゾバクタム・ピペラシリン,タゾピペ配合点滴静注用バッグ4.5「DSEP」,6139505G1030,注射用タゾバクタム・ピペラシリン|タゾピペ配合点滴静注用バッグ4.5「DSEP」,,注射剤,,aa35893199bd
タゾバクタム・ピペラシリン水和物配合注射剤,タゾピペ配合点滴静注用バッグ4.5「ニプロ」,6139505G1049,タゾバクタム・ピペラシリン水和物配合注射剤|タゾピペ配合点滴静注用バッグ4.5「ニプロ」,,注射剤,,17f6a884a076
注射用タゾバクタム・ピペラシリン,タゾピペ配合静注用4.5「DSEP」,6139505F4050,注射用タゾバクタム・ピペラシリン|タゾピペ配合静注用4.5「DSEP」,,注射剤,,fb51b21efd1d
"タゾバクタム
ピペラシリン水和物",タゾピペ配合静注用4.5「SN」,6139505F4069,"タゾバクタム
ピペラシリン水和物|タゾピペ配合静注用4.5「SN」",,注射剤,,006a3d933dcf
タゾバクタム・ピペラシリン水和物配合注射剤,タゾピペ配合静注用4.5「ニプロ」,6139505F4107,タゾバクタム・ピペラシリン水和物配合注射剤|タゾピペ配合静注用4.5「ニプロ」,,注射剤,,17f6a884a076
タゾバクタム・ピペラシリン水和物,タゾピペ配合静注用4.5「明治」,6139505F4123,タゾバクタム・ピペラシリン水和物|タゾピペ配合静注用4.5「明治」,,注射剤,,e37cadcb484e
タダラフィル口腔内崩壊錠,タダラフィルOD錠20mgCI「トーワ」,259000CF5029,タダラフィル口腔内崩壊錠|タダラフィルOD錠CI「トーワ」,20.0mg,OD錠,タダラフィルOD錠10mgCI「トーワ」,5a5cca64dd39
タダラフィル口腔内崩壊錠,タダラフィルOD錠5mgZA「トーワ」,2590016F4020,タダラフィル口腔内崩壊錠|タダラフィルOD錠ZA「トーワ」,5.0mg,OD錠,タダラフィルOD錠2.5mgZA「トーワ」,40d58ef8109e
タダラフィル錠,タダラフィル錠20mgCI「FCI」,259000CF3115,タダラフィル錠|タダラフィル錠CI「FCI」,20.0mg,錠,タダラフィル錠10mgCI「FCI」,07f025c9ab8b
タダラフィル錠,タダラフィル錠20mgCI「TCK」,259000CF3093,タダラフィル錠|タダラフィル錠CI「TCK」,20.0mg,錠,タダラフィル錠10mgCI「TCK」,13c0a3f65d91
タダラフィル,タダラフィル錠20mgCI「クラシエ」,259000CF3069,タダラフィル|タダラフィル錠CI「クラシエ」,20.0mg,錠,タダラフィル錠10mgCI「クラシエ」,5e39b1c631c8
タダラフィル,タダラフィル錠20mgCI「サワイ」,259000CF3050,タダラフィル|タダラフィル錠CI「サワイ」,20.0mg,錠,タダラフィル錠10mgCI「サワイ」,1ae8d6fea7f3
タダラフィル,タダラフィル錠20mgCI「杏林」,259000CF3123,タダラフィル|タダラフィル錠CI「杏林」,20.0mg,錠,タダラフィル錠10mgCI「杏林」,6554c56b25b6
タダラフィル錠,タダラフィル錠5mgZA「JG」,2590016F2035,タダラフィル錠|タダラフィル錠ZA「JG」,5.0mg,錠,タダラフィル錠2.5mgZA「JG」,66b29f0ab276
タダラフィル,タダラフィル錠5mgZA「あすか」,2590016F2043,タダラフィル|タダラフィル錠ZA「あすか」,5.0mg,錠,タダラフィル錠2.5mgZA「あすか」,8d25d1b2d138
タダラフィル,タダラフィル錠5mgZA「サワイ」,2590016F2060,タダラフィル|タダラフィル錠ZA「サワイ」,5.0mg,錠,タダラフィル錠2.5mgZA「サワイ」,e015921f434e
タダラフィル錠,タダラフィル錠5mgZA「サンド」,2590016F2078,タダラフィル錠|タダラフィル錠ZA「サンド」,5.0mg,錠,タダラフィル錠2.5mgZA「サンド」,51bc299a7792
タダラフィル錠,タダラフィル錠5mgZA「シオエ」,2590016F2116,タダラフィル錠|タダラフィル錠ZA「シオエ」,5.0mg,錠,タダラフィル錠2.5mgZA「シオエ」,afb5cf84d102
タダラフィル錠,タダラフィル錠5mgZA「ニプロ」,2590016F2094,タダラフィル錠|タダラフィル錠ZA「ニプロ」,5.0mg,錠,タダラフィル錠2.5mgZA「ニプロ」,3d1067e8b571
タダラフィル錠,タダラフィル錠5mgZA「フソー」,2590016F2108,タダラフィル錠|タダラフィル錠ZA「フソー」,5.0mg,錠,タダラフィル錠2.5mgZA「フソー」,b9af880dd2a3
タダラフィル,タダラフィル錠5mgZA「日医工」,2590016F2086,タダラフィル|タダラフィル錠ZA「日医工」,5.0mg,錠,タダラフィル錠2.5mgZA「日医工」,4bc999e5ac86
タダラフィル,タダラフィル錠5mgZA「杏林」,2590016F2051,タダラフィル|タダラフィル錠ZA「杏林」,5.0mg,錠,タダラフィル錠2.5mgZA「杏林」,60be2f1af77c
内服用グルタチオン,タチオン散20%,3922001B2041,内服用グルタチオン|タチオン散,20.0%,散剤,,80ebd36de192
注射用グルタチオン,タチオン注射用200mg,3922400D3128,注射用グルタチオン|タチオン注射用,200.0mg,注射剤,タチオン注射用100mg,6a8d5e1d4f33
内服用グルタチオン,タチオン錠100mg,3922001F2248,内服用グルタチオン|タチオン錠,100.0mg,錠,タチオン錠50mg,80ebd36de192
イミダプリル塩酸塩錠,タナトリル錠5,2144008F2028,イミダプリル塩酸塩錠|タナトリル錠5,,錠,,2b542412d3fa
ホスタマチニブナトリウム水和物錠,タバリス錠150mg,3999058F2022,ホスタマチニブナトリウム水和物錠|タバリス錠,150.0mg,錠,タバリス錠100mg,8b3f33e4ce34
ダブラフェニブメシル酸塩,タフィンラーカプセル75mg,4291046M2027,ダブラフェニブメシル酸塩|タフィンラーカプセル,75.0mg,カプセル,タフィンラーカプセル50mg,664595d737b7
ダブラフェニブメシル酸塩,タフィンラー小児用分散錠10mg,4291046X1027,ダブラフェニブメシル酸塩|タフィンラー小児用分散錠,10.0mg,錠,,664595d737b7
カプマチニブ塩酸塩水和物,タブレクタ錠200mg,4291067F2020,カプマチニブ塩酸塩水和物|タブレクタ錠,200.0mg,錠,タブレクタ錠150mg,59c595df4dfe
タフルプロスト点眼液,タプロスミニ点眼液0.0015％,1319756Q2029,タフルプロスト点眼液|タプロスミニ点眼液,0.0015%,点眼剤,,ffb47f05ba7f
クレマスチンフマル酸塩,タベジール散0.1%,4419008B1073,クレマスチンフマル酸塩|タベジール散,0.1%,散剤,,5e30bed5e79b
クレマスチンフマル酸塩,タベジール散1%,4419008B2070,クレマスチンフマル酸塩|タベジール散,1.0%,散剤,,5e30bed5e79b
タムスロシン塩酸塩,タムスロシン塩酸塩OD錠0.2mg「CH」,2590008F2138,タムスロシン塩酸塩|タムスロシン塩酸塩OD錠「CH」,0.2mg,OD錠,タムスロシン塩酸塩OD錠0.1mg「CH」,080fdf7045c9
タムスロシン塩酸塩,タムスロシン塩酸塩OD錠0.2mg「VTRS」,2590008F2197,タムスロシン塩酸塩|タムスロシン塩酸塩OD錠「VTRS」,0.2mg,OD錠,タムスロシン塩酸塩OD錠0.1mg「VTRS」,5e93d6e68f22
タムスロシン塩酸塩口腔内崩壊錠,タムスロシン塩酸塩OD錠0.2mg「あすか」,2590008F2189,タムスロシン塩酸塩口腔内崩壊錠|タムスロシン塩酸塩OD錠「あすか」,0.2mg,OD錠,タムスロシン塩酸塩OD錠0.1mg「あすか」,d2eee21aa3fc
タムスロシン塩酸塩口腔内崩壊錠,タムスロシン塩酸塩OD錠0.2mg「ケミファ」,2590008F2057,タムスロシン塩酸塩口腔内崩壊錠|タムスロシン塩酸塩OD錠「ケミファ」,0.2mg,OD錠,タムスロシン塩酸塩OD錠0.1mg「ケミファ」,b29b9e0ba548
タムスロシン塩酸塩,タムスロシン塩酸塩OD錠0.2mg「サワイ」,2590008F2120,タムスロシン塩酸塩|タムスロシン塩酸塩OD錠「サワイ」,0.2mg,OD錠,タムスロシン塩酸塩OD錠0.1mg「サワイ」,f0fc197a1b69
タムスロシン塩酸塩口腔内崩壊錠,タムスロシン塩酸塩OD錠0.2mg「トーワ」,2590008F2162,タムスロシン塩酸塩口腔内崩壊錠|タムスロシン塩酸塩OD錠「トーワ」,0.2mg,OD錠,タムスロシン塩酸塩OD錠0.1mg「トーワ」,adce41f7de23
タムスロシン塩酸塩,タムスロシン塩酸塩OD錠0.2mg「日医工」,2590008F2073,タムスロシン塩酸塩|タムスロシン塩酸塩OD錠「日医工」,0.2mg,OD錠,タムスロシン塩酸塩OD錠0.1mg「日医工」,b179f2864072
タムスロシン塩酸塩,タムスロシン塩酸塩OD錠0.2mg「日新」,2590008F2081,タムスロシン塩酸塩|タムスロシン塩酸塩OD錠「日新」,0.2mg,OD錠,タムスロシン塩酸塩OD錠0.1mg「日新」,469587faf73b
タムスロシン塩酸塩,タムスロシン塩酸塩OD錠0.2mg「明治」,2590008F2090,タムスロシン塩酸塩|タムスロシン塩酸塩OD錠「明治」,0.2mg,OD錠,タムスロシン塩酸塩OD錠0.1mg「明治」,29257cb26b62
タムスロシン塩酸塩カプセル,タムスロシン塩酸塩カプセル0.2mg「NIG」,2590008N2230,タムスロシン塩酸塩カプセル|タムスロシン塩酸塩カプセル「NIG」,0.2mg,カプセル,タムスロシン塩酸塩カプセル0.1mg「NIG」,6af3dabb7b38
タモキシフェンクエン酸塩錠,タモキシフェン錠20mg「DSEP」,4291003F2119,タモキシフェンクエン酸塩錠|タモキシフェン錠「DSEP」,20.0mg,錠,タモキシフェン錠10mg「DSEP」,34e3d7dec57c
タモキシフェンクエン酸塩,タモキシフェン錠20mg「MYL」,4291003F2100,タモキシフェンクエン酸塩|タモキシフェン錠「MYL」,20.0mg,錠,タモキシフェン錠10mg「MYL」,31edf99367aa
タモキシフェンクエン酸塩,タモキシフェン錠20mg「サワイ」,4291003F2062,タモキシフェンクエン酸塩|タモキシフェン錠「サワイ」,20.0mg,錠,タモキシフェン錠10mg「サワイ」,b212769ef648
タモキシフェンクエン酸塩,タモキシフェン錠20mg「明治」,4291003F2089,タモキシフェンクエン酸塩|タモキシフェン錠「明治」,20.0mg,錠,タモキシフェン錠10mg「明治」,b588c711b09b
ベポタスチンベシル酸塩口腔内崩壊錠,タリオンOD錠10mg,4490022F4029,ベポタスチンベシル酸塩口腔内崩壊錠|タリオンOD錠,10.0mg,OD錠,,05f146c643a7
ベポタスチンベシル酸塩口腔内崩壊錠,タリオンOD錠5mg,4490022F3022,ベポタスチンベシル酸塩口腔内崩壊錠|タリオンOD錠,5.0mg,OD錠,,05f146c643a7
ベポタスチンベシル酸塩口腔内崩壊錠,タリオン錠10mg,4490022F2034,ベポタスチンベシル酸塩口腔内崩壊錠|タリオン錠,10.0mg,錠,タリオン錠5mg,05f146c643a7
ミロガバリンベシル酸塩製剤,タリージェOD錠10mg,1190026F7026,ミロガバリンベシル酸塩製剤|タリージェOD錠,10.0mg,OD錠,,8367872de5ac
ミロガバリンベシル酸塩製剤,タリージェOD錠15mg,1190026F8022,ミロガバリンベシル酸塩製剤|タリージェOD錠,15.0mg,OD錠,,8367872de5ac
ミロガバリンベシル酸塩製剤,タリージェOD錠2.5mg,1190026F5023,ミロガバリンベシル酸塩製剤|タリージェOD錠,2.5mg,OD錠,,8367872de5ac
ミロガバリンベシル酸塩製剤,タリージェOD錠5mg,1190026F6020,ミロガバリンベシル酸塩製剤|タリージェOD錠,5.0mg,OD錠,,8367872de5ac
ミロガバリンベシル酸塩製剤,タリージェ錠10mg,1190026F3020,ミロガバリンベシル酸塩製剤|タリージェ錠,10.0mg,錠,タリージェ錠2.5mg,8367872de5ac
ミロガバリンベシル酸塩製剤,タリージェ錠15mg,1190026F4027,ミロガバリンベシル酸塩製剤|タリージェ錠,15.0mg,錠,タリージェ錠2.5mg,8367872de5ac
ミロガバリンベシル酸塩製剤,タリージェ錠5mg,1190026F2024,ミロガバリンベシル酸塩製剤|タリージェ錠,5.0mg,錠,タリージェ錠2.5mg,8367872de5ac
エルロチニブ塩酸塩,タルセバ錠100mg,4291016F2027,エルロチニブ塩酸塩|タルセバ錠,100.0mg,錠,タルセバ錠150mg; タルセバ錠25mg,63311cb6263b
"タルチレリン錠
タルチレリン口腔内崩壊錠",タルチレリンOD錠5mg「JG」,1190014F2048,"タルチレリン錠
タルチレリン口腔内崩壊錠|タルチレリンOD錠「JG」",5.0mg,OD錠,,fd84cf157c29
タルチレリン水和物,タルチレリンOD錠5mg「アメル」,1190014F2056,タルチレリン水和物|タルチレリンOD錠「アメル」,5.0mg,OD錠,,afaa7be23aea
タルチレリン水和物,タルチレリンOD錠5mg「サワイ」,1190014F2064,タルチレリン水和物|タルチレリンOD錠「サワイ」,5.0mg,OD錠,,abf511be3b31
タンドスピロンクエン酸塩,タンドスピロンクエン酸塩錠10mg「アメル」,1129008F2051,タンドスピロンクエン酸塩|タンドスピロンクエン酸塩錠「アメル」,10.0mg,錠,タンドスピロンクエン酸塩錠5mg「アメル」,1349ae7cb1f7
タンドスピロンクエン酸塩,タンドスピロンクエン酸塩錠10mg「サワイ」,1129008F2060,タンドスピロンクエン酸塩|タンドスピロンクエン酸塩錠「サワイ」,10.0mg,錠,タンドスピロンクエン酸塩錠5mg「サワイ」,2901cdd9917a
タンドスピロンクエン酸塩錠,タンドスピロンクエン酸塩錠10mg「トーワ」,1129008F2043,タンドスピロンクエン酸塩錠|タンドスピロンクエン酸塩錠「トーワ」,10.0mg,錠,タンドスピロンクエン酸塩錠5mg「トーワ」,d7323713f41a
タンドスピロンクエン酸塩,タンドスピロンクエン酸塩錠20mg「アメル」,1129008F3040,タンドスピロンクエン酸塩|タンドスピロンクエン酸塩錠「アメル」,20.0mg,錠,タンドスピロンクエン酸塩錠5mg「アメル」,1349ae7cb1f7
タンドスピロンクエン酸塩,タンドスピロンクエン酸塩錠20mg「サワイ」,1129008F3058,タンドスピロンクエン酸塩|タンドスピロンクエン酸塩錠「サワイ」,20.0mg,錠,タンドスピロンクエン酸塩錠5mg「サワイ」,2901cdd9917a
タンドスピロンクエン酸塩錠,タンドスピロンクエン酸塩錠20mg「トーワ」,1129008F3031,タンドスピロンクエン酸塩錠|タンドスピロンクエン酸塩錠「トーワ」,20.0mg,錠,タンドスピロンクエン酸塩錠5mg「トーワ」,d7323713f41a
フレカイニド酢酸塩,タンボコール細粒10％,2129009C1023,フレカイニド酢酸塩|タンボコール細粒,10.0%,(不明),,0cac6aa7e8e6
フレカイニド酢酸塩,タンボコール錠100mg,2129009F2026,フレカイニド酢酸塩|タンボコール錠,100.0mg,錠,タンボコール錠50mg,0cac6aa7e8e6
タラゾパリブトシル酸塩,ターゼナカプセル0.25mg,4291081M2029,タラゾパリブトシル酸塩|ターゼナカプセル,0.25mg,カプセル,ターゼナカプセル0.1mg,171c9f2c61c5
タラゾパリブトシル酸塩,ターゼナカプセル1mg,4291081M3025,タラゾパリブトシル酸塩|ターゼナカプセル,1.0mg,カプセル,ターゼナカプセル0.1mg,171c9f2c61c5
トアルクエタマブ（遺伝子組換え）,タービー皮下注40mg,4291480A2020,トアルクエタマブ（遺伝子組換え）|タービー皮下注,40.0mg,注射剤,タービー皮下注3mg,fd0bf82489c1
"ジフロラゾン酢酸エステル軟膏
ジフロラゾン酢酸エステルクリーム",ダイアコートクリーム0.05％,2646723N1151,"ジフロラゾン酢酸エステル軟膏
ジフロラゾン酢酸エステルクリーム|ダイアコートクリーム",0.05%,クリーム,,2df8d91fc426
ジアゼパム坐剤,ダイアップ坐剤10,1124701J3025,ジアゼパム坐剤|ダイアップ坐剤10,,坐剤,,81aed38a9888
ジアゼパム坐剤,ダイアップ坐剤6,1124701J2029,ジアゼパム坐剤|ダイアップ坐剤6,,坐剤,,81aed38a9888
-,ダイアニール-N PD-2　1.5腹膜透析液,3420409A6090,-|ダイアニール-NPD-21.5腹膜透析液,,液剤,ダイアニール-N PD-2　1.5腹膜透析液,5bb7aaf64482
-,ダイアニール-N PD-2　1.5腹膜透析液,3420409H1061,-|ダイアニール-NPD-21.5腹膜透析液,,液剤,ダイアニール-N PD-2　1.5腹膜透析液,5bb7aaf64482
-,ダイアニール-N PD-2　1.5腹膜透析液,3420409A5050,-|ダイアニール-NPD-21.5腹膜透析液,,液剤,ダイアニール-N PD-2　1.5腹膜透析液,5bb7aaf64482
-,ダイアニール-N PD-2　1.5腹膜透析液,3420409A9072,-|ダイアニール-NPD-21.5腹膜透析液,,液剤,ダイアニール-N PD-2　1.5腹膜透析液,5bb7aaf64482
-,ダイアニール-N PD-2　1.5腹膜透析液,3420409A8076,-|ダイアニール-NPD-21.5腹膜透析液,,液剤,ダイアニール-N PD-2　1.5腹膜透析液,5bb7aaf64482
-,ダイアニール-N PD-2　1.5腹膜透析液,3420409A4062,-|ダイアニール-NPD-21.5腹膜透析液,,液剤,ダイアニール-N PD-2　1.5腹膜透析液,5bb7aaf64482
-,ダイアニール-N PD-2　1.5腹膜透析液,3420409A7096,-|ダイアニール-NPD-21.5腹膜透析液,,液剤,ダイアニール-N PD-2　1.5腹膜透析液,5bb7aaf64482
-,ダイアニール-N PD-2　1.5腹膜透析液,3420409A3066,-|ダイアニール-NPD-21.5腹膜透析液,,液剤,ダイアニール-N PD-2　1.5腹膜透析液,5bb7aaf64482
-,ダイアニール-N PD-2　2.5腹膜透析液,3420410A5053,-|ダイアニール-NPD-22.5腹膜透析液,,液剤,,5bb7aaf64482
-,ダイアニール-N PD-2　2.5腹膜透析液,3420410A9075,-|ダイアニール-NPD-22.5腹膜透析液,,液剤,,5bb7aaf64482
-,ダイアニール-N PD-2　2.5腹膜透析液,3420410A2054,-|ダイアニール-NPD-22.5腹膜透析液,,液剤,,5bb7aaf64482
-,ダイアニール-N PD-2　2.5腹膜透析液,3420410A6092,-|ダイアニール-NPD-22.5腹膜透析液,,液剤,,5bb7aaf64482
-,ダイアニール-N PD-2　2.5腹膜透析液,3420410A3069,-|ダイアニール-NPD-22.5腹膜透析液,,液剤,,5bb7aaf64482
-,ダイアニール-N PD-2　2.5腹膜透析液,3420410A4065,-|ダイアニール-NPD-22.5腹膜透析液,,液剤,,5bb7aaf64482
-,ダイアニール-N PD-2　2.5腹膜透析液,3420410A7099,-|ダイアニール-NPD-22.5腹膜透析液,,液剤,,5bb7aaf64482
-,ダイアニール-N PD-2　2.5腹膜透析液,3420410H1064,-|ダイアニール-NPD-22.5腹膜透析液,,液剤,,5bb7aaf64482
-,ダイアニール-N PD-2　2.5腹膜透析液,3420410A8079,-|ダイアニール-NPD-22.5腹膜透析液,,液剤,,5bb7aaf64482
-,ダイアニール-N PD-4　1.5腹膜透析液,3420419A6050,-|ダイアニール-NPD-41.5腹膜透析液,,液剤,ダイアニール-N PD-4　1.5腹膜透析液,0139457e19d0
-,ダイアニール-N PD-4　1.5腹膜透析液,3420419A8070,-|ダイアニール-NPD-41.5腹膜透析液,,液剤,ダイアニール-N PD-4　1.5腹膜透析液,0139457e19d0
-,ダイアニール-N PD-4　1.5腹膜透析液,3420419A5062,-|ダイアニール-NPD-41.5腹膜透析液,,液剤,ダイアニール-N PD-4　1.5腹膜透析液,0139457e19d0
-,ダイアニール-N PD-4　1.5腹膜透析液,3420419A3043,-|ダイアニール-NPD-41.5腹膜透析液,,液剤,ダイアニール-N PD-4　1.5腹膜透析液,0139457e19d0
-,ダイアニール-N PD-4　1.5腹膜透析液,3420419H1065,-|ダイアニール-NPD-41.5腹膜透析液,,液剤,ダイアニール-N PD-4　1.5腹膜透析液,0139457e19d0
-,ダイアニール-N PD-4　1.5腹膜透析液,3420419A7073,-|ダイアニール-NPD-41.5腹膜透析液,,液剤,ダイアニール-N PD-4　1.5腹膜透析液,0139457e19d0
-,ダイアニール-N PD-4　1.5腹膜透析液,3420419A4040,-|ダイアニール-NPD-41.5腹膜透析液,,液剤,ダイアニール-N PD-4　1.5腹膜透析液,0139457e19d0
-,ダイアニール-N PD-4　1.5腹膜透析液,3420419A9068,-|ダイアニール-NPD-41.5腹膜透析液,,液剤,ダイアニール-N PD-4　1.5腹膜透析液,0139457e19d0
-,ダイアニール-N PD-4　2.5腹膜透析液,3420420A7076,-|ダイアニール-NPD-42.5腹膜透析液,,液剤,,0139457e19d0
-,ダイアニール-N PD-4　2.5腹膜透析液,3420420A8072,-|ダイアニール-NPD-42.5腹膜透析液,,液剤,,0139457e19d0
-,ダイアニール-N PD-4　2.5腹膜透析液,3420420A3046,-|ダイアニール-NPD-42.5腹膜透析液,,液剤,,0139457e19d0
-,ダイアニール-N PD-4　2.5腹膜透析液,3420420H1068,-|ダイアニール-NPD-42.5腹膜透析液,,液剤,,0139457e19d0
-,ダイアニール-N PD-4　2.5腹膜透析液,3420420A9060,-|ダイアニール-NPD-42.5腹膜透析液,,液剤,,0139457e19d0
-,ダイアニール-N PD-4　2.5腹膜透析液,3420420A5065,-|ダイアニール-NPD-42.5腹膜透析液,,液剤,,0139457e19d0
-,ダイアニール-N PD-4　2.5腹膜透析液,3420420A2040,-|ダイアニール-NPD-42.5腹膜透析液,,液剤,,0139457e19d0
-,ダイアニール-N PD-4　2.5腹膜透析液,3420420A6053,-|ダイアニール-NPD-42.5腹膜透析液,,液剤,,0139457e19d0
-,ダイアニール-N PD-4　2.5腹膜透析液,3420420A4042,-|ダイアニール-NPD-42.5腹膜透析液,,液剤,,0139457e19d0
-,ダイアニールPD-2　4.25腹膜透析液,3420411A7085,-|ダイアニールPD-24.25腹膜透析液,,液剤,ダイアニールPD-2　4.25腹膜透析液,04407069e4af
-,ダイアニールPD-2　4.25腹膜透析液,3420411A6089,-|ダイアニールPD-24.25腹膜透析液,,液剤,ダイアニールPD-2　4.25腹膜透析液,04407069e4af
-,ダイアニールPD-4　4.25腹膜透析液,3420421A8069,-|ダイアニールPD-44.25腹膜透析液,,液剤,ダイアニールPD-4　4.25腹膜透析液,c5acc5618c3a
-,ダイアニールPD-4　4.25腹膜透析液,3420421A6040,-|ダイアニールPD-44.25腹膜透析液,,液剤,ダイアニールPD-4　4.25腹膜透析液,c5acc5618c3a
アセタゾラミド,ダイアモックス錠250mg,2134002F1109,アセタゾラミド|ダイアモックス錠,250.0mg,錠,,d7cf4c7857e0
アゾセミド,ダイアート錠60mg,2139008F1056,アゾセミド|ダイアート錠,60.0mg,錠,ダイアート錠30mg,e620bdb30100
酸化エチレン,ダイサイドH20(N),732970AQ2030,酸化エチレン|ダイサイドH20(N),,(不明),,5341b729cec3
酸化エチレン,ダイサイドH30（N）,732970AQ3028,酸化エチレン|ダイサイドH30(N),,(不明),,5341b729cec3
スルファメトキサゾール・トリメトプリム製剤,ダイフェン配合顆粒,6290100D1070,スルファメトキサゾール・トリメトプリム製剤|ダイフェン配合顆粒,,顆粒,,f3f4fbfe1e91
ダサチニブ水和物,ダサチニブ錠50mg「BMSH」,4291020F2074,ダサチニブ水和物|ダサチニブ錠「BMSH」,50.0mg,錠,ダサチニブ錠20mg「BMSH」,b43a01c0ff89
ダサチニブ錠,ダサチニブ錠50mg「JG」,4291020F2031,ダサチニブ錠|ダサチニブ錠「JG」,50.0mg,錠,ダサチニブ錠20mg「JG」,fecaf5af1191
ダサチニブ錠,ダサチニブ錠50mg「NK」,4291020F2040,ダサチニブ錠|ダサチニブ錠「NK」,50.0mg,錠,ダサチニブ錠20mg「NK」,ac6bba0e75f8
ダサチニブ,ダサチニブ錠50mg「サワイ」,4291020F2058,ダサチニブ|ダサチニブ錠「サワイ」,50.0mg,錠,ダサチニブ錠20mg「サワイ」,06d72a14a384
ダサチニブ錠,ダサチニブ錠50mg「トーワ」,4291020F2066,ダサチニブ錠|ダサチニブ錠「トーワ」,50.0mg,錠,ダサチニブ錠20mg「トーワ」,d3a4eaf541dd
ダパグリフロジン,ダパグリフロジンOD錠10mg「杏林」,3969019F4026,ダパグリフロジン|ダパグリフロジンOD錠「杏林」,10.0mg,OD錠,ダパグリフロジンOD錠5mg「杏林」,aab0061d4e39
ダパグリフロジン錠,ダパグリフロジン錠10mg「EP」,3969019F2058,ダパグリフロジン錠|ダパグリフロジン錠「EP」,10.0mg,錠,ダパグリフロジン錠5mg「EP」,bf4fb8960371
ダパグリフロジン錠,ダパグリフロジン錠10mg「TSP」,3969019F2031,ダパグリフロジン錠|ダパグリフロジン錠「TSP」,10.0mg,錠,ダパグリフロジン錠5mg「TSP」,4401d4969c88
ダパグリフロジン,ダパグリフロジン錠10mg「サワイ」,3969019F2040,ダパグリフロジン|ダパグリフロジン錠「サワイ」,10.0mg,錠,ダパグリフロジン錠5mg「サワイ」,34e4ed23213f
ダパグリフロジン錠,ダパグリフロジン錠10mg「トーワ」,3969019F2066,ダパグリフロジン錠|ダパグリフロジン錠「トーワ」,10.0mg,錠,ダパグリフロジン錠5mg「トーワ」,5e6fc5e25cc7
ダパグリフロジンプロピレングリコール錠,ダパグリフロジン錠10mg「ニプロ」,3969019F2082,ダパグリフロジンプロピレングリコール錠|ダパグリフロジン錠「ニプロ」,10.0mg,錠,ダパグリフロジン錠5mg「ニプロ」,4ec17b4cc040
ダパグリフロジン,ダパグリフロジン錠10mg「日新」,3969019F2074,ダパグリフロジン|ダパグリフロジン錠「日新」,10.0mg,錠,ダパグリフロジン錠5mg「日新」,cd20ad156ec8
ダラツムマブ（遺伝子組換え）,ダラザレックス点滴静注400mg,4291437A2024,ダラツムマブ（遺伝子組換え）|ダラザレックス点滴静注,400.0mg,注射剤,ダラザレックス点滴静注100mg,408d116c4ae0
クリンダマイシンリン酸エステル,ダラシンS注射液600mg,6112401A2123,クリンダマイシンリン酸エステル|ダラシンS注射液,600.0mg,注射剤,ダラシンS注射液300mg,6b4a630721e4
クリンダマイシンリン酸エステル製剤,ダラシンTローション1%,2634713Q1021,クリンダマイシンリン酸エステル製剤|ダラシンTローション,1.0%,ローション,,78c65d1a7821
クリンダマイシン塩酸塩,ダラシンカプセル150mg,6112001M2038,クリンダマイシン塩酸塩|ダラシンカプセル,150.0mg,カプセル,ダラシンカプセル75mg,bd73f83fbfd0
ダルテパリンナトリウム注射液,ダルテパリンNa静注3000単位/12mLシリンジ「ニプロ」,3334403G3029,ダルテパリンナトリウム注射液|ダルテパリンNa静注/シリンジ「ニプロ」,3000.0単位/12.0ml,注射剤,ダルテパリンNa静注2500単位/10mLシリンジ「ニプロ」,5e06008514fd
ダルテパリンナトリウム注射液,ダルテパリンNa静注4000単位/16mLシリンジ「ニプロ」,3334403G4025,ダルテパリンナトリウム注射液|ダルテパリンNa静注/シリンジ「ニプロ」,4000.0単位/16.0ml,注射剤,ダルテパリンNa静注2500単位/10mLシリンジ「ニプロ」,5e06008514fd
ダルテパリンナトリウム注射液,ダルテパリンNa静注5000単位/20mLシリンジ「ニプロ」,3334403G5021,ダルテパリンナトリウム注射液|ダルテパリンNa静注/シリンジ「ニプロ」,5000.0単位/20.0ml,注射剤,ダルテパリンNa静注2500単位/10mLシリンジ「ニプロ」,5e06008514fd
ダルベポエチン アルファ（遺伝子組換え）［ダルベポエチン アルファ後続1］,ダルベポエチン アルファBS注10μgシリンジ「JCR」,3999453G2028,ダルベポエチン アルファ（遺伝子組換え）［ダルベポエチン アルファ後続1］|ダルベポエチンアルファBS注シリンジ「JCR」,10.0μg,注射剤,ダルベポエチン アルファBS注5μgシリンジ「JCR」,adbb9bb2ac17
ダルベポエチン アルファ（遺伝子組換え）［ダルベポエチン アルファ後続1］,ダルベポエチン アルファBS注120μgシリンジ「JCR」,3999453G8026,ダルベポエチン アルファ（遺伝子組換え）［ダルベポエチン アルファ後続1］|ダルベポエチンアルファBS注シリンジ「JCR」,120.0μg,注射剤,ダルベポエチン アルファBS注5μgシリンジ「JCR」,adbb9bb2ac17
ダルベポエチン アルファ（遺伝子組換え）［ダルベポエチン アルファ後続1］,ダルベポエチン アルファBS注15μgシリンジ「JCR」,3999453G3024,ダルベポエチン アルファ（遺伝子組換え）［ダルベポエチン アルファ後続1］|ダルベポエチンアルファBS注シリンジ「JCR」,15.0μg,注射剤,ダルベポエチン アルファBS注5μgシリンジ「JCR」,adbb9bb2ac17
ダルベポエチン アルファ（遺伝子組換え）［ダルベポエチン アルファ後続1］,ダルベポエチン アルファBS注180μgシリンジ「JCR」,3999453G9022,ダルベポエチン アルファ（遺伝子組換え）［ダルベポエチン アルファ後続1］|ダルベポエチンアルファBS注シリンジ「JCR」,180.0μg,注射剤,ダルベポエチン アルファBS注5μgシリンジ「JCR」,adbb9bb2ac17
ダルベポエチン アルファ（遺伝子組換え）［ダルベポエチン アルファ後続1］,ダルベポエチン アルファBS注20μgシリンジ「JCR」,3999453G4020,ダルベポエチン アルファ（遺伝子組換え）［ダルベポエチン アルファ後続1］|ダルベポエチンアルファBS注シリンジ「JCR」,20.0μg,注射剤,ダルベポエチン アルファBS注5μgシリンジ「JCR」,adbb9bb2ac17
ダルベポエチン アルファ（遺伝子組換え）［ダルベポエチン アルファ後続1］,ダルベポエチン アルファBS注30μgシリンジ「JCR」,3999453G5027,ダルベポエチン アルファ（遺伝子組換え）［ダルベポエチン アルファ後続1］|ダルベポエチンアルファBS注シリンジ「JCR」,30.0μg,注射剤,ダルベポエチン アルファBS注5μgシリンジ「JCR」,adbb9bb2ac17
ダルベポエチン アルファ（遺伝子組換え）［ダルベポエチン アルファ後続1］,ダルベポエチン アルファBS注40μgシリンジ「JCR」,3999453G6023,ダルベポエチン アルファ（遺伝子組換え）［ダルベポエチン アルファ後続1］|ダルベポエチンアルファBS注シリンジ「JCR」,40.0μg,注射剤,ダルベポエチン アルファBS注5μgシリンジ「JCR」,adbb9bb2ac17
ダルベポエチン アルファ（遺伝子組換え）［ダルベポエチン アルファ後続1］,ダルベポエチン アルファBS注60μgシリンジ「JCR」,3999453G7020,ダルベポエチン アルファ（遺伝子組換え）［ダルベポエチン アルファ後続1］|ダルベポエチンアルファBS注シリンジ「JCR」,60.0μg,注射剤,ダルベポエチン アルファBS注5μgシリンジ「JCR」,adbb9bb2ac17
ダルベポエチン　アルファ（遺伝子組換え）,ダルベポエチン アルファ注10μgシリンジ「KKF」,3999425S5036,ダルベポエチン　アルファ（遺伝子組換え）|ダルベポエチンアルファ注シリンジ「KKF」,10.0μg,注射剤,ダルベポエチン アルファ注5μgシリンジ「KKF」,728e40cead8e
ダルベポエチン　アルファ（遺伝子組換え）,ダルベポエチン アルファ注120μgシリンジ「KKF」,3999425U2038,ダルベポエチン　アルファ（遺伝子組換え）|ダルベポエチンアルファ注シリンジ「KKF」,120.0μg,注射剤,ダルベポエチン アルファ注5μgシリンジ「KKF」,728e40cead8e
ダルベポエチン　アルファ（遺伝子組換え）,ダルベポエチン アルファ注15μgシリンジ「KKF」,3999425S6032,ダルベポエチン　アルファ（遺伝子組換え）|ダルベポエチンアルファ注シリンジ「KKF」,15.0μg,注射剤,ダルベポエチン アルファ注5μgシリンジ「KKF」,728e40cead8e
ダルベポエチン　アルファ（遺伝子組換え）,ダルベポエチン アルファ注180μgシリンジ「KKF」,3999425U3034,ダルベポエチン　アルファ（遺伝子組換え）|ダルベポエチンアルファ注シリンジ「KKF」,180.0μg,注射剤,ダルベポエチン アルファ注5μgシリンジ「KKF」,728e40cead8e
ダルベポエチン　アルファ（遺伝子組換え）,ダルベポエチン アルファ注20μgシリンジ「KKF」,3999425S7039,ダルベポエチン　アルファ（遺伝子組換え）|ダルベポエチンアルファ注シリンジ「KKF」,20.0μg,注射剤,ダルベポエチン アルファ注5μgシリンジ「KKF」,728e40cead8e
ダルベポエチン　アルファ（遺伝子組換え）,ダルベポエチン アルファ注30μgシリンジ「KKF」,3999425S8035,ダルベポエチン　アルファ（遺伝子組換え）|ダルベポエチンアルファ注シリンジ「KKF」,30.0μg,注射剤,ダルベポエチン アルファ注5μgシリンジ「KKF」,728e40cead8e
ダルベポエチン　アルファ（遺伝子組換え）,ダルベポエチン アルファ注40μgシリンジ「KKF」,3999425S9031,ダルベポエチン　アルファ（遺伝子組換え）|ダルベポエチンアルファ注シリンジ「KKF」,40.0μg,注射剤,ダルベポエチン アルファ注5μgシリンジ「KKF」,728e40cead8e
ダルベポエチン　アルファ（遺伝子組換え）,ダルベポエチン アルファ注60μgシリンジ「KKF」,3999425U1031,ダルベポエチン　アルファ（遺伝子組換え）|ダルベポエチンアルファ注シリンジ「KKF」,60.0μg,注射剤,ダルベポエチン アルファ注5μgシリンジ「KKF」,728e40cead8e
ダルベポエチン　アルファ（遺伝子組換え）［ダルベポエチン　アルファ後続2］製剤,ダルベポエチン　アルファBS注10μgシリンジ「三和」,3999454G2022,ダルベポエチン　アルファ（遺伝子組換え）［ダルベポエチン　アルファ後続2］製剤|ダルベポエチンアルファBS注シリンジ「三和」,10.0μg,注射剤,ダルベポエチン　アルファBS注5μgシリンジ「三和」,f8d5b9d4cc8f
ダルベポエチン　アルファ（遺伝子組換え）［ダルベポエチン　アルファ後続2］製剤,ダルベポエチン　アルファBS注120μgシリンジ「三和」,3999454G8020,ダルベポエチン　アルファ（遺伝子組換え）［ダルベポエチン　アルファ後続2］製剤|ダルベポエチンアルファBS注シリンジ「三和」,120.0μg,注射剤,ダルベポエチン　アルファBS注5μgシリンジ「三和」,f8d5b9d4cc8f
ダルベポエチン　アルファ（遺伝子組換え）［ダルベポエチン　アルファ後続2］製剤,ダルベポエチン　アルファBS注15μgシリンジ「三和」,3999454G3029,ダルベポエチン　アルファ（遺伝子組換え）［ダルベポエチン　アルファ後続2］製剤|ダルベポエチンアルファBS注シリンジ「三和」,15.0μg,注射剤,ダルベポエチン　アルファBS注5μgシリンジ「三和」,f8d5b9d4cc8f
ダルベポエチン　アルファ（遺伝子組換え）［ダルベポエチン　アルファ後続2］製剤,ダルベポエチン　アルファBS注180μgシリンジ「三和」,3999454G9027,ダルベポエチン　アルファ（遺伝子組換え）［ダルベポエチン　アルファ後続2］製剤|ダルベポエチンアルファBS注シリンジ「三和」,180.0μg,注射剤,ダルベポエチン　アルファBS注5μgシリンジ「三和」,f8d5b9d4cc8f
ダルベポエチン　アルファ（遺伝子組換え）［ダルベポエチン　アルファ後続2］製剤,ダルベポエチン　アルファBS注20μgシリンジ「三和」,3999454G4025,ダルベポエチン　アルファ（遺伝子組換え）［ダルベポエチン　アルファ後続2］製剤|ダルベポエチンアルファBS注シリンジ「三和」,20.0μg,注射剤,ダルベポエチン　アルファBS注5μgシリンジ「三和」,f8d5b9d4cc8f
ダルベポエチン　アルファ（遺伝子組換え）［ダルベポエチン　アルファ後続2］製剤,ダルベポエチン　アルファBS注30μgシリンジ「三和」,3999454G5021,ダルベポエチン　アルファ（遺伝子組換え）［ダルベポエチン　アルファ後続2］製剤|ダルベポエチンアルファBS注シリンジ「三和」,30.0μg,注射剤,ダルベポエチン　アルファBS注5μgシリンジ「三和」,f8d5b9d4cc8f
ダルベポエチン　アルファ（遺伝子組換え）［ダルベポエチン　アルファ後続2］製剤,ダルベポエチン　アルファBS注40μgシリンジ「三和」,3999454G6028,ダルベポエチン　アルファ（遺伝子組換え）［ダルベポエチン　アルファ後続2］製剤|ダルベポエチンアルファBS注シリンジ「三和」,40.0μg,注射剤,ダルベポエチン　アルファBS注5μgシリンジ「三和」,f8d5b9d4cc8f
ダルベポエチン　アルファ（遺伝子組換え）［ダルベポエチン　アルファ後続2］製剤,ダルベポエチン　アルファBS注60μgシリンジ「三和」,3999454G7024,ダルベポエチン　アルファ（遺伝子組換え）［ダルベポエチン　アルファ後続2］製剤|ダルベポエチンアルファBS注シリンジ「三和」,60.0μg,注射剤,ダルベポエチン　アルファBS注5μgシリンジ「三和」,f8d5b9d4cc8f
ダプロデュスタット,ダーブロック錠2mg,3999049F2023,ダプロデュスタット|ダーブロック錠,2.0mg,錠,ダーブロック錠1mg,8a5b3f4b9ee2
ダプロデュスタット,ダーブロック錠4mg,3999049F3020,ダプロデュスタット|ダーブロック錠,4.0mg,錠,ダーブロック錠1mg,8a5b3f4b9ee2
ダプロデュスタット,ダーブロック錠6mg,3999049F4026,ダプロデュスタット|ダーブロック錠,6.0mg,錠,ダーブロック錠1mg,8a5b3f4b9ee2
チキジウム臭化物,チアトンカプセル10mg,1231013M2179,チキジウム臭化物|チアトンカプセル,10.0mg,カプセル,チアトンカプセル5mg,1924acd96ec0
チアプリド塩酸塩,チアプリド細粒10％「サワイ」,1190004C1106,チアプリド塩酸塩|チアプリド細粒「サワイ」,10.0%,(不明),,97fa27050eb1
チアプリド塩酸塩,チアプリド錠50mg「JG」,1190004F2168,チアプリド塩酸塩|チアプリド錠「JG」,50.0mg,錠,チアプリド錠25mg「JG」,0d01d697ef00
チアプリド塩酸塩錠,チアプリド錠50mg「NIG」,1190004F2192,チアプリド塩酸塩錠|チアプリド錠「NIG」,50.0mg,錠,チアプリド錠25mg「NIG」,7ee8f4a1489f
チアプリド塩酸塩,チアプリド錠50mg「サワイ」,1190004F2133,チアプリド塩酸塩|チアプリド錠「サワイ」,50.0mg,錠,チアプリド錠25mg「サワイ」,97fa27050eb1
チアプリド塩酸塩,チアプリド錠50mg「日新」,1190004F2184,チアプリド塩酸塩|チアプリド錠「日新」,50.0mg,錠,チアプリド錠25mg「日新」,bdb83c1ff3fd
チアミン塩化物塩酸塩注射液,チアミン塩化物塩酸塩注20mg「フソー」,3121400A3171,チアミン塩化物塩酸塩注射液|チアミン塩化物塩酸塩注「フソー」,20.0mg,注射剤,チアミン塩化物塩酸塩注10mg「フソー」; チアミン塩化物塩酸塩注5mg「フソー」,5d20772f42b8
チアミン塩化物塩酸塩注射液,チアミン塩化物塩酸塩注50mg「フソー」,3121400A4100,チアミン塩化物塩酸塩注射液|チアミン塩化物塩酸塩注「フソー」,50.0mg,注射剤,チアミン塩化物塩酸塩注10mg「フソー」; チアミン塩化物塩酸塩注5mg「フソー」,5d20772f42b8
チアミン塩化物塩酸塩,チアミン塩化物塩酸塩注射液20mg「VTRS」,3121400A3180,チアミン塩化物塩酸塩|チアミン塩化物塩酸塩注射液「VTRS」,20.0mg,注射剤,チアミン塩化物塩酸塩注射液10mg「VTRS」,6bed97ffa1c5
チアミン塩化物塩酸塩,チアミン塩化物塩酸塩注射液50mg「ツルハラ」,3121400A4097,チアミン塩化物塩酸塩|チアミン塩化物塩酸塩注射液「ツルハラ」,50.0mg,注射剤,チアミン塩化物塩酸塩注射液10mg「ツルハラ」,5b0ea393237a
エトレチナート,チガソンカプセル25,3119001M2027,エトレチナート|チガソンカプセル25,,カプセル,,5bef7b1903b4
チキジウム臭化物,チキジウム臭化物カプセル10mg「サワイ」,1231013M2217,チキジウム臭化物|チキジウム臭化物カプセル「サワイ」,10.0mg,カプセル,チキジウム臭化物カプセル5mg「サワイ」,e186c766e264
チキジウム臭化物,チキジウム臭化物カプセル10mg「ツルハラ」,1231013M2195,チキジウム臭化物|チキジウム臭化物カプセル「ツルハラ」,10.0mg,カプセル,チキジウム臭化物カプセル5mg「ツルハラ」,e0a3f5df8e76
チキジウム臭化物カプセル,チキジウム臭化物カプセル10mg「トーワ」,1231013M2209,チキジウム臭化物カプセル|チキジウム臭化物カプセル「トーワ」,10.0mg,カプセル,チキジウム臭化物カプセル5mg「トーワ」,b9c204b5b417
チキジウム臭化物,チキジウム臭化物顆粒2%「ツルハラ」,1231013D1083,チキジウム臭化物|チキジウム臭化物顆粒「ツルハラ」,2.0%,顆粒,,e0a3f5df8e76
チアミラールナトリウム,チトゾール注用0.5g,1115403D3051,チアミラールナトリウム|チトゾール注用,0.5g,注射剤,チトゾール注用0.3g,6c8cc3b364d7
チニダゾール,チニダゾール錠500mg「F」,6419001F2044,チニダゾール|チニダゾール錠「F」,500.0mg,錠,チニダゾール錠200mg「F」,bae6caf1aa8b
チモロールマレイン酸塩持続性点眼液,チモプトールXE点眼液0.5%,1319702Q4033,チモロールマレイン酸塩持続性点眼液|チモプトールXE点眼液,0.5%,点眼剤,チモプトールXE点眼液0.25%,7230fb193bde
チモロールマレイン酸塩点眼液,チモプトール点眼液0.5％,1319702Q2111,チモロールマレイン酸塩点眼液|チモプトール点眼液,0.5%,点眼剤,チモプトール点眼液0.25％,c2fbaab5e62a
チモロールマレイン酸塩点眼液,チモロールPF点眼液0.5％「日点」,1319702Q2189,チモロールマレイン酸塩点眼液|チモロールPF点眼液「日点」,0.5%,点眼剤,チモロールPF点眼液0.25％「日点」,edeb700d8fb4
チモロールマレイン酸塩持続性点眼液,チモロールXE点眼液0.5%「TS」,1319702Q4041,チモロールマレイン酸塩持続性点眼液|チモロールXE点眼液「TS」,0.5%,点眼剤,チモロールXE点眼液0.25%「TS」,eea0703d295d
チモロールマレイン酸塩,チモロールXE点眼液0.5％「センジュ」,1319702Q4084,チモロールマレイン酸塩|チモロールXE点眼液「センジュ」,0.5%,点眼剤,チモロールXE点眼液0.25%「センジュ」,80d7c868c1cc
チモロールマレイン酸塩持続性点眼液,チモロールXE点眼液0.5％「ニットー」,1319702Q4068,チモロールマレイン酸塩持続性点眼液|チモロールXE点眼液「ニットー」,0.5%,点眼剤,チモロールXE点眼液0.25％「ニットー」,56ff0b6e49c9
チモロールマレイン酸塩,チモロールXE点眼液0.5％「杏林」,1319702Q4050,チモロールマレイン酸塩|チモロールXE点眼液「杏林」,0.5%,点眼剤,チモロールXE点眼液0.25％「杏林」,1b3ca0475142
チモロールマレイン酸塩点眼液,チモロール点眼液0.5%「テイカ」,1319702Q2138,チモロールマレイン酸塩点眼液|チモロール点眼液「テイカ」,0.5%,点眼剤,チモロール点眼液0.25%「テイカ」,a1c586f5cb32
チモロールマレイン酸塩,チモロール点眼液0.5％「わかもと」,1319702Q2170,チモロールマレイン酸塩|チモロール点眼液「わかもと」,0.5%,点眼剤,チモロール点眼液0.25％「わかもと」,5adf57463237
チモロールマレイン酸塩点眼液,チモロール点眼液0.5％「ニッテン」,1319702Q2197,チモロールマレイン酸塩点眼液|チモロール点眼液「ニッテン」,0.5%,点眼剤,チモロール点眼液0.25％「ニッテン」,d38a6e053679
チモロールマレイン酸塩点眼液,チモロール点眼液0.5％「ニットー」,1319702Q2200,チモロールマレイン酸塩点眼液|チモロール点眼液「ニットー」,0.5%,点眼剤,チモロール点眼液0.25％「ニットー」,bbd9037aabc7
チモロールマレイン酸塩,チモロール点眼液0.5％「日新」,1319702Q2154,チモロールマレイン酸塩|チモロール点眼液「日新」,0.5%,点眼剤,チモロール点眼液0.25％「日新」,cc9a02de0b1a
バレニクリン酒石酸塩,チャンピックス錠1mg,7990003F2024,バレニクリン酒石酸塩|チャンピックス錠,1.0mg,錠,チャンピックス錠0.5mg,acebcb55d4a9
レボチロキシンナトリウム水和物,チラーヂンS錠100μg,2431004F3032,レボチロキシンナトリウム水和物|チラーヂンS錠,100.0μg,錠,チラーヂンS錠12.5μg,93c2e02c99f0
レボチロキシンナトリウム水和物,チラーヂンS錠25μg,2431004F2052,レボチロキシンナトリウム水和物|チラーヂンS錠,25.0μg,錠,チラーヂンS錠12.5μg,93c2e02c99f0
レボチロキシンナトリウム水和物,チラーヂンS錠50μg,2431004F1056,レボチロキシンナトリウム水和物|チラーヂンS錠,50.0μg,錠,チラーヂンS錠12.5μg,93c2e02c99f0
レボチロキシンナトリウム水和物,チラーヂンS錠75μg,2431004F5027,レボチロキシンナトリウム水和物|チラーヂンS錠,75.0μg,錠,チラーヂンS錠12.5μg,93c2e02c99f0
リオチロニンナトリウム,チロナミン錠25μg,2431003F2040,リオチロニンナトリウム|チロナミン錠,25.0μg,錠,5mcgチロナミン錠; チロナミン錠5μg,8fa3c978c8c3
-,ツインパル輸液（1000mL）,3259518G2055,-|ツインパル輸液(),1000.0ml,液剤,ツインパル輸液（500mL）,9b8dc84315ef
ツカチニブ　エタノール付加物,ツカイザ錠150mg,4291098F2025,ツカチニブ　エタノール付加物|ツカイザ錠,150.0mg,錠,ツカイザ錠50mg,ae3797e496b4
ツロブテロール,ツロブテロールテープ1mg「MED」,2259707S2116,ツロブテロール|ツロブテロールテープ「MED」,1.0mg,貼付剤,ツロブテロールテープ0.5mg「MED」,6c910440a9da
ツロブテロール,ツロブテロールテープ1mg「QQ」,2259707S2060,ツロブテロール|ツロブテロールテープ「QQ」,1.0mg,貼付剤,ツロブテロールテープ0.5mg「QQ」,2b09030bb7ad
ツロブテロール,ツロブテロールテープ1mg「VTRS」,2259707S2221,ツロブテロール|ツロブテロールテープ「VTRS」,1.0mg,貼付剤,ツロブテロールテープ0.5mg「VTRS」,18a385d61983
ツロブテロール経皮吸収型テープ,ツロブテロールテープ1mg「YP」,2259707S2183,ツロブテロール経皮吸収型テープ|ツロブテロールテープ「YP」,1.0mg,貼付剤,ツロブテロールテープ0.5mg「YP」,8724f8ac7311
ツロブテロール,ツロブテロールテープ1mg「サワイ」,2259707S2078,ツロブテロール|ツロブテロールテープ「サワイ」,1.0mg,貼付剤,ツロブテロールテープ0.5mg「サワイ」,15c5f577081c
ツロブテロール,ツロブテロールテープ1mg「タカタ」,2259707S2191,ツロブテロール|ツロブテロールテープ「タカタ」,1.0mg,貼付剤,ツロブテロールテープ0.5mg「タカタ」,64ab911cff2f
ツロブテロールテープ,ツロブテロールテープ1mg「テイコク」,2259707S2132,ツロブテロールテープ|ツロブテロールテープ「テイコク」,1.0mg,貼付剤,ツロブテロールテープ0.5mg「テイコク」,6eb0ad7292be
ツロブテロール経皮吸収型テープ,ツロブテロールテープ1mg「トーワ」,2259707S2205,ツロブテロール経皮吸収型テープ|ツロブテロールテープ「トーワ」,1.0mg,貼付剤,ツロブテロールテープ0.5mg「トーワ」,bb5490ce265c
日本薬局方 ツロブテロール経皮吸収型テープ,ツロブテロールテープ1mg「久光」,2259707S2213,日本薬局方 ツロブテロール経皮吸収型テープ|ツロブテロールテープ「久光」,1.0mg,貼付剤,ツロブテロールテープ0.5mg「久光」,8d1df961466d
ツロブテロール,ツロブテロールテープ1「オーハラ」,2259707S2124,ツロブテロール|ツロブテロールテープ1「オーハラ」,,貼付剤,,3bb8a65dd9c5
ツロブテロール,ツロブテロールテープ2mg「MED」,2259707S3112,ツロブテロール|ツロブテロールテープ「MED」,2.0mg,貼付剤,ツロブテロールテープ0.5mg「MED」,6c910440a9da
ツロブテロール,ツロブテロールテープ2mg「QQ」,2259707S3066,ツロブテロール|ツロブテロールテープ「QQ」,2.0mg,貼付剤,ツロブテロールテープ0.5mg「QQ」,2b09030bb7ad
ツロブテロール,ツロブテロールテープ2mg「VTRS」,2259707S3228,ツロブテロール|ツロブテロールテープ「VTRS」,2.0mg,貼付剤,ツロブテロールテープ0.5mg「VTRS」,18a385d61983
ツロブテロール経皮吸収型テープ,ツロブテロールテープ2mg「YP」,2259707S3180,ツロブテロール経皮吸収型テープ|ツロブテロールテープ「YP」,2.0mg,貼付剤,ツロブテロールテープ0.5mg「YP」,8724f8ac7311
ツロブテロール,ツロブテロールテープ2mg「サワイ」,2259707S3074,ツロブテロール|ツロブテロールテープ「サワイ」,2.0mg,貼付剤,ツロブテロールテープ0.5mg「サワイ」,15c5f577081c
ツロブテロール,ツロブテロールテープ2mg「タカタ」,2259707S3198,ツロブテロール|ツロブテロールテープ「タカタ」,2.0mg,貼付剤,ツロブテロールテープ0.5mg「タカタ」,64ab911cff2f
ツロブテロールテープ,ツロブテロールテープ2mg「テイコク」,2259707S3139,ツロブテロールテープ|ツロブテロールテープ「テイコク」,2.0mg,貼付剤,ツロブテロールテープ0.5mg「テイコク」,6eb0ad7292be
ツロブテロール経皮吸収型テープ,ツロブテロールテープ2mg「トーワ」,2259707S3201,ツロブテロール経皮吸収型テープ|ツロブテロールテープ「トーワ」,2.0mg,貼付剤,ツロブテロールテープ0.5mg「トーワ」,bb5490ce265c
日本薬局方 ツロブテロール経皮吸収型テープ,ツロブテロールテープ2mg「久光」,2259707S3210,日本薬局方 ツロブテロール経皮吸収型テープ|ツロブテロールテープ「久光」,2.0mg,貼付剤,ツロブテロールテープ0.5mg「久光」,8d1df961466d
ツロブテロール,ツロブテロールテープ2「オーハラ」,2259707S3120,ツロブテロール|ツロブテロールテープ2「オーハラ」,,貼付剤,,3bb8a65dd9c5
トラマドール塩酸塩徐放錠,ツートラム錠100mg,1149038G3022,トラマドール塩酸塩徐放錠|ツートラム錠,100.0mg,錠,ツートラム錠25mg,d34a0fbb63e0
トラマドール塩酸塩徐放錠,ツートラム錠150mg,1149038G4029,トラマドール塩酸塩徐放錠|ツートラム錠,150.0mg,錠,ツートラム錠25mg,d34a0fbb63e0
トラマドール塩酸塩徐放錠,ツートラム錠50mg,1149038G2026,トラマドール塩酸塩徐放錠|ツートラム錠,50.0mg,錠,ツートラム錠25mg,d34a0fbb63e0
"テガフール
ギメラシル
オテラシルカリウム",ティーエスワン配合OD錠T25,4229101F2022,"テガフール
ギメラシル
オテラシルカリウム|ティーエスワン配合OD錠T25",,OD錠,,94101fc8c9c0
"テガフール
ギメラシル
オテラシルカリウム",ティーエスワン配合カプセルT25,4229101M2030,"テガフール
ギメラシル
オテラシルカリウム|ティーエスワン配合カプセルT25",,カプセル,,45f20accdaeb
"テガフール
ギメラシル
オテラシルカリウム",ティーエスワン配合顆粒T20,4229101D1025,"テガフール
ギメラシル
オテラシルカリウム|ティーエスワン配合顆粒T20",,顆粒,,45f20accdaeb
"テガフール
ギメラシル
オテラシルカリウム",ティーエスワン配合顆粒T25,4229101D2021,"テガフール
ギメラシル
オテラシルカリウム|ティーエスワン配合顆粒T25",,顆粒,,45f20accdaeb
注射用テイコプラニン,テイコプラニン点滴静注用400mg「トーワ」,6119401D2066,注射用テイコプラニン|テイコプラニン点滴静注用「トーワ」,400.0mg,注射剤,テイコプラニン点滴静注用200mg「トーワ」,299547228023
注射用テイコプラニン,テイコプラニン点滴静注用400mg「日医工」,6119401D2040,注射用テイコプラニン|テイコプラニン点滴静注用「日医工」,400.0mg,注射剤,テイコプラニン点滴静注用200mg「日医工」,520e3a27185e
テイコプラニン,テイコプラニン点滴静注用400mg「明治」,6119401D2058,テイコプラニン|テイコプラニン点滴静注用「明治」,400.0mg,注射剤,テイコプラニン点滴静注用200mg「明治」,1fb6d3e106ef
テオフィリン徐放性製剤,テオドール錠200mg,2251001F3081,テオフィリン徐放性製剤|テオドール錠,200.0mg,錠,テオドール錠100mg,a1ae5cfa5a56
テオフィリン徐放性製剤,テオドール錠50mg,2251001F1046,テオフィリン徐放性製剤|テオドール錠,50.0mg,錠,テオドール錠100mg,7fbf82ff7ace
テオフィリン徐放錠,テオフィリン徐放U錠200mg「トーワ」,2251001G1092,テオフィリン徐放錠|テオフィリン徐放U錠「トーワ」,200.0mg,錠,テオフィリン徐放U錠100mg「トーワ」,8c69da75bce5
テオフィリン徐放錠,テオフィリン徐放U錠400mg「トーワ」,2251001G2080,テオフィリン徐放錠|テオフィリン徐放U錠「トーワ」,400.0mg,錠,テオフィリン徐放U錠100mg「トーワ」,8c69da75bce5
テオフィリン徐放性製剤,テオフィリン徐放カプセル200mg「サンド」,2251001M2050,テオフィリン徐放性製剤|テオフィリン徐放カプセル「サンド」,200.0mg,カプセル,テオフィリン徐放カプセル100mg「サンド」; テオフィリン徐放カプセル50mg「サンド」,728356fd3c08
テオフィリン,テオフィリン徐放錠200mg「サワイ」,2251001F3154,テオフィリン|テオフィリン徐放錠「サワイ」,200.0mg,錠,テオフィリン徐放錠100mg「サワイ」; テオフィリン徐放錠50mg「サワイ」,2487b9257c80
テオフィリン,テオフィリン徐放錠200mg「ツルハラ」,2251001F3162,テオフィリン|テオフィリン徐放錠「ツルハラ」,200.0mg,錠,テオフィリン徐放錠100mg「ツルハラ」; テオフィリン徐放錠50mg「ツルハラ」,081cc6ec81b7
テオフィリン,テオロング錠100mg,2251001F2050,テオフィリン|テオロング錠,100.0mg,錠,テオロング錠50mg,984f279bd4e3
テオフィリン,テオロング錠200mg,2251001F3049,テオフィリン|テオロング錠,200.0mg,錠,テオロング錠50mg,984f279bd4e3
ジフルコルトロン吉草酸エステル,テクスメテンユニバーサルクリーム0.1％,2646700N1142,ジフルコルトロン吉草酸エステル|テクスメテンユニバーサルクリーム,0.1%,クリーム,,9715177fce05
"メルカプトアセチルグリシルグリシルグリシンテクネチウム（
99m
Tc）注射液",テクネMAG3注射液（300MBq）,4300445A2020,"メルカプトアセチルグリシルグリシルグリシンテクネチウム（
99m
Tc）注射液|テクネMAG3注射液(300MBq)",,注射剤,,e592b290f047
"メルカプトアセチルグリシルグリシルグリシンテクネチウム（
99m
Tc）注射液",テクネMAG3注射液（400MBq）,4300445A3026,"メルカプトアセチルグリシルグリシルグリシンテクネチウム（
99m
Tc）注射液|テクネMAG3注射液(400MBq)",,注射剤,,e592b290f047
"メチレンジホスホン酸テクネチウム（
99m
Tc）注射液（放射性医薬品基準）",テクネMDP注射液（555MBq）,4300410A3022,"メチレンジホスホン酸テクネチウム（
99m
Tc）注射液（放射性医薬品基準）|テクネMDP注射液(555MBq)",,注射剤,,1fe8948a74b5
"メチレンジホスホン酸テクネチウム（
99m
Tc）注射液（放射性医薬品基準）",テクネMDP注射液（740MBq）,4300410A1020,"メチレンジホスホン酸テクネチウム（
99m
Tc）注射液（放射性医薬品基準）|テクネMDP注射液(740MBq)",,注射剤,,1fe8948a74b5
"メチレンジホスホン酸テクネチウム（
99m
Tc）注射液（放射性医薬品基準）",テクネMDP注射液（925MBq）,4300410A4029,"メチレンジホスホン酸テクネチウム（
99m
Tc）注射液（放射性医薬品基準）|テクネMDP注射液(925MBq)",,注射剤,,1fe8948a74b5
フマル酸ジメチルDimethyl Fumarate〔JAN〕,テクフィデラカプセル240mg,1190024M2024,フマル酸ジメチルDimethyl Fumarate〔JAN〕|テクフィデラカプセル,240.0mg,カプセル,テクフィデラカプセル120mg,c81b4811943a
テクリスタマブ（遺伝子組換え）,テクベイリ皮下注153mg,4291475A2020,テクリスタマブ（遺伝子組換え）|テクベイリ皮下注,153.0mg,注射剤,テクベイリ皮下注30mg,60bd445a30d8
カルバマゼピン,テグレトール細粒50％,1139002C1082,カルバマゼピン|テグレトール細粒,50.0%,(不明),,fccd3809ee4c
カルバマゼピン,テグレトール錠200mg,1139002F1062,カルバマゼピン|テグレトール錠,200.0mg,錠,テグレトール錠100mg,fccd3809ee4c
テストステロンエナント酸エステル,テスチノンデポー筋注用250mg,2461400A2083,テストステロンエナント酸エステル|テスチノンデポー筋注用,250.0mg,注射剤,テスチノンデポー筋注用125mg,00ea6b0288e7
アテゾリズマブ（遺伝子組換え）,テセントリク点滴静注1200mg,4291441A1024,アテゾリズマブ（遺伝子組換え）|テセントリク点滴静注,1200.0mg,注射剤,テセントリク点滴静注840mg,bb01d72669b8
テゼペルマブ（遺伝子組換え）製剤,テゼスパイア皮下注210mgペン,2290403G2021,テゼペルマブ（遺伝子組換え）製剤|テゼスパイア皮下注ペン,210.0mg,注射剤,,d85fa03d1d66
ポリエチレングリコール処理抗破傷風人免疫グロブリン,テタノブリンIH静注1500単位,6343433A2031,ポリエチレングリコール処理抗破傷風人免疫グロブリン|テタノブリンIH静注,1500.0単位,注射剤,テタノブリンIH静注250単位,e545b9262ede
ミアンセリン塩酸塩錠,テトラミド錠30mg,1179033F2027,ミアンセリン塩酸塩錠|テトラミド錠,30.0mg,錠,テトラミド錠10mg,9a658b164fdd
テネリグリプチン臭化水素酸塩水和物口腔内崩壊錠,テネリアOD錠40mg,3969015F4028,テネリグリプチン臭化水素酸塩水和物口腔内崩壊錠|テネリアOD錠,40.0mg,OD錠,テネリアOD錠20mg,fa391359ab0e
テネリグリプチン臭化水素酸塩水和物錠,テネリア錠40mg,3969015F2025,テネリグリプチン臭化水素酸塩水和物錠|テネリア錠,40.0mg,錠,テネリア錠20mg,1245101a37e0
テネリグリプチン臭化水素酸塩水和物,テネリグリプチン錠40mg「サワイ」,39690A6F1031,テネリグリプチン臭化水素酸塩水和物|テネリグリプチン錠「サワイ」,40.0mg,錠,テネリグリプチン錠20mg「サワイ」,b74361c636ec
アテノロール,テノーミン錠25,2123011F1155,アテノロール|テノーミン錠25,,錠,,447169814ecb
テプレノン製剤,テプレノン細粒10%「YD」,2329012C1344,テプレノン製剤|テプレノン細粒「YD」,10.0%,(不明),,2f71d1b29409
テプレノン製剤,テプレノン細粒10%「ツルハラ」,2329012C1360,テプレノン製剤|テプレノン細粒「ツルハラ」,10.0%,(不明),,57060d732013
テプレノンカプセル/細粒,テプレノン細粒10%「トーワ」,2329012C1271,テプレノンカプセル/細粒|テプレノン細粒「トーワ」,10.0%,(不明),,ea35552e5976
テプレノン,テプレノン細粒10％「サワイ」,2329012C1328,テプレノン|テプレノン細粒「サワイ」,10.0%,(不明),,b2f5afcfcc10
テモカプリル塩酸塩錠,テモカプリル塩酸塩錠2mg「NP」,2144009F2057,テモカプリル塩酸塩錠|テモカプリル塩酸塩錠「NP」,2.0mg,錠,テモカプリル塩酸塩錠1mg「NP」,cfa8d516aa27
テモカプリル塩酸塩,テモカプリル塩酸塩錠2mg「サワイ」,2144009F2103,テモカプリル塩酸塩|テモカプリル塩酸塩錠「サワイ」,2.0mg,錠,テモカプリル塩酸塩錠1mg「サワイ」,db59fe1c1e48
テモカプリル塩酸塩,テモカプリル塩酸塩錠2mg「フェルゼン」,2144009F2189,テモカプリル塩酸塩|テモカプリル塩酸塩錠「フェルゼン」,2.0mg,錠,テモカプリル塩酸塩錠1mg「フェルゼン」,4096a9719db0
テモカプリル塩酸塩錠,テモカプリル塩酸塩錠4mg「NP」,2144009F3053,テモカプリル塩酸塩錠|テモカプリル塩酸塩錠「NP」,4.0mg,錠,テモカプリル塩酸塩錠1mg「NP」,cfa8d516aa27
テモカプリル塩酸塩,テモカプリル塩酸塩錠4mg「サワイ」,2144009F3100,テモカプリル塩酸塩|テモカプリル塩酸塩錠「サワイ」,4.0mg,錠,テモカプリル塩酸塩錠1mg「サワイ」,db59fe1c1e48
テモカプリル塩酸塩,テモカプリル塩酸塩錠4mg「フェルゼン」,2144009F3185,テモカプリル塩酸塩|テモカプリル塩酸塩錠「フェルゼン」,4.0mg,錠,テモカプリル塩酸塩錠1mg「フェルゼン」,4096a9719db0
テモゾロミド,テモゾロミド錠100mg「NK」,4219004F2021,テモゾロミド|テモゾロミド錠「NK」,100.0mg,錠,テモゾロミド錠20mg「NK」,bf1369abee91
テモゾロミド,テモダールカプセル100mg,4219004M2020,テモゾロミド|テモダールカプセル,100.0mg,カプセル,テモダールカプセル20mg,28079d03551f
テルミサルタン・アムロジピンべシル酸塩錠,テラムロ配合錠BP「DSEP」,2149117F2030,テルミサルタン・アムロジピンべシル酸塩錠|テラムロ配合錠BP「DSEP」,,錠,,561459c4b572
テルミサルタン・アムロジピンベシル酸塩,テラムロ配合錠BP「EE」,2149117F2048,テルミサルタン・アムロジピンベシル酸塩|テラムロ配合錠BP「EE」,,錠,,30aa2287f070
テルミサルタン・アムロジピンベシル酸塩錠,テラムロ配合錠BP「JG」,2149117F2102,テルミサルタン・アムロジピンベシル酸塩錠|テラムロ配合錠BP「JG」,,錠,,6feb23c1c31b
テルミサルタン・アムロジピンベシル酸塩錠,テラムロ配合錠BP「NIG」,2149117F2110,テルミサルタン・アムロジピンベシル酸塩錠|テラムロ配合錠BP「NIG」,,錠,,56198d6d369e
"テルミサルタン
アムロジピンベシル酸塩",テラムロ配合錠BP「サワイ」,2149117F2056,"テルミサルタン
アムロジピンベシル酸塩|テラムロ配合錠BP「サワイ」",,錠,,ab873a71148a
テルミサルタン/アムロジピンベシル酸塩配合錠,テラムロ配合錠BP「トーワ」,2149117F2072,テルミサルタン/アムロジピンベシル酸塩配合錠|テラムロ配合錠BP「トーワ」,,錠,,2e21d0d301f2
テルミサルタン・アムロジピンベシル酸塩配合錠,テラムロ配合錠BP「ニプロ」,2149117F2099,テルミサルタン・アムロジピンベシル酸塩配合錠|テラムロ配合錠BP「ニプロ」,,錠,,7e33acdb0843
"テルミサルタン
アムロジピンベシル酸塩",テラムロ配合錠BP「日医工」,2149117F2080,"テルミサルタン
アムロジピンベシル酸塩|テラムロ配合錠BP「日医工」",,錠,,0611c7c0c429
ピラルビシン,テラルビシン注射用20mg,4235403D2049,ピラルビシン|テラルビシン注射用,20.0mg,注射剤,テラルビシン注射用10mg,bb247ae68a44
テリパラチド酢酸塩,テリボン皮下注用56.5μg（溶解液添付製品）,2439401D2024,テリパラチド酢酸塩|テリボン皮下注用(溶解液添付製品),56.5μg,注射剤,,539426bdc631
"フルチカゾンフランカルボン酸エステル
ウメクリジニウム臭化物
ビランテロールトリフェニル酢酸塩",テリルジー100エリプタ30吸入用,2290804G2029,"フルチカゾンフランカルボン酸エステル
ウメクリジニウム臭化物
ビランテロールトリフェニル酢酸塩|テリルジー100エリプタ30吸入用",,吸入剤,,624a024561d5
"フルチカゾンフランカルボン酸エステル
ウメクリジニウム臭化物
ビランテロールトリフェニル酢酸塩",テリルジー200エリプタ14吸入用,2290804G3025,"フルチカゾンフランカルボン酸エステル
ウメクリジニウム臭化物
ビランテロールトリフェニル酢酸塩|テリルジー200エリプタ14吸入用",,吸入剤,,624a024561d5
"フルチカゾンフランカルボン酸エステル
ウメクリジニウム臭化物
ビランテロールトリフェニル酢酸塩",テリルジー200エリプタ30吸入用,2290804G4021,"フルチカゾンフランカルボン酸エステル
ウメクリジニウム臭化物
ビランテロールトリフェニル酢酸塩|テリルジー200エリプタ30吸入用",,吸入剤,,624a024561d5
テルミサルタン/ヒドロクロロチアジド配合錠,テルチア配合錠BP「DSEP」,2149113F2031,テルミサルタン/ヒドロクロロチアジド配合錠|テルチア配合錠BP「DSEP」,,錠,,302df8dc77ab
テルミサルタン・ヒドロクロロチアジド錠,テルチア配合錠BP「NIG」,2149113F2082,テルミサルタン・ヒドロクロロチアジド錠|テルチア配合錠BP「NIG」,,錠,,2c03ec3781b5
"テルミサルタン
ヒドロクロロチアジド",テルチア配合錠BP「サワイ」,2149113F2040,"テルミサルタン
ヒドロクロロチアジド|テルチア配合錠BP「サワイ」",,錠,,6333fe18e20b
テルミサルタン/ヒドロクロロチアジド配合錠,テルチア配合錠BP「トーワ」,2149113F2066,テルミサルタン/ヒドロクロロチアジド配合錠|テルチア配合錠BP「トーワ」,,錠,,8e8101ac5dfb
テルミサルタンヒドロクロロチアジド,テルチア配合錠BP「日医工」,2149113F2074,テルミサルタンヒドロクロロチアジド|テルチア配合錠BP「日医工」,,錠,,5eced7718c17
チザニジン塩酸塩,テルネリン顆粒0.2％,1249010D1025,チザニジン塩酸塩|テルネリン顆粒,0.2%,顆粒,,66934277ac8e
テルビナフィン塩酸塩,テルビナフィン塩酸塩外用液1％「イワキ」,2659710Q1132,テルビナフィン塩酸塩|テルビナフィン塩酸塩外用液「イワキ」,1.0%,液剤,,6343d74e286d
肝性脳症改善アミノ酸注射液,テルフィス点滴静注（500mL）,3253404A4060,肝性脳症改善アミノ酸注射液|テルフィス点滴静注(),500.0ml,注射剤,テルフィス点滴静注（200mL）,0c32b8a8a18e
テルミサルタン,テルミサルタンOD錠20mg「サワイ」,2149042F4024,テルミサルタン|テルミサルタンOD錠「サワイ」,20.0mg,OD錠,,90e6d9a5061d
テルミサルタン,テルミサルタンOD錠40mg「サワイ」,2149042F5020,テルミサルタン|テルミサルタンOD錠「サワイ」,40.0mg,OD錠,,90e6d9a5061d
テルミサルタン口腔内崩壊錠,テルミサルタンOD錠40mg「トーワ」,2149042F5039,テルミサルタン口腔内崩壊錠|テルミサルタンOD錠「トーワ」,40.0mg,OD錠,テルミサルタンOD錠20mg「トーワ」,3ee314e22ade
テルミサルタン,テルミサルタン錠40mg「DSEP」,2149042F2030,テルミサルタン|テルミサルタン錠「DSEP」,40.0mg,錠,テルミサルタン錠20mg「DSEP」,6234e9060d4f
テルミサルタン錠,テルミサルタン錠40mg「FFP」,2149042F2056,テルミサルタン錠|テルミサルタン錠「FFP」,40.0mg,錠,テルミサルタン錠20mg「FFP」,8653f9213f93
テルミサルタン錠,テルミサルタン錠40mg「JG」,2149042F2064,テルミサルタン錠|テルミサルタン錠「JG」,40.0mg,錠,テルミサルタン錠20mg「JG」,7854085cadf5
テルミサルタン,テルミサルタン錠40mg「NPI」,2149042F2080,テルミサルタン|テルミサルタン錠「NPI」,40.0mg,錠,テルミサルタン錠20mg「NPI」,2f7356b479e3
テルミサルタン錠,テルミサルタン錠40mg「TCK」,2149042F2099,テルミサルタン錠|テルミサルタン錠「TCK」,40.0mg,錠,テルミサルタン錠20mg「TCK」,2837815645d5
テルミサルタン,テルミサルタン錠40mg「VTRS」,2149042F2269,テルミサルタン|テルミサルタン錠「VTRS」,40.0mg,錠,テルミサルタン錠20mg「VTRS」,b5996318953e
テルミサルタン錠,テルミサルタン錠40mg「YD」,2149042F2102,テルミサルタン錠|テルミサルタン錠「YD」,40.0mg,錠,テルミサルタン錠20mg「YD」,729ebe004202
テルミサルタン錠,テルミサルタン錠40mg「オーハラ」,2149042F2110,テルミサルタン錠|テルミサルタン錠「オーハラ」,40.0mg,錠,テルミサルタン錠20mg「オーハラ」,0562b4a8aeb6
テルミサルタン,テルミサルタン錠40mg「ケミファ」,2149042F2137,テルミサルタン|テルミサルタン錠「ケミファ」,40.0mg,錠,テルミサルタン錠20mg「ケミファ」,cc91adbff9bb
テルミサルタン,テルミサルタン錠40mg「サワイ」,2149042F2145,テルミサルタン|テルミサルタン錠「サワイ」,40.0mg,錠,テルミサルタン錠20mg「サワイ」,90e6d9a5061d
テルミサルタン錠,テルミサルタン錠40mg「サンド」,2149042F2153,テルミサルタン錠|テルミサルタン錠「サンド」,40.0mg,錠,テルミサルタン錠20mg「サンド」,4aae607d34ed
テルミサルタン,テルミサルタン錠40mg「ツルハラ」,2149042F2196,テルミサルタン|テルミサルタン錠「ツルハラ」,40.0mg,錠,テルミサルタン錠20mg「ツルハラ」,a9aee8346beb
テルミサルタン錠,テルミサルタン錠40mg「トーワ」,2149042F2200,テルミサルタン錠|テルミサルタン錠「トーワ」,40.0mg,錠,テルミサルタン錠20mg「トーワ」,ee0f170bbb64
テルミサルタン錠,テルミサルタン錠40mg「ニプロ」,2149042F2226,テルミサルタン錠|テルミサルタン錠「ニプロ」,40.0mg,錠,テルミサルタン錠20mg「ニプロ」,1e3db26896f2
テルミサルタン,テルミサルタン錠40mg「フェルゼン」,2149042F2250,テルミサルタン|テルミサルタン錠「フェルゼン」,40.0mg,錠,テルミサルタン錠20mg「フェルゼン」,9021b6af77df
テルミサルタン錠,テルミサルタン錠40mg「三和」,2149042F2161,テルミサルタン錠|テルミサルタン錠「三和」,40.0mg,錠,テルミサルタン錠20mg「三和」,dc0dfebdabf3
テルミサルタン,テルミサルタン錠40mg「日医工」,2149042F2218,テルミサルタン|テルミサルタン錠「日医工」,40.0mg,錠,テルミサルタン錠20mg「日医工」,6377fe4a7f14
テルミサルタン,テルミサルタン錠40mg「明治」,2149042F2242,テルミサルタン|テルミサルタン錠「明治」,40.0mg,錠,テルミサルタン錠20mg「明治」,70a18ee57fe9
テルミサルタン,テルミサルタン錠40mg「杏林」,2149042F2129,テルミサルタン|テルミサルタン錠「杏林」,40.0mg,錠,テルミサルタン錠20mg「杏林」,bdf2f0577369
テルミサルタン,テルミサルタン錠80mg「DSEP」,2149042F3036,テルミサルタン|テルミサルタン錠「DSEP」,80.0mg,錠,テルミサルタン錠20mg「DSEP」,6234e9060d4f
テルミサルタン錠,テルミサルタン錠80mg「FFP」,2149042F3052,テルミサルタン錠|テルミサルタン錠「FFP」,80.0mg,錠,テルミサルタン錠20mg「FFP」,8653f9213f93
テルミサルタン錠,テルミサルタン錠80mg「JG」,2149042F3060,テルミサルタン錠|テルミサルタン錠「JG」,80.0mg,錠,テルミサルタン錠20mg「JG」,7854085cadf5
テルミサルタン,テルミサルタン錠80mg「NPI」,2149042F3087,テルミサルタン|テルミサルタン錠「NPI」,80.0mg,錠,テルミサルタン錠20mg「NPI」,2f7356b479e3
テルミサルタン錠,テルミサルタン錠80mg「TCK」,2149042F3095,テルミサルタン錠|テルミサルタン錠「TCK」,80.0mg,錠,テルミサルタン錠20mg「TCK」,2837815645d5
テルミサルタン,テルミサルタン錠80mg「VTRS」,2149042F3265,テルミサルタン|テルミサルタン錠「VTRS」,80.0mg,錠,テルミサルタン錠20mg「VTRS」,b5996318953e
テルミサルタン錠,テルミサルタン錠80mg「YD」,2149042F3109,テルミサルタン錠|テルミサルタン錠「YD」,80.0mg,錠,テルミサルタン錠20mg「YD」,729ebe004202
テルミサルタン錠,テルミサルタン錠80mg「オーハラ」,2149042F3117,テルミサルタン錠|テルミサルタン錠「オーハラ」,80.0mg,錠,テルミサルタン錠20mg「オーハラ」,0562b4a8aeb6
テルミサルタン,テルミサルタン錠80mg「ケミファ」,2149042F3133,テルミサルタン|テルミサルタン錠「ケミファ」,80.0mg,錠,テルミサルタン錠20mg「ケミファ」,cc91adbff9bb
テルミサルタン,テルミサルタン錠80mg「サワイ」,2149042F3141,テルミサルタン|テルミサルタン錠「サワイ」,80.0mg,錠,テルミサルタン錠20mg「サワイ」,90e6d9a5061d
テルミサルタン錠,テルミサルタン錠80mg「サンド」,2149042F3150,テルミサルタン錠|テルミサルタン錠「サンド」,80.0mg,錠,テルミサルタン錠20mg「サンド」,4aae607d34ed
テルミサルタン,テルミサルタン錠80mg「ツルハラ」,2149042F3192,テルミサルタン|テルミサルタン錠「ツルハラ」,80.0mg,錠,テルミサルタン錠20mg「ツルハラ」,a9aee8346beb
テルミサルタン錠,テルミサルタン錠80mg「トーワ」,2149042F3206,テルミサルタン錠|テルミサルタン錠「トーワ」,80.0mg,錠,テルミサルタン錠20mg「トーワ」,ee0f170bbb64
テルミサルタン錠,テルミサルタン錠80mg「ニプロ」,2149042F3222,テルミサルタン錠|テルミサルタン錠「ニプロ」,80.0mg,錠,テルミサルタン錠20mg「ニプロ」,1e3db26896f2
テルミサルタン,テルミサルタン錠80mg「フェルゼン」,2149042F3257,テルミサルタン|テルミサルタン錠「フェルゼン」,80.0mg,錠,テルミサルタン錠20mg「フェルゼン」,9021b6af77df
テルミサルタン錠,テルミサルタン錠80mg「三和」,2149042F3168,テルミサルタン錠|テルミサルタン錠「三和」,80.0mg,錠,テルミサルタン錠20mg「三和」,dc0dfebdabf3
テルミサルタン,テルミサルタン錠80mg「日医工」,2149042F3214,テルミサルタン|テルミサルタン錠「日医工」,80.0mg,錠,テルミサルタン錠20mg「日医工」,6377fe4a7f14
テルミサルタン,テルミサルタン錠80mg「明治」,2149042F3249,テルミサルタン|テルミサルタン錠「明治」,80.0mg,錠,テルミサルタン錠20mg「明治」,70a18ee57fe9
テルミサルタン,テルミサルタン錠80mg「杏林」,2149042F3125,テルミサルタン|テルミサルタン錠「杏林」,80.0mg,錠,テルミサルタン錠20mg「杏林」,bdf2f0577369
生理食塩液,テルモ生食（1000mL）,3311401H1079,生理食塩液|テルモ生食(),1000.0ml,(不明),テルモ生食（100mL）,6391c03706ca
生理食塩液,テルモ生食（1300mL）,3311401H7034,生理食塩液|テルモ生食(),1300.0ml,(不明),テルモ生食（100mL）,6391c03706ca
生理食塩液,テルモ生食（250mL）,3311401H6054,生理食塩液|テルモ生食(),250.0ml,(不明),テルモ生食（100mL）,6391c03706ca
生理食塩液,テルモ生食（500mL）,3311401A9071,生理食塩液|テルモ生食(),500.0ml,(不明),テルモ生食（100mL）,6391c03706ca
ブドウ糖,テルモ糖注5%（250mL）,3231401J6088,ブドウ糖|テルモ糖注(),5.0%/250.0ml,注射剤,テルモ糖注10%（500mL）; テルモ糖注5%（100mL）,0d6704288045
ブドウ糖,テルモ糖注5%（500mL）,3231401Q3117,ブドウ糖|テルモ糖注(),5.0%/500.0ml,注射剤,テルモ糖注10%（500mL）; テルモ糖注5%（100mL）,0d6704288045
ブドウ糖,テルモ糖注50%（200mL）,3231401J3046,ブドウ糖|テルモ糖注(),50.0%/200.0ml,注射剤,テルモ糖注10%（500mL）; テルモ糖注5%（100mL）,54add9346316
ブドウ糖,テルモ糖注50%（500mL）,3231401J4042,ブドウ糖|テルモ糖注(),50.0%/500.0ml,注射剤,テルモ糖注10%（500mL）; テルモ糖注5%（100mL）,54add9346316
-,テルモ血液バッグCPDA／テルモ血液バッグCPDA　メスコネクター付き（400mL採血用）,333940AX2020,-|テルモ血液バッグCPDA/テルモ血液バッグCPDAメスコネクター付き(採血用),400.0ml,液剤,テルモ血液バッグCPDA／テルモ血液バッグCPDA　メスコネクター付き（200mL採血用）,61429f386b5f
-,テルモ血液バッグMAP液（400mL採血用）,333950CX2035,-|テルモ血液バッグMAP液(採血用),400.0ml,液剤,テルモ血液バッグMAP液（200mL採血用）,774358187f85
スチリペントール,ディアコミットカプセル250mg,1139011M1028,スチリペントール|ディアコミットカプセル,250.0mg,カプセル,,6fc205583ea8
スチリペントール,ディアコミットドライシロップ分包500mg,1139011R2021,スチリペントール|ディアコミットドライシロップ分包,500.0mg,ドライシロップ,ディアコミットドライシロップ分包250mg,6fc205583ea8
バルサルタン,ディオバンOD錠160mg,2149041F8025,バルサルタン|ディオバンOD錠,160.0mg,OD錠,ディオバンOD錠20mg,9f05bfbc057d
バルサルタン,ディオバンOD錠40mg,2149041F6022,バルサルタン|ディオバンOD錠,40.0mg,OD錠,ディオバンOD錠20mg,9f05bfbc057d
バルサルタン,ディオバンOD錠80mg,2149041F7029,バルサルタン|ディオバンOD錠,80.0mg,OD錠,ディオバンOD錠20mg,9f05bfbc057d
バルサルタン,ディオバン錠160mg,2149041F4020,バルサルタン|ディオバン錠,160.0mg,錠,ディオバン錠20mg,b2d0cf27e025
バルサルタン,ディオバン錠40mg,2149041F2027,バルサルタン|ディオバン錠,40.0mg,錠,ディオバン錠20mg,b2d0cf27e025
バルサルタン,ディオバン錠80mg,2149041F3023,バルサルタン|ディオバン錠,80.0mg,錠,ディオバン錠20mg,b2d0cf27e025
レンボレキサント製剤,デエビゴ錠10mg,1190027F3025,レンボレキサント製剤|デエビゴ錠,10.0mg,錠,デエビゴ錠2.5mg,a02d4d768637
レンボレキサント製剤,デエビゴ錠5mg,1190027F2029,レンボレキサント製剤|デエビゴ錠,5.0mg,錠,デエビゴ錠2.5mg,a02d4d768637
デキサメタゾンリン酸エステルナトリウム,デカドロン注射液3.3mg,2454405H3027,デキサメタゾンリン酸エステルナトリウム|デカドロン注射液,3.3mg,注射剤,デカドロン注射液1.65mg,18f58ee682c7
デキサメタゾンリン酸エステルナトリウム,デカドロン注射液6.6mg,2454405H5020,デキサメタゾンリン酸エステルナトリウム|デカドロン注射液,6.6mg,注射剤,デカドロン注射液1.65mg,18f58ee682c7
デキサメタゾン,デカドロン錠4mg,2454002F3020,デキサメタゾン|デカドロン錠,4.0mg,錠,デカドロン錠0.5mg,ab04015becb1
デキサメタゾン製剤,デキサメタゾンクリーム0.1%「イワキ」,2646704N1078,デキサメタゾン製剤|デキサメタゾンクリーム「イワキ」,0.1%,クリーム,,47cc395f992b
デキサメタゾンプロピオン酸エステル,デキサメタゾンプロピオン酸エステルクリーム0.1%「MYK」,2646726N1139,デキサメタゾンプロピオン酸エステル|デキサメタゾンプロピオン酸エステルクリーム「MYK」,0.1%,クリーム,,a36a3c7fc94f
デキサメタゾンプロピオン酸エステル軟膏・クリーム,デキサメタゾンプロピオン酸エステルクリーム0.1%「ラクール」,2646726N1120,デキサメタゾンプロピオン酸エステル軟膏・クリーム|デキサメタゾンプロピオン酸エステルクリーム「ラクール」,0.1%,クリーム,,704cb162db72
デキサメタゾンプロピオン酸エステル,デキサメタゾンプロピオン酸エステルローション0.1%「MYK」,2646726Q1062,デキサメタゾンプロピオン酸エステル|デキサメタゾンプロピオン酸エステルローション「MYK」,0.1%,ローション,,a36a3c7fc94f
デキサメタゾンプロピオン酸エステルクリーム・軟膏,デキサメタゾンプロピオン酸エステル軟膏0.1%「日医工」,2646726M1141,デキサメタゾンプロピオン酸エステルクリーム・軟膏|デキサメタゾンプロピオン酸エステル軟膏「日医工」,0.1%,軟膏,,b6a65d4f7bfb
デキサメタゾン製剤,デキサメタゾンローション0.1%「イワキ」,2646704Q1040,デキサメタゾン製剤|デキサメタゾンローション「イワキ」,0.1%,ローション,,47cc395f992b
デキサメタゾンリン酸エステルナトリウム,デキサート注射液3.3mg,2454405H3035,デキサメタゾンリン酸エステルナトリウム|デキサート注射液,3.3mg,注射剤,デキサート注射液1.65mg,d024334b2934
デキサメタゾンリン酸エステルナトリウム,デキサート注射液6.6mg,2454405H5038,デキサメタゾンリン酸エステルナトリウム|デキサート注射液,6.6mg,注射剤,デキサート注射液1.65mg,d024334b2934
デキストロメトルファン臭化水素酸塩水和物,デキストロメトルファン臭化水素酸塩細粒10%「ツルハラ」,2223001C1045,デキストロメトルファン臭化水素酸塩水和物|デキストロメトルファン臭化水素酸塩細粒「ツルハラ」,10.0%,(不明),,485c22d3e511
デクスメデトミジン塩酸塩静注液,デクスメデトミジン静注液200μg/50mLシリンジ「ニプロ」,1129400G1049,デクスメデトミジン塩酸塩静注液|デクスメデトミジン静注液/シリンジ「ニプロ」,200.0μg/50.0ml,注射剤,,41221cc205b5
エムトリシタビン・テノホビル アラフェナミドフマル酸塩配合錠,デシコビ配合錠HT,6250111F2029,エムトリシタビン・テノホビル アラフェナミドフマル酸塩配合錠|デシコビ配合錠HT,,錠,,1607f0018f6f
トラゾドン塩酸塩,デジレル錠50,1179037F2033,トラゾドン塩酸塩|デジレル錠50,,錠,,6bf807124518
ブナゾシン塩酸塩,デタントールR錠6mg,2149015G2020,ブナゾシン塩酸塩|デタントールR錠,6.0mg,錠,デタントールR錠3mg,948565b2eb30
ブナゾシン塩酸塩製剤,デタントール錠1mg,2149015F2024,ブナゾシン塩酸塩製剤|デタントール錠,1.0mg,錠,デタントール錠0.5mg,575b9b171714
ブドウ糖-食塩液（開始液）,デノサリン1輸液（500mL）,3319501A3053,ブドウ糖-食塩液（開始液）|デノサリン1輸液(),500.0ml,液剤,デノサリン1輸液（200mL）,fac7bf86ae59
デノパミン,デノパミン錠10mg「日医工」,2119004F2051,デノパミン|デノパミン錠「日医工」,10.0mg,錠,デノパミン錠5mg「日医工」,f8055412131f
バルプロ酸ナトリウム徐放錠,デパケンR錠200mg,1139004G2063,バルプロ酸ナトリウム徐放錠|デパケンR錠,200.0mg,錠,デパケンR錠100mg,937d29e8f92c
バルプロ酸ナトリウム細粒,デパケン細粒40%,1139004C2061,バルプロ酸ナトリウム細粒|デパケン細粒,40.0%,(不明),デパケン細粒20%,ad8e75cb4264
バルプロ酸ナトリウム錠,デパケン錠200mg,1139004F2173,バルプロ酸ナトリウム錠|デパケン錠,200.0mg,錠,デパケン錠100mg,2c93f4caaf24
エチゾラム錠・細粒,デパス細粒1%,1179025C1054,エチゾラム錠・細粒|デパス細粒,1.0%,(不明),,a28db348ec17
エチゾラム錠・細粒,デパス錠0.5mg,1179025F1026,エチゾラム錠・細粒|デパス錠,0.5mg,錠,デパス錠0.25mg,a28db348ec17
エチゾラム錠・細粒,デパス錠1mg,1179025F2022,エチゾラム錠・細粒|デパス錠,1.0mg,錠,デパス錠0.25mg,a28db348ec17
デフェラシロクス,デフェラシロクス顆粒分包360mg「サワイ」,3929008D2045,デフェラシロクス|デフェラシロクス顆粒分包「サワイ」,360.0mg,顆粒,デフェラシロクス顆粒分包90mg「サワイ」,0c414fca2700
デフェラシロクス顆粒,デフェラシロクス顆粒分包360mg「サンド」,3929008D2037,デフェラシロクス顆粒|デフェラシロクス顆粒分包「サンド」,360.0mg,顆粒,デフェラシロクス顆粒分包90mg「サンド」,dc6d81f3bc47
フルボキサミンマレイン酸塩,デプロメール錠50,1179039F2024,フルボキサミンマレイン酸塩|デプロメール錠50,,錠,,42e5c8a1738e
フルボキサミンマレイン酸塩,デプロメール錠75,1179039F3020,フルボキサミンマレイン酸塩|デプロメール錠75,,錠,,42e5c8a1738e
メチルプレドニゾロン酢酸エステル,デポ・メドロール水懸注40mg,2456402C2040,メチルプレドニゾロン酢酸エステル|デポ・メドロール水懸注,40.0mg,注射剤,デポ・メドロール水懸注20mg,f3c5a309bcda
デュタステリドカプセル,デュタステリドカプセル0.5mgZA「トーワ」,249900AM2038,デュタステリドカプセル|デュタステリドカプセルZA「トーワ」,0.5mg,カプセル,デュタステリドカプセル0.1mgZA「トーワ」,0bd21546e300
デュタステリド,デュタステリド錠0.5mgZA「NS」,249900AF2020,デュタステリド|デュタステリド錠ZA「NS」,0.5mg,錠,デュタステリド錠0.1mgZA「NS」,0ed44c19a302
デュピルマブ（遺伝子組換え）製剤,デュピクセント皮下注200mgシリンジ,4490405G3027,デュピルマブ（遺伝子組換え）製剤|デュピクセント皮下注シリンジ,200.0mg,注射剤,,31f6958b774a
デュピルマブ（遺伝子組換え）製剤,デュピクセント皮下注200mgペン,4490405G4023,デュピルマブ（遺伝子組換え）製剤|デュピクセント皮下注ペン,200.0mg,注射剤,デュピクセント皮下注300mgペン,31f6958b774a
デュピルマブ（遺伝子組換え）製剤,デュピクセント皮下注300mgシリンジ,4490405G1024,デュピルマブ（遺伝子組換え）製剤|デュピクセント皮下注シリンジ,300.0mg,注射剤,,31f6958b774a
デュロキセチン塩酸塩,デュロキセチンOD錠20mg「明治」,1179052F3034,デュロキセチン塩酸塩|デュロキセチンOD錠「明治」,20.0mg,OD錠,,0926d0bda80d
デュロキセチン塩酸塩口腔内崩壊錠,デュロキセチンOD錠30mg「ニプロ」,1179052F4022,デュロキセチン塩酸塩口腔内崩壊錠|デュロキセチンOD錠「ニプロ」,30.0mg,OD錠,デュロキセチンOD錠20mg「ニプロ」,005164cc3a33
デュロキセチン塩酸塩,デュロキセチンOD錠30mg「明治」,1179052F4030,デュロキセチン塩酸塩|デュロキセチンOD錠「明治」,30.0mg,OD錠,,0926d0bda80d
デュロキセチン塩酸塩カプセル,デュロキセチンカプセル30mg「DSEP」,1179052M2037,デュロキセチン塩酸塩カプセル|デュロキセチンカプセル「DSEP」,30.0mg,カプセル,デュロキセチンカプセル20mg「DSEP」,8b0bf810c16a
デュロキセチン塩酸塩カプセル,デュロキセチンカプセル30mg「JG」,1179052M2045,デュロキセチン塩酸塩カプセル|デュロキセチンカプセル「JG」,30.0mg,カプセル,デュロキセチンカプセル20mg「JG」,128613e8a63b
デュロキセチン塩酸塩,デュロキセチンカプセル30mg「KMP」,1179052M2053,デュロキセチン塩酸塩|デュロキセチンカプセル「KMP」,30.0mg,カプセル,デュロキセチンカプセル20mg「KMP」,9d993bdc3b77
デュロキセチン塩酸塩カプセル,デュロキセチンカプセル30mg「YD」,1179052M2061,デュロキセチン塩酸塩カプセル|デュロキセチンカプセル「YD」,30.0mg,カプセル,デュロキセチンカプセル20mg「YD」,97d3ef70dcb0
デュロキセチン塩酸塩,デュロキセチンカプセル30mg「アメル」,1179052M2070,デュロキセチン塩酸塩|デュロキセチンカプセル「アメル」,30.0mg,カプセル,デュロキセチンカプセル20mg「アメル」,5b72d5bcf258
デュロキセチン塩酸塩カプセル,デュロキセチンカプセル30mg「オーハラ」,1179052M2088,デュロキセチン塩酸塩カプセル|デュロキセチンカプセル「オーハラ」,30.0mg,カプセル,デュロキセチンカプセル20mg「オーハラ」,a0a2db8b91d5
デュロキセチン塩酸塩,デュロキセチンカプセル30mg「サワイ」,1179052M2096,デュロキセチン塩酸塩|デュロキセチンカプセル「サワイ」,30.0mg,カプセル,デュロキセチンカプセル20mg「サワイ」,56d41c6e7461
デュロキセチン塩酸塩,デュロキセチンカプセル30mg「タカタ」,1179052M2100,デュロキセチン塩酸塩|デュロキセチンカプセル「タカタ」,30.0mg,カプセル,デュロキセチンカプセル20mg「タカタ」,3420049f04b9
デュロキセチン塩酸塩カプセル,デュロキセチンカプセル30mg「トーワ」,1179052M2118,デュロキセチン塩酸塩カプセル|デュロキセチンカプセル「トーワ」,30.0mg,カプセル,デュロキセチンカプセル20mg「トーワ」,33e3167ba187
デュロキセチン塩酸塩カプセル,デュロキセチンカプセル30mg「ニプロ」,1179052M2134,デュロキセチン塩酸塩カプセル|デュロキセチンカプセル「ニプロ」,30.0mg,カプセル,デュロキセチンカプセル20mg「ニプロ」,c802ba1707ae
デュロキセチン塩酸塩カプセル,デュロキセチンカプセル30mg「フェルゼン」,1179052M2142,デュロキセチン塩酸塩カプセル|デュロキセチンカプセル「フェルゼン」,30.0mg,カプセル,デュロキセチンカプセル20mg「フェルゼン」,0740770ffcbb
デュロキセチン塩酸塩カプセル,デュロキセチンカプセル30mg「三笠」,1179052M2150,デュロキセチン塩酸塩カプセル|デュロキセチンカプセル「三笠」,30.0mg,カプセル,デュロキセチンカプセル20mg「三笠」,606d9ba55f75
デュロキセチン塩酸塩カプセル,デュロキセチンカプセル30mg「日医工G」,1179052M2177,デュロキセチン塩酸塩カプセル|デュロキセチンカプセル「日医工G」,30.0mg,カプセル,デュロキセチンカプセル20mg「日医工G」,1d5dcc04271b
デュロキセチン塩酸塩カプセル,デュロキセチンカプセル30mg「日新」,1179052M2126,デュロキセチン塩酸塩カプセル|デュロキセチンカプセル「日新」,30.0mg,カプセル,デュロキセチンカプセル20mg「日新」,ea942d680b42
デュロキセチン塩酸塩,デュロキセチンカプセル30mg「明治」,1179052M2169,デュロキセチン塩酸塩|デュロキセチンカプセル「明治」,30.0mg,カプセル,デュロキセチンカプセル20mg「明治」,0926d0bda80d
デュロキセチン塩酸塩,デュロキセチンカプセル30mg「杏林」,1179052M2185,デュロキセチン塩酸塩|デュロキセチンカプセル「杏林」,30.0mg,カプセル,デュロキセチンカプセル20mg「杏林」,990baec6112c
デュロキセチン塩酸塩錠,デュロキセチン錠30mg「ケミファ」,1179052F2020,デュロキセチン塩酸塩錠|デュロキセチン錠「ケミファ」,30.0mg,錠,デュロキセチン錠20mg「ケミファ」,94f9f7ba5094
デュロキセチン塩酸塩錠,デュロキセチン錠30mg「トーワ」,1179052F2038,デュロキセチン塩酸塩錠|デュロキセチン錠「トーワ」,30.0mg,錠,デュロキセチン錠20mg「トーワ」,0fb805c1acf9
フェンタニル,デュロテップMTパッチ12.6mg,8219700S8025,フェンタニル|デュロテップMTパッチ,12.6mg,(不明),デュロテップMTパッチ2.1mg,bbf2e402adb5
フェンタニル,デュロテップMTパッチ16.8mg,8219700S9021,フェンタニル|デュロテップMTパッチ,16.8mg,(不明),デュロテップMTパッチ2.1mg,bbf2e402adb5
フェンタニル,デュロテップMTパッチ4.2mg,8219700S6022,フェンタニル|デュロテップMTパッチ,4.2mg,(不明),デュロテップMTパッチ2.1mg,bbf2e402adb5
フェンタニル,デュロテップMTパッチ8.4mg,8219700S7029,フェンタニル|デュロテップMTパッチ,8.4mg,(不明),デュロテップMTパッチ2.1mg,bbf2e402adb5
グリチルレチン酸製剤,デルマクリンクリーム1%,2649720N1028,グリチルレチン酸製剤|デルマクリンクリーム,1.0%,クリーム,,4a1f3ab3ffed
ベタメタゾンジプロピオン酸エステル,デルモゾールDPクリーム0.064%,2646703N1111,ベタメタゾンジプロピオン酸エステル|デルモゾールDPクリーム,0.064%,クリーム,,e1cb93d8c590
ベタメタゾン吉草酸エステル・ゲンタマイシン硫酸塩,デルモゾールGクリーム,2647709N1043,ベタメタゾン吉草酸エステル・ゲンタマイシン硫酸塩|デルモゾールGクリーム,,クリーム,,a50a256af3dc
クロベタゾールプロピオン酸エステル,デルモベートクリーム0.05%,2646713N1123,クロベタゾールプロピオン酸エステル|デルモベートクリーム,0.05%,クリーム,,7648955b5069
トコフェロール酢酸エステル,トコフェロール酢酸エステル顆粒20%「ツルハラ」,3150002D1068,トコフェロール酢酸エステル|トコフェロール酢酸エステル顆粒「ツルハラ」,20.0%,顆粒,,a9d5558d49b3
トシリズマブ（遺伝子組換え）［トシリズマブ後続1］製剤,トシリズマブBS点滴静注200mg「CT」,6399435A2028,トシリズマブ（遺伝子組換え）［トシリズマブ後続1］製剤|トシリズマブBS点滴静注「CT」,200.0mg,注射剤,トシリズマブBS点滴静注80mg「CT」,c8a2478a87fc
トシリズマブ（遺伝子組換え）［トシリズマブ後続2］注,トシリズマブBS点滴静注200mg「MA」,6399436A2022,トシリズマブ（遺伝子組換え）［トシリズマブ後続2］注|トシリズマブBS点滴静注「MA」,200.0mg,注射剤,トシリズマブBS点滴静注80mg「MA」,9940b7f3cc88
トシリズマブ（遺伝子組換え）［トシリズマブ後続1］製剤,トシリズマブBS点滴静注400mg「CT」,6399435A3024,トシリズマブ（遺伝子組換え）［トシリズマブ後続1］製剤|トシリズマブBS点滴静注「CT」,400.0mg,注射剤,トシリズマブBS点滴静注80mg「CT」,c8a2478a87fc
トシリズマブ（遺伝子組換え）［トシリズマブ後続2］注,トシリズマブBS点滴静注400mg「MA」,6399436A3029,トシリズマブ（遺伝子組換え）［トシリズマブ後続2］注|トシリズマブBS点滴静注「MA」,400.0mg,注射剤,トシリズマブBS点滴静注80mg「MA」,9940b7f3cc88
トシリズマブ（遺伝子組換え）［トシリズマブ後続1］製剤,トシリズマブBS皮下注162mgオートインジェクター「CT」,63994B1G2029,トシリズマブ（遺伝子組換え）［トシリズマブ後続1］製剤|トシリズマブBS皮下注オートインジェクター「CT」,162.0mg,注射剤,,cf12df2f7bd9
トシリズマブ（遺伝子組換え）［トシリズマブ後続2］注,トシリズマブBS皮下注162mgオートインジェクター「MA」,63994B3G2028,トシリズマブ（遺伝子組換え）［トシリズマブ後続2］注|トシリズマブBS皮下注オートインジェクター「MA」,162.0mg,注射剤,,56370e11fb6a
トスフロキサシントシル酸塩錠,トスフロキサシントシル酸塩錠150mg「TCK」,6241010F2051,トスフロキサシントシル酸塩錠|トスフロキサシントシル酸塩錠「TCK」,150.0mg,錠,トスフロキサシントシル酸塩錠75mg「TCK」,ed906c8f0ce2
トスフロキサシントシル酸塩水和物,トスフロキサシントシル酸塩錠150mg「サワイ」,6241010F2086,トスフロキサシントシル酸塩水和物|トスフロキサシントシル酸塩錠「サワイ」,150.0mg,錠,トスフロキサシントシル酸塩錠75mg「サワイ」,621d494aa06e
フェソテロジンフマル酸塩,トビエース錠8mg,2590015G2028,フェソテロジンフマル酸塩|トビエース錠,8.0mg,錠,トビエース錠4mg,1c677ed837ce
トピラマート,トピナ錠100mg,1139008F2023,トピラマート|トピナ錠,100.0mg,錠,トピナ錠25mg,5980797b2c66
トピラマート,トピナ錠50mg,1139008F1027,トピラマート|トピナ錠,50.0mg,錠,トピナ錠25mg,5980797b2c66
トピラマート,トピラマート錠100mg「アメル」,1139008F2031,トピラマート|トピラマート錠「アメル」,100.0mg,錠,トピラマート錠25mg「アメル」,95c682ee6c4e
トピラマート,トピラマート錠50mg「アメル」,1139008F1035,トピラマート|トピラマート錠「アメル」,50.0mg,錠,トピラマート錠25mg「アメル」,95c682ee6c4e
トピロキソスタット,トピロリック錠40mg,3949004F2032,トピロキソスタット|トピロリック錠,40.0mg,錠,トピロリック錠20mg,ea75abac6b38
トピロキソスタット,トピロリック錠60mg,3949004F3039,トピロキソスタット|トピロリック錠,60.0mg,錠,トピロリック錠20mg,ea75abac6b38
イミプラミン塩酸塩錠,トフラニール錠25mg,1174006F2074,イミプラミン塩酸塩錠|トフラニール錠,25.0mg,錠,トフラニール錠10mg,715fb896f30f
トブラマイシン注射液,トブラシン注90mg,6123401A3026,トブラマイシン注射液|トブラシン注,90.0mg,注射剤,トブラシン注60mg,8de114723dfe
トブラマイシン注射液,トブラシン注小児用10mg,6123401A1031,トブラマイシン注射液|トブラシン注小児用,10.0mg,注射剤,,8de114723dfe
フルオシノニド製剤,トプシム軟膏0.05%,2646708M1216,フルオシノニド製剤|トプシム軟膏,0.05%,軟膏,,c693b6cfa941
イリノテカン塩酸塩水和物,トポテシン点滴静注100mg,4240404A2098,イリノテカン塩酸塩水和物|トポテシン点滴静注,100.0mg,注射剤,トポテシン点滴静注40mg,9aea21e7f8cd
フェノフィブラート,トライコア錠80mg,2183006F4038,フェノフィブラート|トライコア錠,80.0mg,錠,トライコア錠53.3mg,73e32c469d27
トラスツズマブ（遺伝子組換え）［トラスツズマブ後続1］製剤,トラスツズマブBS点滴静注用150mg「NK」,4291442D2030,トラスツズマブ（遺伝子組換え）［トラスツズマブ後続1］製剤|トラスツズマブBS点滴静注用「NK」,150.0mg,注射剤,トラスツズマブBS点滴静注用60mg「NK」,0b00f0968e96
トラスツズマブ（遺伝子組換え）［トラスツズマブ後続3］,トラスツズマブBS点滴静注用150mg「ファイザー」,4291447D2024,トラスツズマブ（遺伝子組換え）［トラスツズマブ後続3］|トラスツズマブBS点滴静注用「ファイザー」,150.0mg,注射剤,トラスツズマブBS点滴静注用60mg「ファイザー」,66baaee0ebdf
トラセミド口腔内崩壊錠,トラセミドOD錠8mg「TE」,2139009F4025,トラセミド口腔内崩壊錠|トラセミドOD錠「TE」,8.0mg,OD錠,トラセミドOD錠4mg「TE」,31cc1ff4969c
トラセミド,トラセミド錠8mg「KO」,2139009F2030,トラセミド|トラセミド錠「KO」,8.0mg,錠,トラセミド錠4mg「KO」,19591f39378d
トラゾドン塩酸塩,トラゾドン塩酸塩錠50mg「アメル」,1179037F2050,トラゾドン塩酸塩|トラゾドン塩酸塩錠「アメル」,50.0mg,錠,トラゾドン塩酸塩錠25mg「アメル」,60a5dedd6d61
"エンパグリフロジン
リナグリプチン",トラディアンス配合錠BP,3969108F2023,"エンパグリフロジン
リナグリプチン|トラディアンス配合錠BP",,錠,,858a5f3e6962
トラネキサム酸,トラネキサム酸注1000mg/10mL「日新」,3327401A4274,トラネキサム酸|トラネキサム酸注/「日新」,1000.0mg/10.0ml,注射剤,トラネキサム酸注250mg/5mL「日新」,138eab065ca9
トラネキサム酸錠,トラネキサム酸錠500mg「YD」,3327002F2050,トラネキサム酸錠|トラネキサム酸錠「YD」,500.0mg,錠,トラネキサム酸錠250mg「YD」,b6b2bdde0589
トラピジル,トラピジル錠100mg「サワイ」,2171012F2404,トラピジル|トラピジル錠「サワイ」,100.0mg,錠,トラピジル錠50mg「サワイ」,dbbe5e92bea2
トラピジル錠,トラピジル錠100mg「トーワ」,2171012F2366,トラピジル錠|トラピジル錠「トーワ」,100.0mg,錠,トラピジル錠50mg「トーワ」,60c0cc47fcec
トラマドール塩酸塩口腔内崩壊錠,トラマドール塩酸塩OD錠50mg「KO」,1149038F2039,トラマドール塩酸塩口腔内崩壊錠|トラマドール塩酸塩OD錠「KO」,50.0mg,OD錠,トラマドール塩酸塩OD錠25mg「KO」,2f7f323622a2
トラマドール塩酸塩口腔内崩壊錠,トラマールOD錠50mg,1149038F2020,トラマドール塩酸塩口腔内崩壊錠|トラマールOD錠,50.0mg,OD錠,トラマールOD錠25mg,d024871bbb24
トラネキサム酸散,トランサミンカプセル250mg,3327002M1303,トラネキサム酸散|トランサミンカプセル,250.0mg,カプセル,,1d18d87c1313
トラネキサム酸散,トランサミン散50%,3327002B1027,トラネキサム酸散|トランサミン散,50.0%,散剤,,1d18d87c1313
トラネキサム酸,トランサミン注10%,3327401A2069,トラネキサム酸|トランサミン注,10.0%,注射剤,トランサミン注5%,772d1546324f
トラネキサム酸,トランサミン注10%,3327401A4185,トラネキサム酸|トランサミン注,10.0%,注射剤,トランサミン注5%,772d1546324f
トラネキサム酸散,トランサミン錠500mg,3327002F2041,トラネキサム酸散|トランサミン錠,500.0mg,錠,トランサミン錠250mg,1d18d87c1313
ラベタロール塩酸塩,トランデート錠100mg,2149009F2037,ラベタロール塩酸塩|トランデート錠,100.0mg,錠,トランデート錠50mg,2eb90bf211a4
トランドラプリル,トランドラプリル錠1mg「サワイ」,2144011F2097,トランドラプリル|トランドラプリル錠「サワイ」,1.0mg,錠,トランドラプリル錠0.5mg「サワイ」,1a2c9ca7238c
トリアゾラム,トリアゾラム錠0.25mg「CH」,1124007F2247,トリアゾラム|トリアゾラム錠「CH」,0.25mg,錠,トリアゾラム錠0.125mg「CH」,91588f0ec2f6
トリアゾラム錠,トリアゾラム錠0.25mg「TCK」,1124007F2204,トリアゾラム錠|トリアゾラム錠「TCK」,0.25mg,錠,トリアゾラム錠0.125mg「TCK」,ee2d20cab288
トリアゾラム,トリアゾラム錠0.25mg「日医工」,1124007F2239,トリアゾラム|トリアゾラム錠「日医工」,0.25mg,錠,トリアゾラム錠0.125mg「日医工」,5886a0511a85
トリアゾラム,トリアゾラム錠0.25mg「日新」,1124007F2263,トリアゾラム|トリアゾラム錠「日新」,0.25mg,錠,トリアゾラム錠0.125mg「日新」,9f6bfda78cc4
トリアムシノロンアセトニド製剤,トリアムシノロンアセトニドクリーム0.1%「TK」,2646705N1102,トリアムシノロンアセトニド製剤|トリアムシノロンアセトニドクリーム「TK」,0.1%,クリーム,,91b0fdb8353c
トリクロルメチアジド錠,トリクロルメチアジド錠2mg「NP」,2132003F1400,トリクロルメチアジド錠|トリクロルメチアジド錠「NP」,2.0mg,錠,トリクロルメチアジド錠1mg「NP」,bed2cb8a91af
トリクロルメチアジド錠,トリクロルメチアジド錠2mg「トーワ」,2132003F1460,トリクロルメチアジド錠|トリクロルメチアジド錠「トーワ」,2.0mg,錠,トリクロルメチアジド錠1mg「トーワ」,b3ba99c33a78
電解質輸液（維持液10.5％複合糖加）,トリフリード輸液,3319558A3037,電解質輸液（維持液10.5％複合糖加）|トリフリード輸液,,液剤,トリフリード輸液,5f78bd355f65
アミトリプチリン塩酸塩錠,トリプタノール錠25,1179002F2072,アミトリプチリン塩酸塩錠|トリプタノール錠25,,錠,,31e36b67f3d1
トリメブチンマレイン酸塩,トリメブチンマレイン酸塩細粒20%「ツルハラ」,2399006C1190,トリメブチンマレイン酸塩|トリメブチンマレイン酸塩細粒「ツルハラ」,20.0%,(不明),,9cd28a139b8b
ピロヘプチン塩酸塩製剤,トリモール細粒2%,1169003C1035,ピロヘプチン塩酸塩製剤|トリモール細粒,2.0%,(不明),,35449495b77c
ペルフェナジン,トリラホン散1％,1172007B1033,ペルフェナジン|トリラホン散,1.0%,散剤,,7a480902b995
ペルフェナジン,トリラホン錠4mg,1172006F2045,ペルフェナジン|トリラホン錠,4.0mg,錠,トリラホン錠2mg,7a480902b995
ペルフェナジン,トリラホン錠8mg,1172006F3033,ペルフェナジン|トリラホン錠,8.0mg,錠,トリラホン錠2mg,7a480902b995
ボルチオキセチン臭化水素酸塩錠,トリンテリックス錠20mg,1179060F2024,ボルチオキセチン臭化水素酸塩錠|トリンテリックス錠,20.0mg,錠,トリンテリックス錠10mg,82ac7e3f3f79
カピバセルチブ錠,トルカプ錠200mg,4291082F2024,カピバセルチブ錠|トルカプ錠,200.0mg,錠,トルカプ錠160mg,40ab22fcb8bb
ドルゾラミド塩酸塩点眼液,トルソプト点眼液1％,1319738Q2020,ドルゾラミド塩酸塩点眼液|トルソプト点眼液,1.0%,点眼剤,トルソプト点眼液0.5％,729a927e6bd7
トルバプタン口腔内崩壊錠,トルバプタンOD錠15mg「DSEP」,2139011F4030,トルバプタン口腔内崩壊錠|トルバプタンOD錠「DSEP」,15.0mg,OD錠,トルバプタンOD錠7.5mg「DSEP」,d2c86146bb3c
トルバプタン口腔内崩壊錠,トルバプタンOD錠15mg「オーツカ」,2139011F4065,トルバプタン口腔内崩壊錠|トルバプタンOD錠「オーツカ」,15.0mg,OD錠,トルバプタンOD錠7.5mg「オーツカ」,940a4e5ef484
トルバプタン,トルバプタンOD錠15mg「サワイ」,2139011F4073,トルバプタン|トルバプタンOD錠「サワイ」,15.0mg,OD錠,トルバプタンOD錠7.5mg「サワイ」,f1e4943b19e4
トルバプタン口腔内崩壊錠/顆粒,トルバプタンOD錠15mg「トーワ」,2139011F4081,トルバプタン口腔内崩壊錠/顆粒|トルバプタンOD錠「トーワ」,15.0mg,OD錠,トルバプタンOD錠7.5mg「トーワ」,1a8986955f1f
トルバプタン口腔内崩壊錠,トルバプタンOD錠15mg「ニプロ」,2139011F4090,トルバプタン口腔内崩壊錠|トルバプタンOD錠「ニプロ」,15.0mg,OD錠,トルバプタンOD錠3.75mg「ニプロ」; トルバプタンOD錠7.5mg「ニプロ」,4be1ccf78d8f
トルバプタン口腔内崩壊錠,トルバプタンOD錠30mg「DSEP」,24990A2F1057,トルバプタン口腔内崩壊錠|トルバプタンOD錠「DSEP」,30.0mg,OD錠,トルバプタンOD錠7.5mg「DSEP」,d2c86146bb3c
トルバプタン口腔内崩壊錠,トルバプタンOD錠30mg「TE」,24990A2F1073,トルバプタン口腔内崩壊錠|トルバプタンOD錠「TE」,30.0mg,OD錠,トルバプタンOD錠15mg「TE」; トルバプタンOD錠3.75mg「TE」,664af28caf10
トルバプタン口腔内崩壊錠,トルバプタンOD錠30mg「オーツカ」,24990A2F1081,トルバプタン口腔内崩壊錠|トルバプタンOD錠「オーツカ」,30.0mg,OD錠,トルバプタンOD錠7.5mg「オーツカ」,940a4e5ef484
トルバプタン,トルバプタンOD錠30mg「サワイ」,24990A2F1030,トルバプタン|トルバプタンOD錠「サワイ」,30.0mg,OD錠,トルバプタンOD錠7.5mg「サワイ」,f1e4943b19e4
トルバプタン口腔内崩壊錠/顆粒,トルバプタンOD錠30mg「トーワ」,24990A2F1049,トルバプタン口腔内崩壊錠/顆粒|トルバプタンOD錠「トーワ」,30.0mg,OD錠,トルバプタンOD錠7.5mg「トーワ」,1a8986955f1f
トルバプタン口腔内崩壊錠,トルバプタンOD錠30mg「ニプロ」,24990A2F1065,トルバプタン口腔内崩壊錠|トルバプタンOD錠「ニプロ」,30.0mg,OD錠,トルバプタンOD錠3.75mg「ニプロ」; トルバプタンOD錠7.5mg「ニプロ」,53e86c5c828e
トルバプタン口腔内崩壊錠,トルバプタンOD錠7.5mg「TE」,2139011F3042,トルバプタン口腔内崩壊錠|トルバプタンOD錠「TE」,7.5mg,OD錠,トルバプタンOD錠15mg「TE」; トルバプタンOD錠3.75mg「TE」,664af28caf10
トルバプタン,トルバプタン顆粒1%「サワイ」,2139011D1049,トルバプタン|トルバプタン顆粒「サワイ」,1.0%,顆粒,,f1e4943b19e4
トルバプタン口腔内崩壊錠/顆粒,トルバプタン顆粒1%「トーワ」,2139011D1030,トルバプタン口腔内崩壊錠/顆粒|トルバプタン顆粒「トーワ」,1.0%,顆粒,,1a8986955f1f
デュラグルチド（遺伝子組換え）注射液,トルリシティ皮下注1.5mgアテオス,2499416G2025,デュラグルチド（遺伝子組換え）注射液|トルリシティ皮下注アテオス,1.5mg,注射剤,トルリシティ皮下注0.75mgアテオス,e6112f11b9f7
ベンダムスチン塩酸塩,トレアキシン点滴静注用100mg,4219405D1021,ベンダムスチン塩酸塩|トレアキシン点滴静注用,100.0mg,注射剤,トレアキシン点滴静注用25mg,e122cd321a85
ミルナシプラン塩酸塩,トレドミン錠15mg,1179040F1136,ミルナシプラン塩酸塩|トレドミン錠,15.0mg,錠,トレドミン錠12.5mg,e2fcdd062197
ミルナシプラン塩酸塩,トレドミン錠25mg,1179040F2132,ミルナシプラン塩酸塩|トレドミン錠,25.0mg,錠,トレドミン錠12.5mg,e2fcdd062197
ミルナシプラン塩酸塩,トレドミン錠50mg,1179040F4020,ミルナシプラン塩酸塩|トレドミン錠,50.0mg,錠,トレドミン錠12.5mg,e2fcdd062197
トレプロスチニル,トレプロスト注射液100mg,2190416A3027,トレプロスチニル|トレプロスト注射液,100.0mg,注射剤,トレプロスト注射液20mg,bd7c459fe6e1
トレプロスチニル,トレプロスト注射液200mg,2190416A4023,トレプロスチニル|トレプロスト注射液,200.0mg,注射剤,トレプロスト注射液20mg,bd7c459fe6e1
トレプロスチニル,トレプロスト注射液50mg,2190416A2020,トレプロスチニル|トレプロスト注射液,50.0mg,注射剤,トレプロスト注射液20mg,bd7c459fe6e1
グセルクマブ（遺伝子組換え）,トレムフィア皮下注200mgシリンジ,3999446G2028,グセルクマブ（遺伝子組換え）|トレムフィア皮下注シリンジ,200.0mg,注射剤,トレムフィア皮下注100mgシリンジ,20e2ea26c211
グセルクマブ（遺伝子組換え）,トレムフィア皮下注200mgペン,3999446G3024,グセルクマブ（遺伝子組換え）|トレムフィア皮下注ペン,200.0mg,注射剤,,20e2ea26c211
ゾニサミド,トレリーフOD錠50mg,1169015F3029,ゾニサミド|トレリーフOD錠,50.0mg,OD錠,トレリーフOD錠25mg,95516d6f4847
-,トレーランG液75g,7290003S1044,-|トレーランG液,75.0g,液剤,トレーランG液50g,984330a504ac
チミペロン製剤,トロペロン細粒1%,1179026C1040,チミペロン製剤|トロペロン細粒,1.0%,(不明),,a2e94010298e
チミペロン製剤,トロペロン錠1mg,1179026F2027,チミペロン製剤|トロペロン錠,1.0mg,錠,トロペロン錠0.5mg,a2e94010298e
チミペロン製剤,トロペロン錠3mg,1179026F3023,チミペロン製剤|トロペロン錠,3.0mg,錠,トロペロン錠0.5mg,a2e94010298e
トロンビン,トロンビン液モチダ ソフトボトル1万,3323702Q3020,トロンビン|トロンビン液モチダソフトボトル1万,,液剤,,2bbb909e33cb
トロンビン,トロンビン経口・外用剤1万「F」,3323701X4124,トロンビン|トロンビン経口・外用剤1万「F」,,(不明),,a08a54b57ff2
ドキサゾシンメシル酸塩,ドキサゾシン錠1mg「EMEC」,2149026F2251,ドキサゾシンメシル酸塩|ドキサゾシン錠「EMEC」,1.0mg,錠,ドキサゾシン錠0.5mg「EMEC」,9227065f13f0
ドキサゾシンメシル酸塩,ドキサゾシン錠1mg「JG」,2149026F2243,ドキサゾシンメシル酸塩|ドキサゾシン錠「JG」,1.0mg,錠,ドキサゾシン錠0.5mg「JG」,2175c2674936
ドキサゾシンメシル酸塩,ドキサゾシン錠1mg「NS」,2149026F2260,ドキサゾシンメシル酸塩|ドキサゾシン錠「NS」,1.0mg,錠,ドキサゾシン錠0.5mg「NS」,0f77d441f165
ドキサゾシンメシル酸塩錠,ドキサゾシン錠1mg「TCK」,2149026F2286,ドキサゾシンメシル酸塩錠|ドキサゾシン錠「TCK」,1.0mg,錠,ドキサゾシン錠0.5mg「TCK」,b570e9b23cdd
ドキサゾシンメシル酸塩,ドキサゾシン錠1mg「VTRS」,2149026F2332,ドキサゾシンメシル酸塩|ドキサゾシン錠「VTRS」,1.0mg,錠,ドキサゾシン錠0.5mg「VTRS」,fa3f29583237
ドキサゾシンメシル酸塩,ドキサゾシン錠1mg「アメル」,2149026F2197,ドキサゾシンメシル酸塩|ドキサゾシン錠「アメル」,1.0mg,錠,ドキサゾシン錠0.5mg「アメル」,cdb6ca373383
ドキサゾシンメシル酸塩,ドキサゾシン錠1mg「サワイ」,2149026F2200,ドキサゾシンメシル酸塩|ドキサゾシン錠「サワイ」,1.0mg,錠,ドキサゾシン錠0.5mg「サワイ」,0f070e28930c
ドキサゾシンメシル酸塩錠,ドキサゾシン錠1mg「テバ」,2149026F2278,ドキサゾシンメシル酸塩錠|ドキサゾシン錠「テバ」,1.0mg,錠,ドキサゾシン錠0.5mg「テバ」,56c28ec59f10
ドキサゾシンメシル酸塩錠,ドキサゾシン錠1mg「トーワ」,2149026F2235,ドキサゾシンメシル酸塩錠|ドキサゾシン錠「トーワ」,1.0mg,錠,ドキサゾシン錠0.5mg「トーワ」,0e465e003f22
ドキサゾシンメシル酸塩錠,ドキサゾシン錠1mg「ニプロ」,2149026F2324,ドキサゾシンメシル酸塩錠|ドキサゾシン錠「ニプロ」,1.0mg,錠,ドキサゾシン錠0.5mg「ニプロ」,c3d09cd1a0ac
ドキサゾシンメシル酸塩,ドキサゾシン錠2mg「EMEC」,2149026F3258,ドキサゾシンメシル酸塩|ドキサゾシン錠「EMEC」,2.0mg,錠,ドキサゾシン錠0.5mg「EMEC」,9227065f13f0
ドキサゾシンメシル酸塩,ドキサゾシン錠2mg「JG」,2149026F3240,ドキサゾシンメシル酸塩|ドキサゾシン錠「JG」,2.0mg,錠,ドキサゾシン錠0.5mg「JG」,2175c2674936
ドキサゾシンメシル酸塩,ドキサゾシン錠2mg「NS」,2149026F3266,ドキサゾシンメシル酸塩|ドキサゾシン錠「NS」,2.0mg,錠,ドキサゾシン錠0.5mg「NS」,0f77d441f165
ドキサゾシンメシル酸塩錠,ドキサゾシン錠2mg「TCK」,2149026F3282,ドキサゾシンメシル酸塩錠|ドキサゾシン錠「TCK」,2.0mg,錠,ドキサゾシン錠0.5mg「TCK」,b570e9b23cdd
ドキサゾシンメシル酸塩,ドキサゾシン錠2mg「VTRS」,2149026F3339,ドキサゾシンメシル酸塩|ドキサゾシン錠「VTRS」,2.0mg,錠,ドキサゾシン錠0.5mg「VTRS」,fa3f29583237
ドキサゾシンメシル酸塩錠,ドキサゾシン錠2mg「YD」,2149026F3185,ドキサゾシンメシル酸塩錠|ドキサゾシン錠「YD」,2.0mg,錠,ドキサゾシン錠0.5mg「YD」; ドキサゾシン錠1mg「YD」,9255cd438739
ドキサゾシンメシル酸塩,ドキサゾシン錠2mg「アメル」,2149026F3193,ドキサゾシンメシル酸塩|ドキサゾシン錠「アメル」,2.0mg,錠,ドキサゾシン錠0.5mg「アメル」,cdb6ca373383
ドキサゾシンメシル酸塩,ドキサゾシン錠2mg「サワイ」,2149026F3207,ドキサゾシンメシル酸塩|ドキサゾシン錠「サワイ」,2.0mg,錠,ドキサゾシン錠0.5mg「サワイ」,0f070e28930c
ドキサゾシンメシル酸塩錠,ドキサゾシン錠2mg「テバ」,2149026F3274,ドキサゾシンメシル酸塩錠|ドキサゾシン錠「テバ」,2.0mg,錠,ドキサゾシン錠0.5mg「テバ」,56c28ec59f10
ドキサゾシンメシル酸塩錠,ドキサゾシン錠2mg「トーワ」,2149026F3231,ドキサゾシンメシル酸塩錠|ドキサゾシン錠「トーワ」,2.0mg,錠,ドキサゾシン錠0.5mg「トーワ」,0e465e003f22
ドキサゾシンメシル酸塩錠,ドキサゾシン錠2mg「ニプロ」,2149026F3320,ドキサゾシンメシル酸塩錠|ドキサゾシン錠「ニプロ」,2.0mg,錠,ドキサゾシン錠0.5mg「ニプロ」,c3d09cd1a0ac
ドキサゾシンメシル酸塩,ドキサゾシン錠4mg「EMEC」,2149026F4122,ドキサゾシンメシル酸塩|ドキサゾシン錠「EMEC」,4.0mg,錠,ドキサゾシン錠0.5mg「EMEC」,9227065f13f0
ドキサゾシンメシル酸塩,ドキサゾシン錠4mg「JG」,2149026F4203,ドキサゾシンメシル酸塩|ドキサゾシン錠「JG」,4.0mg,錠,ドキサゾシン錠0.5mg「JG」,2175c2674936
ドキサゾシンメシル酸塩,ドキサゾシン錠4mg「NS」,2149026F4211,ドキサゾシンメシル酸塩|ドキサゾシン錠「NS」,4.0mg,錠,ドキサゾシン錠0.5mg「NS」,0f77d441f165
ドキサゾシンメシル酸塩錠,ドキサゾシン錠4mg「TCK」,2149026F4238,ドキサゾシンメシル酸塩錠|ドキサゾシン錠「TCK」,4.0mg,錠,ドキサゾシン錠0.5mg「TCK」,b570e9b23cdd
ドキサゾシンメシル酸塩,ドキサゾシン錠4mg「VTRS」,2149026F4289,ドキサゾシンメシル酸塩|ドキサゾシン錠「VTRS」,4.0mg,錠,ドキサゾシン錠0.5mg「VTRS」,fa3f29583237
ドキサゾシンメシル酸塩錠,ドキサゾシン錠4mg「YD」,2149026F4130,ドキサゾシンメシル酸塩錠|ドキサゾシン錠「YD」,4.0mg,錠,ドキサゾシン錠0.5mg「YD」; ドキサゾシン錠1mg「YD」,e2a0a56fd91b
ドキサゾシンメシル酸塩,ドキサゾシン錠4mg「アメル」,2149026F4092,ドキサゾシンメシル酸塩|ドキサゾシン錠「アメル」,4.0mg,錠,ドキサゾシン錠0.5mg「アメル」,cdb6ca373383
ドキサゾシンメシル酸塩,ドキサゾシン錠4mg「サワイ」,2149026F4149,ドキサゾシンメシル酸塩|ドキサゾシン錠「サワイ」,4.0mg,錠,ドキサゾシン錠0.5mg「サワイ」,0f070e28930c
ドキサゾシンメシル酸塩錠,ドキサゾシン錠4mg「テバ」,2149026F4220,ドキサゾシンメシル酸塩錠|ドキサゾシン錠「テバ」,4.0mg,錠,ドキサゾシン錠0.5mg「テバ」,56c28ec59f10
ドキサゾシンメシル酸塩錠,ドキサゾシン錠4mg「トーワ」,2149026F4190,ドキサゾシンメシル酸塩錠|ドキサゾシン錠「トーワ」,4.0mg,錠,ドキサゾシン錠0.5mg「トーワ」,0e465e003f22
ドキサゾシンメシル酸塩錠,ドキサゾシン錠4mg「ニプロ」,2149026F4270,ドキサゾシンメシル酸塩錠|ドキサゾシン錠「ニプロ」,4.0mg,錠,ドキサゾシン錠0.5mg「ニプロ」,c3d09cd1a0ac
ドキソルビシン塩酸塩,ドキソルビシン塩酸塩注射液50mg「サンド」,4235402A3028,ドキソルビシン塩酸塩|ドキソルビシン塩酸塩注射液「サンド」,50.0mg,注射剤,ドキソルビシン塩酸塩注射液10mg「サンド」,5b7ad1958565
ドキソルビシン塩酸塩,ドキソルビシン塩酸塩注射用50mg「NK」,4235402D2028,ドキソルビシン塩酸塩|ドキソルビシン塩酸塩注射用「NK」,50.0mg,注射剤,ドキソルビシン塩酸塩注射用10mg「NK」,e0e0228e4d91
スルピリド,ドグマチール細粒50％,2329009C3078,スルピリド|ドグマチール細粒,50.0%,(不明),ドグマチール細粒10％,fbddbf7170e2
スルピリド,ドグマチール錠200mg,1179016F2090,スルピリド|ドグマチール錠,200.0mg,錠,ドグマチール錠100mg,d224aadc1f42
スルピリド,ドグマチール錠50mg,2329009F1110,スルピリド|ドグマチール錠,50.0mg,錠,ドグマチール錠100mg,289985123505
ドセタキセル注射液,ドセタキセル点滴静注80mg/4mL「ニプロ」,4240405A4109,ドセタキセル注射液|ドセタキセル点滴静注/「ニプロ」,80.0mg/4.0ml,注射剤,ドセタキセル点滴静注20mg/1mL「ニプロ」,f21c13063954
ドセタキセル水和物,ドセタキセル点滴静注液120mg/12mL「ホスピーラ」,4240405A7027,ドセタキセル水和物|ドセタキセル点滴静注液/「ホスピーラ」,120.0mg/12.0ml,注射剤,ドセタキセル点滴静注液20mg/2mL「ホスピーラ」,10cfb6e8a6a9
ドセタキセル,ドセタキセル点滴静注液80mg/4mL「NK」,4240405A4079,ドセタキセル|ドセタキセル点滴静注液/「NK」,80.0mg/4.0ml,注射剤,ドセタキセル点滴静注液20mg/1mL「NK」,b86ab0aac7ce
ドセタキセル注射液,ドセタキセル点滴静注液80mg/8mL「サンド」,4240405A6020,ドセタキセル注射液|ドセタキセル点滴静注液/「サンド」,80.0mg/8.0ml,注射剤,ドセタキセル点滴静注液20mg/2mL「サンド」,7ceb4ef5ff82
ドセタキセル水和物,ドセタキセル点滴静注液80mg/8mL「ホスピーラ」,4240405A6039,ドセタキセル水和物|ドセタキセル点滴静注液/「ホスピーラ」,80.0mg/8.0ml,注射剤,ドセタキセル点滴静注液20mg/2mL「ホスピーラ」,10cfb6e8a6a9
ドネペジル塩酸塩口腔内崩壊錠,ドネペジル塩酸塩OD錠10mg「DSEP」,1190012F6036,ドネペジル塩酸塩口腔内崩壊錠|ドネペジル塩酸塩OD錠「DSEP」,10.0mg,OD錠,ドネペジル塩酸塩OD錠3mg「DSEP」,603b85ef9c6d
ドネペジル塩酸塩,ドネペジル塩酸塩OD錠10mg「FFP」,1190012F6052,ドネペジル塩酸塩|ドネペジル塩酸塩OD錠「FFP」,10.0mg,OD錠,ドネペジル塩酸塩OD錠3mg「FFP」,09fb47840297
ドネペジル塩酸塩口腔内崩壊錠,ドネペジル塩酸塩OD錠10mg「NP」,1190012F6087,ドネペジル塩酸塩口腔内崩壊錠|ドネペジル塩酸塩OD錠「NP」,10.0mg,OD錠,ドネペジル塩酸塩OD錠3mg「NP」,987db1189b8a
ドネペジル塩酸塩口腔内崩壊錠,ドネペジル塩酸塩OD錠10mg「TCK」,1190012F6109,ドネペジル塩酸塩口腔内崩壊錠|ドネペジル塩酸塩OD錠「TCK」,10.0mg,OD錠,ドネペジル塩酸塩OD錠3mg「TCK」,08c673ed4a8a
ドネペジル塩酸塩口腔内崩壊錠,ドネペジル塩酸塩OD錠10mg「YD」,1190012F6125,ドネペジル塩酸塩口腔内崩壊錠|ドネペジル塩酸塩OD錠「YD」,10.0mg,OD錠,ドネペジル塩酸塩OD錠3mg「YD」,2681753e5d87
ドネペジル塩酸塩,ドネペジル塩酸塩OD錠10mg「ZE」,1190012F6133,ドネペジル塩酸塩|ドネペジル塩酸塩OD錠「ZE」,10.0mg,OD錠,ドネペジル塩酸塩OD錠3mg「ZE」,56f8744c756a
ドネペジル塩酸塩,ドネペジル塩酸塩OD錠10mg「アメル」,1190012F6141,ドネペジル塩酸塩|ドネペジル塩酸塩OD錠「アメル」,10.0mg,OD錠,ドネペジル塩酸塩OD錠3mg「アメル」,cd4582d71138
ドネペジル塩酸塩,ドネペジル塩酸塩OD錠10mg「オーハラ」,1190012F6150,ドネペジル塩酸塩|ドネペジル塩酸塩OD錠「オーハラ」,10.0mg,OD錠,ドネペジル塩酸塩OD錠3mg「オーハラ」,acea54e5a284
ドネペジル塩酸塩口腔内崩壊錠,ドネペジル塩酸塩OD錠10mg「クニヒロ」,1190012F6303,ドネペジル塩酸塩口腔内崩壊錠|ドネペジル塩酸塩OD錠「クニヒロ」,10.0mg,OD錠,ドネペジル塩酸塩OD錠3mg「クニヒロ」,6371596513e2
ドネペジル塩酸塩,ドネペジル塩酸塩OD錠10mg「ケミファ」,1190012F6184,ドネペジル塩酸塩|ドネペジル塩酸塩OD錠「ケミファ」,10.0mg,OD錠,ドネペジル塩酸塩OD錠3mg「ケミファ」,cb61c58eb974
ドネペジル塩酸塩,ドネペジル塩酸塩OD錠10mg「サワイ」,1190012F6192,ドネペジル塩酸塩|ドネペジル塩酸塩OD錠「サワイ」,10.0mg,OD錠,ドネペジル塩酸塩OD錠3mg「サワイ」,698bef55d68c
ドネペジル塩酸塩口腔内崩壊錠,ドネペジル塩酸塩OD錠10mg「サンド」,1190012F6206,ドネペジル塩酸塩口腔内崩壊錠|ドネペジル塩酸塩OD錠「サンド」,10.0mg,OD錠,ドネペジル塩酸塩OD錠3mg「サンド」,6411655da96e
ドネペジル塩酸塩,ドネペジル塩酸塩OD錠10mg「タカタ」,1190012F6214,ドネペジル塩酸塩|ドネペジル塩酸塩OD錠「タカタ」,10.0mg,OD錠,ドネペジル塩酸塩OD錠3mg「タカタ」,aafe1a325762
ドネペジル塩酸塩口腔内崩壊錠,ドネペジル塩酸塩OD錠10mg「テバ」,1190012F6230,ドネペジル塩酸塩口腔内崩壊錠|ドネペジル塩酸塩OD錠「テバ」,10.0mg,OD錠,ドネペジル塩酸塩OD錠3mg「テバ」,01da1903ac43
ドネペジル塩酸塩口腔内崩壊錠,ドネペジル塩酸塩OD錠10mg「トーワ」,1190012F6249,ドネペジル塩酸塩口腔内崩壊錠|ドネペジル塩酸塩OD錠「トーワ」,10.0mg,OD錠,ドネペジル塩酸塩OD錠3mg「トーワ」,64614b5a87ae
ドネペジル塩酸塩口腔内崩壊錠,ドネペジル塩酸塩OD錠10mg「ニプロ」,1190012F6311,ドネペジル塩酸塩口腔内崩壊錠|ドネペジル塩酸塩OD錠「ニプロ」,10.0mg,OD錠,ドネペジル塩酸塩OD錠3mg「ニプロ」,61ffb0fb180e
ドネペジル塩酸塩,ドネペジル塩酸塩OD錠10mg「日医工」,1190012F6257,ドネペジル塩酸塩|ドネペジル塩酸塩OD錠「日医工」,10.0mg,OD錠,ドネペジル塩酸塩OD錠3mg「日医工」,6e1b2679b857
ドネペジル塩酸塩,ドネペジル塩酸塩OD錠10mg「日新」,1190012F6265,ドネペジル塩酸塩|ドネペジル塩酸塩OD錠「日新」,10.0mg,OD錠,ドネペジル塩酸塩OD錠3mg「日新」,fbcd037fd62d
ドネペジル塩酸塩,ドネペジル塩酸塩OD錠10mg「明治」,1190012F6273,ドネペジル塩酸塩|ドネペジル塩酸塩OD錠「明治」,10.0mg,OD錠,,b05e6a66e294
ドネペジル塩酸塩,ドネペジル塩酸塩OD錠10mg「杏林」,1190012F6176,ドネペジル塩酸塩|ドネペジル塩酸塩OD錠「杏林」,10.0mg,OD錠,ドネペジル塩酸塩OD錠3mg「杏林」,4c8a3d59c213
ドネペジル塩酸塩,ドネペジル塩酸塩OD錠10mg「科研」,1190012F6168,ドネペジル塩酸塩|ドネペジル塩酸塩OD錠「科研」,10.0mg,OD錠,ドネペジル塩酸塩OD錠3mg「科研」,8a2fa1484b22
ドネペジル塩酸塩,ドネペジル塩酸塩OD錠3mg「明治」,1190012F3240,ドネペジル塩酸塩|ドネペジル塩酸塩OD錠「明治」,3.0mg,OD錠,,b05e6a66e294
ドネペジル塩酸塩口腔内崩壊錠,ドネペジル塩酸塩OD錠5mg「DSEP」,1190012F4270,ドネペジル塩酸塩口腔内崩壊錠|ドネペジル塩酸塩OD錠「DSEP」,5.0mg,OD錠,ドネペジル塩酸塩OD錠3mg「DSEP」,603b85ef9c6d
ドネペジル塩酸塩,ドネペジル塩酸塩OD錠5mg「FFP」,1190012F4041,ドネペジル塩酸塩|ドネペジル塩酸塩OD錠「FFP」,5.0mg,OD錠,ドネペジル塩酸塩OD錠3mg「FFP」,09fb47840297
ドネペジル塩酸塩口腔内崩壊錠,ドネペジル塩酸塩OD錠5mg「NP」,1190012F4076,ドネペジル塩酸塩口腔内崩壊錠|ドネペジル塩酸塩OD錠「NP」,5.0mg,OD錠,ドネペジル塩酸塩OD錠3mg「NP」,987db1189b8a
ドネペジル塩酸塩口腔内崩壊錠,ドネペジル塩酸塩OD錠5mg「TCK」,1190012F4084,ドネペジル塩酸塩口腔内崩壊錠|ドネペジル塩酸塩OD錠「TCK」,5.0mg,OD錠,ドネペジル塩酸塩OD錠3mg「TCK」,08c673ed4a8a
ドネペジル塩酸塩口腔内崩壊錠,ドネペジル塩酸塩OD錠5mg「YD」,1190012F4092,ドネペジル塩酸塩口腔内崩壊錠|ドネペジル塩酸塩OD錠「YD」,5.0mg,OD錠,ドネペジル塩酸塩OD錠3mg「YD」,2681753e5d87
ドネペジル塩酸塩,ドネペジル塩酸塩OD錠5mg「ZE」,1190012F4106,ドネペジル塩酸塩|ドネペジル塩酸塩OD錠「ZE」,5.0mg,OD錠,ドネペジル塩酸塩OD錠3mg「ZE」,56f8744c756a
ドネペジル塩酸塩,ドネペジル塩酸塩OD錠5mg「アメル」,1190012F4114,ドネペジル塩酸塩|ドネペジル塩酸塩OD錠「アメル」,5.0mg,OD錠,ドネペジル塩酸塩OD錠3mg「アメル」,cd4582d71138
ドネペジル塩酸塩,ドネペジル塩酸塩OD錠5mg「オーハラ」,1190012F4297,ドネペジル塩酸塩|ドネペジル塩酸塩OD錠「オーハラ」,5.0mg,OD錠,ドネペジル塩酸塩OD錠3mg「オーハラ」,acea54e5a284
ドネペジル塩酸塩口腔内崩壊錠,ドネペジル塩酸塩OD錠5mg「クニヒロ」,1190012F4335,ドネペジル塩酸塩口腔内崩壊錠|ドネペジル塩酸塩OD錠「クニヒロ」,5.0mg,OD錠,ドネペジル塩酸塩OD錠3mg「クニヒロ」,6371596513e2
ドネペジル塩酸塩,ドネペジル塩酸塩OD錠5mg「ケミファ」,1190012F4149,ドネペジル塩酸塩|ドネペジル塩酸塩OD錠「ケミファ」,5.0mg,OD錠,ドネペジル塩酸塩OD錠3mg「ケミファ」,cb61c58eb974
ドネペジル塩酸塩,ドネペジル塩酸塩OD錠5mg「サワイ」,1190012F4165,ドネペジル塩酸塩|ドネペジル塩酸塩OD錠「サワイ」,5.0mg,OD錠,ドネペジル塩酸塩OD錠3mg「サワイ」,698bef55d68c
ドネペジル塩酸塩口腔内崩壊錠,ドネペジル塩酸塩OD錠5mg「サンド」,1190012F4319,ドネペジル塩酸塩口腔内崩壊錠|ドネペジル塩酸塩OD錠「サンド」,5.0mg,OD錠,ドネペジル塩酸塩OD錠3mg「サンド」,6411655da96e
ドネペジル塩酸塩,ドネペジル塩酸塩OD錠5mg「タカタ」,1190012F4181,ドネペジル塩酸塩|ドネペジル塩酸塩OD錠「タカタ」,5.0mg,OD錠,ドネペジル塩酸塩OD錠3mg「タカタ」,aafe1a325762
ドネペジル塩酸塩口腔内崩壊錠,ドネペジル塩酸塩OD錠5mg「テバ」,1190012F4327,ドネペジル塩酸塩口腔内崩壊錠|ドネペジル塩酸塩OD錠「テバ」,5.0mg,OD錠,ドネペジル塩酸塩OD錠3mg「テバ」,01da1903ac43
ドネペジル塩酸塩口腔内崩壊錠,ドネペジル塩酸塩OD錠5mg「トーワ」,1190012F4203,ドネペジル塩酸塩口腔内崩壊錠|ドネペジル塩酸塩OD錠「トーワ」,5.0mg,OD錠,ドネペジル塩酸塩OD錠3mg「トーワ」,64614b5a87ae
ドネペジル塩酸塩口腔内崩壊錠,ドネペジル塩酸塩OD錠5mg「ニプロ」,1190012F4343,ドネペジル塩酸塩口腔内崩壊錠|ドネペジル塩酸塩OD錠「ニプロ」,5.0mg,OD錠,ドネペジル塩酸塩OD錠3mg「ニプロ」,61ffb0fb180e
ドネペジル塩酸塩,ドネペジル塩酸塩OD錠5mg「日医工」,1190012F4211,ドネペジル塩酸塩|ドネペジル塩酸塩OD錠「日医工」,5.0mg,OD錠,ドネペジル塩酸塩OD錠3mg「日医工」,6e1b2679b857
ドネペジル塩酸塩,ドネペジル塩酸塩OD錠5mg「日新」,1190012F4220,ドネペジル塩酸塩|ドネペジル塩酸塩OD錠「日新」,5.0mg,OD錠,ドネペジル塩酸塩OD錠3mg「日新」,fbcd037fd62d
ドネペジル塩酸塩,ドネペジル塩酸塩OD錠5mg「明治」,1190012F4246,ドネペジル塩酸塩|ドネペジル塩酸塩OD錠「明治」,5.0mg,OD錠,,b05e6a66e294
ドネペジル塩酸塩,ドネペジル塩酸塩OD錠5mg「杏林」,1190012F4130,ドネペジル塩酸塩|ドネペジル塩酸塩OD錠「杏林」,5.0mg,OD錠,ドネペジル塩酸塩OD錠3mg「杏林」,4c8a3d59c213
ドネペジル塩酸塩,ドネペジル塩酸塩OD錠5mg「科研」,1190012F4122,ドネペジル塩酸塩|ドネペジル塩酸塩OD錠「科研」,5.0mg,OD錠,ドネペジル塩酸塩OD錠3mg「科研」,8a2fa1484b22
ドネペジル塩酸塩,ドネペジル塩酸塩内服ゼリー10mg「日医工」,1190012Q3046,ドネペジル塩酸塩|ドネペジル塩酸塩内服ゼリー「日医工」,10.0mg,(不明),ドネペジル塩酸塩内服ゼリー3mg「日医工」,7ae60c928cb2
ドネペジル塩酸塩,ドネペジル塩酸塩内服ゼリー5mg「日医工」,1190012Q2040,ドネペジル塩酸塩|ドネペジル塩酸塩内服ゼリー「日医工」,5.0mg,(不明),ドネペジル塩酸塩内服ゼリー3mg「日医工」,7ae60c928cb2
ドネペジル塩酸塩内用液,ドネペジル塩酸塩内用液10mg「トーワ」,1190012S3035,ドネペジル塩酸塩内用液|ドネペジル塩酸塩内用液「トーワ」,10.0mg,液剤,ドネペジル塩酸塩内用液3mg「トーワ」,01d7696d6c2e
ドネペジル塩酸塩内用液,ドネペジル塩酸塩内用液5mg「トーワ」,1190012S2020,ドネペジル塩酸塩内用液|ドネペジル塩酸塩内用液「トーワ」,5.0mg,液剤,ドネペジル塩酸塩内用液3mg「トーワ」,01d7696d6c2e
ドネペジル塩酸塩,ドネペジル塩酸塩細粒0.5％「サワイ」,1190012C1046,ドネペジル塩酸塩|ドネペジル塩酸塩細粒「サワイ」,0.5%,(不明),,5a25bc242c36
ドネペジル塩酸塩,ドネペジル塩酸塩錠10mg「DSEP」,1190012F5048,ドネペジル塩酸塩|ドネペジル塩酸塩錠「DSEP」,10.0mg,錠,ドネペジル塩酸塩錠3mg「DSEP」,8df939813e58
ドネペジル塩酸塩,ドネペジル塩酸塩錠10mg「FFP」,1190012F5064,ドネペジル塩酸塩|ドネペジル塩酸塩錠「FFP」,10.0mg,錠,ドネペジル塩酸塩錠3mg「FFP」,7e0c1b0d4dce
ドネペジル塩酸塩錠,ドネペジル塩酸塩錠10mg「NP」,1190012F5080,ドネペジル塩酸塩錠|ドネペジル塩酸塩錠「NP」,10.0mg,錠,ドネペジル塩酸塩錠3mg「NP」,a72008719954
ドネペジル塩酸塩,ドネペジル塩酸塩錠10mg「TSU」,1190012F5110,ドネペジル塩酸塩|ドネペジル塩酸塩錠「TSU」,10.0mg,錠,ドネペジル塩酸塩錠3mg「TSU」,4cc95a6c7ed2
ドネペジル塩酸塩,ドネペジル塩酸塩錠10mg「オーハラ」,1190012F5153,ドネペジル塩酸塩|ドネペジル塩酸塩錠「オーハラ」,10.0mg,錠,ドネペジル塩酸塩錠3mg「オーハラ」,344811603b45
日本薬局方　ドネペジル塩酸塩錠,ドネペジル塩酸塩錠10mg「クニヒロ」,1190012F5277,日本薬局方　ドネペジル塩酸塩錠|ドネペジル塩酸塩錠「クニヒロ」,10.0mg,錠,ドネペジル塩酸塩錠3mg「クニヒロ」,6dd2dea2321f
ドネペジル塩酸塩,ドネペジル塩酸塩錠10mg「ケミファ」,1190012F5188,ドネペジル塩酸塩|ドネペジル塩酸塩錠「ケミファ」,10.0mg,錠,ドネペジル塩酸塩錠3mg「ケミファ」,e454fc8e074a
ドネペジル塩酸塩,ドネペジル塩酸塩錠10mg「サワイ」,1190012F5196,ドネペジル塩酸塩|ドネペジル塩酸塩錠「サワイ」,10.0mg,錠,ドネペジル塩酸塩錠3mg「サワイ」,5a25bc242c36
ドネペジル塩酸塩,ドネペジル塩酸塩錠10mg「タカタ」,1190012F5200,ドネペジル塩酸塩|ドネペジル塩酸塩錠「タカタ」,10.0mg,錠,ドネペジル塩酸塩錠3mg「タカタ」,4f491638740c
ドネペジル塩酸塩錠,ドネペジル塩酸塩錠10mg「トーワ」,1190012F5234,ドネペジル塩酸塩錠|ドネペジル塩酸塩錠「トーワ」,10.0mg,錠,ドネペジル塩酸塩錠3mg「トーワ」,cf871bbaed33
ドネペジル塩酸塩,ドネペジル塩酸塩錠10mg「日医工」,1190012F5242,ドネペジル塩酸塩|ドネペジル塩酸塩錠「日医工」,10.0mg,錠,ドネペジル塩酸塩錠3mg「日医工」,87790b0d2f85
ドネペジル塩酸塩,ドネペジル塩酸塩錠10mg「日新」,1190012F5250,ドネペジル塩酸塩|ドネペジル塩酸塩錠「日新」,10.0mg,錠,ドネペジル塩酸塩錠3mg「日新」,bb029149caad
ドネペジル塩酸塩,ドネペジル塩酸塩錠10mg「明治」,1190012F5269,ドネペジル塩酸塩|ドネペジル塩酸塩錠「明治」,10.0mg,錠,ドネペジル塩酸塩錠3mg「明治」,b05e6a66e294
ドネペジル塩酸塩,ドネペジル塩酸塩錠10mg「杏林」,1190012F5170,ドネペジル塩酸塩|ドネペジル塩酸塩錠「杏林」,10.0mg,錠,ドネペジル塩酸塩錠3mg「杏林」,11b866e52eaf
ドネペジル塩酸塩,ドネペジル塩酸塩錠5mg「DSEP」,1190012F2049,ドネペジル塩酸塩|ドネペジル塩酸塩錠「DSEP」,5.0mg,錠,ドネペジル塩酸塩錠3mg「DSEP」,8df939813e58
ドネペジル塩酸塩,ドネペジル塩酸塩錠5mg「FFP」,1190012F2065,ドネペジル塩酸塩|ドネペジル塩酸塩錠「FFP」,5.0mg,錠,ドネペジル塩酸塩錠3mg「FFP」,7e0c1b0d4dce
ドネペジル塩酸塩錠,ドネペジル塩酸塩錠5mg「NP」,1190012F2081,ドネペジル塩酸塩錠|ドネペジル塩酸塩錠「NP」,5.0mg,錠,ドネペジル塩酸塩錠3mg「NP」,a72008719954
ドネペジル塩酸塩,ドネペジル塩酸塩錠5mg「TSU」,1190012F2103,ドネペジル塩酸塩|ドネペジル塩酸塩錠「TSU」,5.0mg,錠,ドネペジル塩酸塩錠3mg「TSU」,4cc95a6c7ed2
ドネペジル塩酸塩,ドネペジル塩酸塩錠5mg「オーハラ」,1190012F2138,ドネペジル塩酸塩|ドネペジル塩酸塩錠「オーハラ」,5.0mg,錠,ドネペジル塩酸塩錠3mg「オーハラ」,344811603b45
日本薬局方　ドネペジル塩酸塩錠,ドネペジル塩酸塩錠5mg「クニヒロ」,1190012F2324,日本薬局方　ドネペジル塩酸塩錠|ドネペジル塩酸塩錠「クニヒロ」,5.0mg,錠,ドネペジル塩酸塩錠3mg「クニヒロ」,6dd2dea2321f
ドネペジル塩酸塩,ドネペジル塩酸塩錠5mg「ケミファ」,1190012F2162,ドネペジル塩酸塩|ドネペジル塩酸塩錠「ケミファ」,5.0mg,錠,ドネペジル塩酸塩錠3mg「ケミファ」,a27673b13cb4
ドネペジル塩酸塩,ドネペジル塩酸塩錠5mg「サワイ」,1190012F2189,ドネペジル塩酸塩|ドネペジル塩酸塩錠「サワイ」,5.0mg,錠,ドネペジル塩酸塩錠3mg「サワイ」,5a25bc242c36
ドネペジル塩酸塩,ドネペジル塩酸塩錠5mg「タカタ」,1190012F2219,ドネペジル塩酸塩|ドネペジル塩酸塩錠「タカタ」,5.0mg,錠,ドネペジル塩酸塩錠3mg「タカタ」,4f491638740c
ドネペジル塩酸塩錠,ドネペジル塩酸塩錠5mg「トーワ」,1190012F2235,ドネペジル塩酸塩錠|ドネペジル塩酸塩錠「トーワ」,5.0mg,錠,ドネペジル塩酸塩錠3mg「トーワ」,cf871bbaed33
ドネペジル塩酸塩,ドネペジル塩酸塩錠5mg「日医工」,1190012F2243,ドネペジル塩酸塩|ドネペジル塩酸塩錠「日医工」,5.0mg,錠,ドネペジル塩酸塩錠3mg「日医工」,87790b0d2f85
ドネペジル塩酸塩,ドネペジル塩酸塩錠5mg「日新」,1190012F2251,ドネペジル塩酸塩|ドネペジル塩酸塩錠「日新」,5.0mg,錠,ドネペジル塩酸塩錠3mg「日新」,bb029149caad
ドネペジル塩酸塩,ドネペジル塩酸塩錠5mg「明治」,1190012F2278,ドネペジル塩酸塩|ドネペジル塩酸塩錠「明治」,5.0mg,錠,ドネペジル塩酸塩錠3mg「明治」,b05e6a66e294
ドネペジル塩酸塩,ドネペジル塩酸塩錠5mg「杏林」,1190012F2154,ドネペジル塩酸塩|ドネペジル塩酸塩錠「杏林」,5.0mg,錠,ドネペジル塩酸塩錠3mg「杏林」,11b866e52eaf
レボドパカルビドパ水和物,ドパコール配合錠L100,1169101F1170,レボドパカルビドパ水和物|ドパコール配合錠L100,,錠,,805540619530
レボドパカルビドパ水和物,ドパコール配合錠L250,1169101F2070,レボドパカルビドパ水和物|ドパコール配合錠L250,,錠,,805540619530
レボドパ,ドパストン散98.5%,1164001B1034,レボドパ|ドパストン散,98.5%,散剤,,04931af7ca80
レボドパ,ドパストン静注50mg,1164400A2041,レボドパ|ドパストン静注,50.0mg,注射剤,ドパストン静注25mg,5bd8af92c25d
ドパミン塩酸塩注射液,ドパミン塩酸塩点滴静注液100mg「NIG」,2119402A1477,ドパミン塩酸塩注射液|ドパミン塩酸塩点滴静注液「NIG」,100.0mg,注射剤,ドパミン塩酸塩点滴静注液50mg「NIG」,3f420c004372
ドパミン塩酸塩注射液,ドパミン塩酸塩点滴静注液200mg「NIG」,2119402A4220,ドパミン塩酸塩注射液|ドパミン塩酸塩点滴静注液「NIG」,200.0mg,注射剤,ドパミン塩酸塩点滴静注液50mg「NIG」,3f420c004372
ドパミン塩酸塩,ドパミン塩酸塩点滴静注液600mgキット「KCC」,2119402P2131,ドパミン塩酸塩|ドパミン塩酸塩点滴静注液キット「KCC」,600.0mg,注射剤,ドパミン塩酸塩点滴静注液200mgキット「KCC」,c7ecce2f038f
ドパミン塩酸塩,ドパミン塩酸塩点滴静注液600mgキット「VTRS」,2119402P2158,ドパミン塩酸塩|ドパミン塩酸塩点滴静注液キット「VTRS」,600.0mg,注射剤,ドパミン塩酸塩点滴静注液200mgキット「VTRS」,dbc281d56072
ドパミン塩酸塩注射液,ドパミン塩酸塩点滴静注液600mgバッグ「NIG」,2119402P2140,ドパミン塩酸塩注射液|ドパミン塩酸塩点滴静注液バッグ「NIG」,600.0mg,注射剤,ドパミン塩酸塩点滴静注液200mgバッグ「NIG」,e181a3352e8b
希釈型ドブタミン塩酸塩注射液,ドブタミン持続静注150mgシリンジ「KKC」,2119404G6047,希釈型ドブタミン塩酸塩注射液|ドブタミン持続静注シリンジ「KKC」,150.0mg,注射剤,ドブタミン持続静注50mgシリンジ「KKC」,e7494abd94b8
希釈型ドブタミン塩酸塩注射液,ドブタミン持続静注150mgシリンジ「テルモ」,2119404G6055,希釈型ドブタミン塩酸塩注射液|ドブタミン持続静注シリンジ「テルモ」,150.0mg,注射剤,ドブタミン持続静注50mgシリンジ「テルモ」,7aac9ea54903
希釈型ドブタミン塩酸塩注射液,ドブタミン持続静注300mgシリンジ「KKC」,2119404G7035,希釈型ドブタミン塩酸塩注射液|ドブタミン持続静注シリンジ「KKC」,300.0mg,注射剤,ドブタミン持続静注50mgシリンジ「KKC」,e7494abd94b8
希釈型ドブタミン塩酸塩注射液,ドブタミン持続静注300mgシリンジ「テルモ」,2119404G7043,希釈型ドブタミン塩酸塩注射液|ドブタミン持続静注シリンジ「テルモ」,300.0mg,注射剤,ドブタミン持続静注50mgシリンジ「テルモ」,7aac9ea54903
ドブタミン塩酸塩,ドブタミン点滴静注液600mgキット「VTRS」,2119404G4079,ドブタミン塩酸塩|ドブタミン点滴静注液キット「VTRS」,600.0mg,注射剤,ドブタミン点滴静注液200mgキット「VTRS」,218c5c93841c
ドブタミン塩酸塩,ドブトレックスキット点滴静注用600mg,2119404G4052,ドブタミン塩酸塩|ドブトレックスキット点滴静注用,600.0mg,注射剤,ドブトレックスキット点滴静注用200mg,50d033bec561
ドロキシドパ,ドプスOD錠200mg,1169006F2023,ドロキシドパ|ドプスOD錠,200.0mg,OD錠,ドプスOD錠100mg,3098ee97a914
オザグレル塩酸塩水和物錠,ドメナン錠200mg,4490012F2022,オザグレル塩酸塩水和物錠|ドメナン錠,200.0mg,錠,ドメナン錠100mg,ab75d8294670
クアゼパム錠,ドラール錠20,1124030F2025,クアゼパム錠|ドラール錠20,,錠,,7805b6d1fe7f
ドロキシドパ,ドロキシドパカプセル200mg「アメル」,1169006M2030,ドロキシドパ|ドロキシドパカプセル「アメル」,200.0mg,カプセル,ドロキシドパカプセル100mg「アメル」,da507d0bb2f4
ドンペリドン,ドンペリドン坐剤30mg「JG」,2399714J2065,ドンペリドン|ドンペリドン坐剤「JG」,30.0mg,坐剤,ドンペリドン坐剤10mg「JG」,daed1e82ca9a
ドンペリドン,ドンペリドン坐剤30mg「タカタ」,2399714J2081,ドンペリドン|ドンペリドン坐剤「タカタ」,30.0mg,坐剤,ドンペリドン坐剤10mg「タカタ」,134e8413a0de
ドンペリドン,ドンペリドン坐剤30mg「日新」,2399714J2073,ドンペリドン|ドンペリドン坐剤「日新」,30.0mg,坐剤,ドンペリドン坐剤10mg「日新」,f1f42e7255a9
ドンペリドン,ドンペリドン錠10mg「EMEC」,2399005F2260,ドンペリドン|ドンペリドン錠「EMEC」,10.0mg,錠,ドンペリドン錠5mg「EMEC」,a3d052a88cd4
ドンペリドン,ドンペリドン錠10mg「JG」,2399005F2333,ドンペリドン|ドンペリドン錠「JG」,10.0mg,錠,ドンペリドン錠5mg「JG」,24f22442afb2
ドンペリドン錠,ドンペリドン錠10mg「NIG」,2399005F2406,ドンペリドン錠|ドンペリドン錠「NIG」,10.0mg,錠,ドンペリドン錠5mg「NIG」,5374e81ad72b
ドンペリドン錠,ドンペリドン錠10mg「YD」,2399005F2341,ドンペリドン錠|ドンペリドン錠「YD」,10.0mg,錠,ドンペリドン錠5mg「YD」,09af43b6ff41
ドンペリドン,ドンペリドン錠10mg「サワイ」,2399005F2350,ドンペリドン|ドンペリドン錠「サワイ」,10.0mg,錠,ドンペリドン錠5mg「サワイ」,b56a4eca751f
ドンペリドン,ドンペリドン錠10mg「ツルハラ」,2399005F2376,ドンペリドン|ドンペリドン錠「ツルハラ」,10.0mg,錠,ドンペリドン錠5mg「ツルハラ」,be48538518c0
ドンペリドン錠,ドンペリドン錠10mg「トーワ」,2399005F2384,ドンペリドン錠|ドンペリドン錠「トーワ」,10.0mg,錠,ドンペリドン錠5mg「トーワ」,368efcc15ea3
ドンペリドン,ドンペリドン錠10mg「日医工」,2399005F2317,ドンペリドン|ドンペリドン錠「日医工」,10.0mg,錠,ドンペリドン錠5mg「日医工」,1c6bff439eec
ドンペリドン,ドンペリドン錠10mg「日新」,2399005F2325,ドンペリドン|ドンペリドン錠「日新」,10.0mg,錠,ドンペリドン錠5mg「日新」,2cb5d45406f1
ドンペリドン,ドンペリドン錠10mg「杏林」,2399005F2392,ドンペリドン|ドンペリドン錠「杏林」,10.0mg,錠,ドンペリドン錠5mg「杏林」,97c5100d8b85
ドンペリドン,ナウゼリンOD錠10,2399005F4026,ドンペリドン|ナウゼリンOD錠10,,OD錠,,e5a36624936a
ドンペリドン,ナウゼリン坐剤30,2399714J2022,ドンペリドン|ナウゼリン坐剤30,,坐剤,,e9fd0a4e8ab7
ドンペリドン,ナウゼリン坐剤60,2399714J3029,ドンペリドン|ナウゼリン坐剤60,,坐剤,,e9fd0a4e8ab7
ドンペリドン,ナウゼリン錠10,2399005F2023,ドンペリドン|ナウゼリン錠10,,錠,,ed64fe755591
モメタゾンフランカルボン酸エステル水和物,ナゾネックス点鼻液50μg112噴霧用,1329710Q2023,モメタゾンフランカルボン酸エステル水和物|ナゾネックス点鼻液112噴霧用,50.0μg,点鼻剤,,43b207a27a30
ナテグリニド錠,ナテグリニド錠90mg「日医工」,3969006F2069,ナテグリニド錠|ナテグリニド錠「日医工」,90.0mg,錠,ナテグリニド錠30mg「日医工」,36741bfadf06
インダパミド,ナトリックス錠2,2149012F2020,インダパミド|ナトリックス錠2,,錠,,bc9be2bbe158
オゾラリズマブ（遺伝子組換え）製剤,ナノゾラ皮下注30mgオートインジェクター,3999467G2020,オゾラリズマブ（遺伝子組換え）製剤|ナノゾラ皮下注オートインジェクター,30.0mg,注射剤,,45426cbadabf
フェルビナク,ナパゲルンクリーム3%,2649731N1034,フェルビナク|ナパゲルンクリーム,3.0%,クリーム,,d4598d3d8e83
フェルビナク,ナパゲルンローション3%,2649731Q1065,フェルビナク|ナパゲルンローション,3.0%,ローション,,d4598d3d8e83
ナファモスタットメシル酸塩,ナファモスタットメシル酸塩注射用100mg「AFP」,3999407D3117,ナファモスタットメシル酸塩|ナファモスタットメシル酸塩注射用「AFP」,100.0mg,注射剤,ナファモスタットメシル酸塩注射用10mg「AFP」,d44a7149b08e
注射用ナファモスタットメシル酸塩,ナファモスタットメシル酸塩注射用100mg「NIG」,3999407D3192,注射用ナファモスタットメシル酸塩|ナファモスタットメシル酸塩注射用「NIG」,100.0mg,注射剤,ナファモスタットメシル酸塩注射用10mg「NIG」,2c166105252f
ナファモスタットメシル酸塩製剤,ナファモスタットメシル酸塩注射用100mg「YD」,3999407D3206,ナファモスタットメシル酸塩製剤|ナファモスタットメシル酸塩注射用「YD」,100.0mg,注射剤,ナファモスタットメシル酸塩注射用10mg「YD」,71301578b461
ナファモスタットメシル酸塩製剤,ナファモスタットメシル酸塩注射用150mg「YD」,3999407D4040,ナファモスタットメシル酸塩製剤|ナファモスタットメシル酸塩注射用「YD」,150.0mg,注射剤,ナファモスタットメシル酸塩注射用10mg「YD」,71301578b461
ナファモスタットメシル酸塩,ナファモスタットメシル酸塩注射用50mg「AFP」,3999407D2234,ナファモスタットメシル酸塩|ナファモスタットメシル酸塩注射用「AFP」,50.0mg,注射剤,ナファモスタットメシル酸塩注射用10mg「AFP」,d44a7149b08e
注射用ナファモスタットメシル酸塩,ナファモスタットメシル酸塩注射用50mg「NIG」,3999407D2358,注射用ナファモスタットメシル酸塩|ナファモスタットメシル酸塩注射用「NIG」,50.0mg,注射剤,ナファモスタットメシル酸塩注射用10mg「NIG」,2c166105252f
ナファモスタットメシル酸塩製剤,ナファモスタットメシル酸塩注射用50mg「YD」,3999407D2366,ナファモスタットメシル酸塩製剤|ナファモスタットメシル酸塩注射用「YD」,50.0mg,注射剤,ナファモスタットメシル酸塩注射用10mg「YD」,71301578b461
注射用ナファモスタットメシル酸塩,ナファモスタットメシル酸塩注用50mg「トーワ」,3999407D2307,注射用ナファモスタットメシル酸塩|ナファモスタットメシル酸塩注用「トーワ」,50.0mg,注射剤,ナファモスタットメシル酸塩注用10mg「トーワ」,d90eb2c396bf
ナファモスタットメシル酸塩,ナファモスタット注射用50mg「SW」,3999407D2285,ナファモスタットメシル酸塩|ナファモスタット注射用「SW」,50.0mg,注射剤,ナファモスタット注射用10mg「SW」,44b870b88146
ナフトピジル,ナフトピジルOD錠50mg「DSEP」,2590009F4038,ナフトピジル|ナフトピジルOD錠「DSEP」,50.0mg,OD錠,ナフトピジルOD錠25mg「DSEP」,c9fa3dd781f7
ナフトピジル,ナフトピジルOD錠50mg「FFP」,2590009F4054,ナフトピジル|ナフトピジルOD錠「FFP」,50.0mg,OD錠,ナフトピジルOD錠25mg「FFP」,f16bcae1a16e
ナフトピジル口腔内崩壊錠,ナフトピジルOD錠50mg「JG」,2590009F4062,ナフトピジル口腔内崩壊錠|ナフトピジルOD錠「JG」,50.0mg,OD錠,ナフトピジルOD錠25mg「JG」,b09129452ca6
ナフトピジル,ナフトピジルOD錠50mg「NIG」,2590009F4232,ナフトピジル|ナフトピジルOD錠「NIG」,50.0mg,OD錠,ナフトピジルOD錠25mg「NIG」,15a243fe2faf
ナフトピジル口腔内崩壊錠,ナフトピジルOD錠50mg「TCK」,2590009F4089,ナフトピジル口腔内崩壊錠|ナフトピジルOD錠「TCK」,50.0mg,OD錠,ナフトピジルOD錠25mg「TCK」,224b9c7322cb
ナフトピジル口腔内崩壊錠,ナフトピジルOD錠50mg「YD」,2590009F4097,ナフトピジル口腔内崩壊錠|ナフトピジルOD錠「YD」,50.0mg,OD錠,ナフトピジルOD錠25mg「YD」,37e3c8c876de
ナフトピジル,ナフトピジルOD錠50mg「ケミファ」,2590009F4127,ナフトピジル|ナフトピジルOD錠「ケミファ」,50.0mg,OD錠,ナフトピジルOD錠25mg「ケミファ」,2f06434527a3
ナフトピジル,ナフトピジルOD錠50mg「サワイ」,2590009F4135,ナフトピジル|ナフトピジルOD錠「サワイ」,50.0mg,OD錠,ナフトピジルOD錠25mg「サワイ」,6b1afbe84866
ナフトピジル,ナフトピジルOD錠50mg「タカタ」,2590009F4143,ナフトピジル|ナフトピジルOD錠「タカタ」,50.0mg,OD錠,ナフトピジルOD錠25mg「タカタ」,6b3282685df2
ナフトピジル口腔内崩壊錠,ナフトピジルOD錠50mg「トーワ」,2590009F4224,ナフトピジル口腔内崩壊錠|ナフトピジルOD錠「トーワ」,50.0mg,OD錠,ナフトピジルOD錠25mg「トーワ」,1705b3486eb6
ナフトピジル,ナフトピジルOD錠50mg「ニプロ」,2590009F4240,ナフトピジル|ナフトピジルOD錠「ニプロ」,50.0mg,OD錠,ナフトピジルOD錠25mg「ニプロ」,7842417dd338
ナフトピジル,ナフトピジルOD錠50mg「日医工」,2590009F4178,ナフトピジル|ナフトピジルOD錠「日医工」,50.0mg,OD錠,ナフトピジルOD錠25mg「日医工」,035a583ca125
ナフトピジル,ナフトピジルOD錠50mg「杏林」,2590009F4119,ナフトピジル|ナフトピジルOD錠「杏林」,50.0mg,OD錠,ナフトピジルOD錠25mg「杏林」,f1eb7ffdd316
ナフトピジル,ナフトピジルOD錠75mg「DSEP」,2590009F5034,ナフトピジル|ナフトピジルOD錠「DSEP」,75.0mg,OD錠,ナフトピジルOD錠25mg「DSEP」,c9fa3dd781f7
ナフトピジル,ナフトピジルOD錠75mg「FFP」,2590009F5050,ナフトピジル|ナフトピジルOD錠「FFP」,75.0mg,OD錠,ナフトピジルOD錠25mg「FFP」,f16bcae1a16e
ナフトピジル口腔内崩壊錠,ナフトピジルOD錠75mg「JG」,2590009F5069,ナフトピジル口腔内崩壊錠|ナフトピジルOD錠「JG」,75.0mg,OD錠,ナフトピジルOD錠25mg「JG」,b09129452ca6
ナフトピジル,ナフトピジルOD錠75mg「NIG」,2590009F5239,ナフトピジル|ナフトピジルOD錠「NIG」,75.0mg,OD錠,ナフトピジルOD錠25mg「NIG」,15a243fe2faf
ナフトピジル口腔内崩壊錠,ナフトピジルOD錠75mg「TCK」,2590009F5085,ナフトピジル口腔内崩壊錠|ナフトピジルOD錠「TCK」,75.0mg,OD錠,ナフトピジルOD錠25mg「TCK」,224b9c7322cb
ナフトピジル口腔内崩壊錠,ナフトピジルOD錠75mg「YD」,2590009F5093,ナフトピジル口腔内崩壊錠|ナフトピジルOD錠「YD」,75.0mg,OD錠,ナフトピジルOD錠25mg「YD」,37e3c8c876de
ナフトピジル,ナフトピジルOD錠75mg「ケミファ」,2590009F5123,ナフトピジル|ナフトピジルOD錠「ケミファ」,75.0mg,OD錠,ナフトピジルOD錠25mg「ケミファ」,2f06434527a3
ナフトピジル,ナフトピジルOD錠75mg「サワイ」,2590009F5131,ナフトピジル|ナフトピジルOD錠「サワイ」,75.0mg,OD錠,ナフトピジルOD錠25mg「サワイ」,6b1afbe84866
ナフトピジル,ナフトピジルOD錠75mg「タカタ」,2590009F5140,ナフトピジル|ナフトピジルOD錠「タカタ」,75.0mg,OD錠,ナフトピジルOD錠25mg「タカタ」,6b3282685df2
ナフトピジル口腔内崩壊錠,ナフトピジルOD錠75mg「トーワ」,2590009F5220,ナフトピジル口腔内崩壊錠|ナフトピジルOD錠「トーワ」,75.0mg,OD錠,ナフトピジルOD錠25mg「トーワ」,1705b3486eb6
ナフトピジル,ナフトピジルOD錠75mg「ニプロ」,2590009F5247,ナフトピジル|ナフトピジルOD錠「ニプロ」,75.0mg,OD錠,ナフトピジルOD錠25mg「ニプロ」,7842417dd338
ナフトピジル,ナフトピジルOD錠75mg「日医工」,2590009F5174,ナフトピジル|ナフトピジルOD錠「日医工」,75.0mg,OD錠,ナフトピジルOD錠25mg「日医工」,035a583ca125
ナフトピジル,ナフトピジルOD錠75mg「杏林」,2590009F5115,ナフトピジル|ナフトピジルOD錠「杏林」,75.0mg,OD錠,ナフトピジルOD錠25mg「杏林」,f1eb7ffdd316
ナフトピジル,ナフトピジル錠50mg「JG」,2590009F2060,ナフトピジル|ナフトピジル錠「JG」,50.0mg,錠,ナフトピジル錠25mg「JG」,50eb94001a96
ナフトピジル,ナフトピジル錠50mg「日医工」,2590009F2140,ナフトピジル|ナフトピジル錠「日医工」,50.0mg,錠,ナフトピジル錠25mg「日医工」,436f2694e9c8
ナフトピジル,ナフトピジル錠75mg「JG」,2590009F3058,ナフトピジル|ナフトピジル錠「JG」,75.0mg,錠,ナフトピジル錠25mg「JG」,50eb94001a96
ナフトピジル,ナフトピジル錠75mg「日医工」,2590009F3139,ナフトピジル|ナフトピジル錠「日医工」,75.0mg,錠,ナフトピジル錠25mg「日医工」,436f2694e9c8
ジクロフェナクナトリウムテープ,ナボールテープL30㎎,2649734S2062,ジクロフェナクナトリウムテープ|ナボールテープL,30.0mg,貼付剤,,3894f8c4f7d0
ジクロフェナクナトリウムパップ,ナボールパップ140㎎,2649734S4049,ジクロフェナクナトリウムパップ|ナボールパップ,140.0mg,貼付剤,ナボールパップ70㎎,60dadc342ad4
ヒドロモルフォン塩酸塩徐放錠,ナルサス錠12mg,8119003G3021,ヒドロモルフォン塩酸塩徐放錠|ナルサス錠,12.0mg,錠,ナルサス錠2mg,75ef2e16c440
ヒドロモルフォン塩酸塩徐放錠,ナルサス錠24mg,8119003G4028,ヒドロモルフォン塩酸塩徐放錠|ナルサス錠,24.0mg,錠,ナルサス錠2mg,75ef2e16c440
ヒドロモルフォン塩酸塩徐放錠,ナルサス錠6mg,8119003G2025,ヒドロモルフォン塩酸塩徐放錠|ナルサス錠,6.0mg,錠,ナルサス錠2mg,75ef2e16c440
ヒドロモルフォン塩酸塩注,ナルベイン注20mg,8119401A2026,ヒドロモルフォン塩酸塩注|ナルベイン注,20.0mg,注射剤,ナルベイン注2mg,de675d7e3346
ヒドロモルフォン塩酸塩錠,ナルラピド錠2mg,8119003F2020,ヒドロモルフォン塩酸塩錠|ナルラピド錠,2.0mg,錠,ナルラピド錠1mg,8c8a218f0d8c
ヒドロモルフォン塩酸塩錠,ナルラピド錠4mg,8119003F3026,ヒドロモルフォン塩酸塩錠|ナルラピド錠,4.0mg,錠,ナルラピド錠1mg,8c8a218f0d8c
ニカルジピン塩酸塩,ニカルジピン塩酸塩注射液10mg「サワイ」,2149400A2155,ニカルジピン塩酸塩|ニカルジピン塩酸塩注射液「サワイ」,10.0mg,注射剤,ニカルジピン塩酸塩注射液2mg「サワイ」,8a57cab6b1c9
ニカルジピン塩酸塩,ニカルジピン塩酸塩注射液10mg「日医工」,2149400A2147,ニカルジピン塩酸塩|ニカルジピン塩酸塩注射液「日医工」,10.0mg,注射剤,ニカルジピン塩酸塩注射液2mg「日医工」,1ffe8158c0f3
ニカルジピン塩酸塩,ニカルジピン塩酸塩注射液25mg「サワイ」,2149400A3070,ニカルジピン塩酸塩|ニカルジピン塩酸塩注射液「サワイ」,25.0mg,注射剤,ニカルジピン塩酸塩注射液2mg「サワイ」,8a57cab6b1c9
ニカルジピン塩酸塩,ニカルジピン塩酸塩注射液25mg「日医工」,2149400A3038,ニカルジピン塩酸塩|ニカルジピン塩酸塩注射液「日医工」,25.0mg,注射剤,ニカルジピン塩酸塩注射液2mg「日医工」,1ffe8158c0f3
ニカルジピン塩酸塩,ニカルジピン塩酸塩錠20mg「ツルハラ」,2149019F2294,ニカルジピン塩酸塩|ニカルジピン塩酸塩錠「ツルハラ」,20.0mg,錠,ニカルジピン塩酸塩錠10mg「ツルハラ」,cc83a6281186
ニコチン,ニコチネルTTS10,7990712S1022,ニコチン|ニコチネルTTS10,,(不明),,0dce986cd5df
ニコチン,ニコチネルTTS20,7990712S2029,ニコチン|ニコチネルTTS20,,(不明),,0dce986cd5df
-,ニコペリック腹膜透析液（1500mL）（排液用バッグ付）,3420432A2042,-|ニコペリック腹膜透析液()(排液用バッグ付),1500.0ml,液剤,,4edf2863caa2
-,ニコペリック腹膜透析液（2000mL）,3420432A3049,-|ニコペリック腹膜透析液(),2000.0ml,液剤,ニコペリック腹膜透析液（1500mL）,4edf2863caa2
-,ニコペリック腹膜透析液（2000mL）（排液用バッグ付）,3420432A4045,-|ニコペリック腹膜透析液()(排液用バッグ付),2000.0ml,液剤,,4edf2863caa2
ニコランジル,ニコランジル点滴静注用12mg「サワイ」,2171406D2036,ニコランジル|ニコランジル点滴静注用「サワイ」,12.0mg,注射剤,ニコランジル点滴静注用2mg「サワイ」,ac48bab79389
ニコランジル,ニコランジル点滴静注用48mg「サワイ」,2171406D3032,ニコランジル|ニコランジル点滴静注用「サワイ」,48.0mg,注射剤,ニコランジル点滴静注用2mg「サワイ」,ac48bab79389
ニコランジル錠,ニコランジル錠5mg「トーワ」,2171017F2172,ニコランジル錠|ニコランジル錠「トーワ」,5.0mg,錠,ニコランジル錠2.5mg「トーワ」,0ee62e2c28da
シチコリン注射液,ニコリンH注射液1g,2190404H5084,シチコリン注射液|ニコリンH注射液,1.0g,注射剤,ニコリンH注射液0.5g,5d6120ba872f
シチコリン注射液,ニコリン注射液250mg,2190404H1275,シチコリン注射液|ニコリン注射液,250.0mg,注射剤,ニコリン注射液100mg,f24f182b698e
シチコリン注射液,ニコリン注射液500mg,2190404A5191,シチコリン注射液|ニコリン注射液,500.0mg,注射剤,ニコリン注射液100mg,f24f182b698e
システアミン酒石酸塩,ニシスタゴンカプセル150mg,3929009M2023,システアミン酒石酸塩|ニシスタゴンカプセル,150.0mg,カプセル,ニシスタゴンカプセル50mg,1f1fdb614971
ニセルゴリン,ニセルゴリン細粒1％「サワイ」,2190021C1058,ニセルゴリン|ニセルゴリン細粒「サワイ」,1.0%,(不明),,38ec3cfea3b5
5%マルトース加乳酸リンゲル液,ニソリM注（500mL）,3319538A2041,5%マルトース加乳酸リンゲル液|ニソリM注(),500.0ml,注射剤,ニソリM注（250mL）,d76f5c4e4af9
"グリチルリチン酸一アンモニウム
グリシン
L
-システイン",ニチファーゲン注,3919502A1155,"グリチルリチン酸一アンモニウム
グリシン
L
-システイン|ニチファーゲン注",,注射剤,ニチファーゲン注,6115f0961be8
ニトロプルシドナトリウム水和物注射液,ニトプロ持続静注液30mg,2149401A2036,ニトロプルシドナトリウム水和物注射液|ニトプロ持続静注液,30.0mg,注射剤,ニトプロ持続静注液6mg,4d472da55b75
ニトラゼパム錠・細粒,ニトラゼパム細粒1％「TCK」,1124003C1114,ニトラゼパム錠・細粒|ニトラゼパム細粒「TCK」,1.0%,(不明),,d6edd71cec31
ニトラゼパム錠,ニトラゼパム錠10mg「JG」,1124003F3156,ニトラゼパム錠|ニトラゼパム錠「JG」,10.0mg,錠,ニトラゼパム錠5mg「JG」,733fd3c735e9
ニトラゼパム錠・細粒,ニトラゼパム錠10mg「TCK」,1124003F3172,ニトラゼパム錠・細粒|ニトラゼパム錠「TCK」,10.0mg,錠,ニトラゼパム錠5mg「TCK」,d6edd71cec31
ニトラゼパム,ニトラゼパム錠10mg「ツルハラ」,1124003F3164,ニトラゼパム|ニトラゼパム錠「ツルハラ」,10.0mg,錠,ニトラゼパム錠5mg「ツルハラ」,41d3b6b132c0
ニトレンジピン,ニトレンジピン錠10mg「サワイ」,2171020F2263,ニトレンジピン|ニトレンジピン錠「サワイ」,10.0mg,錠,ニトレンジピン錠5mg「サワイ」,4e668c4fca89
ニトレンジピン,ニトレンジピン錠10mg「日新」,2171020F2271,ニトレンジピン|ニトレンジピン錠「日新」,10.0mg,錠,ニトレンジピン錠5mg「日新」,9860cef93fa3
ニトログリセリン注射液,ニトログリセリン点滴静注25mg/50mL「TE」,2171403A8042,ニトログリセリン注射液|ニトログリセリン点滴静注/「TE」,25.0mg/50.0ml,注射剤,,c97e9c637d90
ニトログリセリン注射液,ニトログリセリン点滴静注50mg/100mL「TE」,2171403A7062,ニトログリセリン注射液|ニトログリセリン点滴静注/「TE」,50.0mg/100.0ml,注射剤,,c97e9c637d90
ニトログリセリン注射液,ニトログリセリン静注5mg/10mL「TE」,2171403A2087,ニトログリセリン注射液|ニトログリセリン静注/「TE」,5.0mg/10.0ml,注射剤,ニトログリセリン静注1mg/2mL「TE」,c97e9c637d90
硝酸イソソルビド,ニトロール点滴静注100mgバッグ,2171404A9035,硝酸イソソルビド|ニトロール点滴静注バッグ,100.0mg,注射剤,ニトロール点滴静注50mgバッグ,017f1416e668
ニムスチン塩酸塩,ニドラン注射用50mg,4219400D2025,ニムスチン塩酸塩|ニドラン注射用,50.0mg,注射剤,ニドラン注射用25mg,1ac5eb912705
ニルバジピン,ニバジール錠4mg,2149022F2024,ニルバジピン|ニバジール錠,4.0mg,錠,ニバジール錠2mg,789d54129995
ニフェジピン徐放錠,ニフェジピンCR錠20mg「NP」,2171014G4088,ニフェジピン徐放錠|ニフェジピンCR錠「NP」,20.0mg,錠,ニフェジピンCR錠10mg「NP」,afa0b8542bd7
ニフェジピン,ニフェジピンCR錠20mg「ZE」,2171014G4118,ニフェジピン|ニフェジピンCR錠「ZE」,20.0mg,錠,ニフェジピンCR錠10mg「ZE」,100ae560d173
ニフェジピン,ニフェジピンCR錠20mg「サワイ」,2171014G4061,ニフェジピン|ニフェジピンCR錠「サワイ」,20.0mg,錠,ニフェジピンCR錠10mg「サワイ」,28794b0c175d
ニフェジピン徐放錠,ニフェジピンCR錠20mg「トーワ」,2171014G4096,ニフェジピン徐放錠|ニフェジピンCR錠「トーワ」,20.0mg,錠,ニフェジピンCR錠10mg「トーワ」,a52f62ab9d3c
ニフェジピン徐放錠,ニフェジピンCR錠20mg「三和」,2171014G4126,ニフェジピン徐放錠|ニフェジピンCR錠「三和」,20.0mg,錠,ニフェジピンCR錠10mg「三和」,c004b328e140
ニフェジピン徐放錠,ニフェジピンCR錠20mg「日医工」,2171014G4100,ニフェジピン徐放錠|ニフェジピンCR錠「日医工」,20.0mg,錠,ニフェジピンCR錠10mg「日医工」,726ad95434e1
ニフェジピン徐放錠,ニフェジピンCR錠40mg「NP」,2171014G5084,ニフェジピン徐放錠|ニフェジピンCR錠「NP」,40.0mg,錠,ニフェジピンCR錠10mg「NP」,afa0b8542bd7
ニフェジピン,ニフェジピンCR錠40mg「ZE」,2171014G5114,ニフェジピン|ニフェジピンCR錠「ZE」,40.0mg,錠,ニフェジピンCR錠10mg「ZE」,100ae560d173
ニフェジピン,ニフェジピンCR錠40mg「サワイ」,2171014G5068,ニフェジピン|ニフェジピンCR錠「サワイ」,40.0mg,錠,ニフェジピンCR錠10mg「サワイ」,28794b0c175d
ニフェジピン徐放錠,ニフェジピンCR錠40mg「トーワ」,2171014G5092,ニフェジピン徐放錠|ニフェジピンCR錠「トーワ」,40.0mg,錠,ニフェジピンCR錠10mg「トーワ」,a52f62ab9d3c
ニフェジピン徐放錠,ニフェジピンCR錠40mg「三和」,2171014G5122,ニフェジピン徐放錠|ニフェジピンCR錠「三和」,40.0mg,錠,ニフェジピンCR錠10mg「三和」,c004b328e140
ニフェジピン徐放錠,ニフェジピンCR錠40mg「日医工」,2171014G5106,ニフェジピン徐放錠|ニフェジピンCR錠「日医工」,40.0mg,錠,ニフェジピンCR錠10mg「日医工」,726ad95434e1
ニフェジピン,ニフェジピンL錠20mg「ZE」,2171014G2344,ニフェジピン|ニフェジピンL錠「ZE」,20.0mg,錠,ニフェジピンL錠10mg「ZE」,ce8d52e63e66
ニフェジピン,ニフェジピンL錠20mg「サワイ」,2171014G2280,ニフェジピン|ニフェジピンL錠「サワイ」,20.0mg,錠,ニフェジピンL錠10mg「サワイ」,503fedaa5631
ニフェジピン徐放錠,ニフェジピンL錠20mg「ツルハラ」,2171014G2328,ニフェジピン徐放錠|ニフェジピンL錠「ツルハラ」,20.0mg,錠,ニフェジピンL錠10mg「ツルハラ」,2f97d8a05f14
ニフェジピン徐放錠,ニフェジピンL錠20mg「トーワ」,2171014G2298,ニフェジピン徐放錠|ニフェジピンL錠「トーワ」,20.0mg,錠,ニフェジピンL錠10mg「トーワ」,c544700fd7c3
ニフェジピン,ニフェジピンL錠20mg「日医工」,2171014G2301,ニフェジピン|ニフェジピンL錠「日医工」,20.0mg,錠,ニフェジピンL錠10mg「日医工」,fea2ab4924a0
ニフェジピン,ニフェジピンL錠20mg「杏林」,2171014G2352,ニフェジピン|ニフェジピンL錠「杏林」,20.0mg,錠,ニフェジピンL錠10mg「杏林」,b458ab608757
ニフェジピン,ニフェジピンカプセル10mg「サワイ」,2171014M2291,ニフェジピン|ニフェジピンカプセル「サワイ」,10.0mg,カプセル,ニフェジピンカプセル5mg「サワイ」,1d363206e1e9
ニフェジピン,ニフェジピン細粒1%「ツルハラ」,2171014C1060,ニフェジピン|ニフェジピン細粒「ツルハラ」,1.0%,(不明),,3ba9c77ca840
ニフェジピン,ニフェジピン錠10mg「ツルハラ」,2171014F1113,ニフェジピン|ニフェジピン錠「ツルハラ」,10.0mg,錠,,3ba9c77ca840
ロチゴチン経皮吸収型製剤,ニュープロパッチ13.5mg,1169700S4024,ロチゴチン経皮吸収型製剤|ニュープロパッチ,13.5mg,(不明),ニュープロパッチ2.25mg,ec27e841d29e
ロチゴチン経皮吸収型製剤,ニュープロパッチ18mg,1169700S5020,ロチゴチン経皮吸収型製剤|ニュープロパッチ,18.0mg,(不明),ニュープロパッチ2.25mg,ec27e841d29e
ロチゴチン経皮吸収型製剤,ニュープロパッチ4.5mg,1169700S2021,ロチゴチン経皮吸収型製剤|ニュープロパッチ,4.5mg,(不明),ニュープロパッチ2.25mg,ec27e841d29e
ロチゴチン経皮吸収型製剤,ニュープロパッチ9mg,1169700S3028,ロチゴチン経皮吸収型製剤|ニュープロパッチ,9.0mg,(不明),ニュープロパッチ2.25mg,ec27e841d29e
プロペリシアジン,ニューレプチル内服液1%,1172005S1034,プロペリシアジン|ニューレプチル内服液,1.0%,液剤,,ca54043c365a
プロペリシアジン,ニューレプチル細粒10%,1172005C1064,プロペリシアジン|ニューレプチル細粒,10.0%,(不明),,ca54043c365a
プロペリシアジン,ニューレプチル錠10mg,1172005F2067,プロペリシアジン|ニューレプチル錠,10.0mg,錠,ニューレプチル錠5mg,ca54043c365a
プロペリシアジン,ニューレプチル錠25mg,1172005F3047,プロペリシアジン|ニューレプチル錠,25.0mg,錠,ニューレプチル錠5mg,ca54043c365a
ロサルタンカリウム,ニューロタン錠100mg,2149039F3026,ロサルタンカリウム|ニューロタン錠,100.0mg,錠,ニューロタン錠25mg,9be48780b091
ロサルタンカリウム,ニューロタン錠50mg,2149039F2038,ロサルタンカリウム|ニューロタン錠,50.0mg,錠,ニューロタン錠25mg,9be48780b091
"［N,N'-エチレンジ-L-システイネート（3－）］オキソテクネチウム（
99m
Tc），ジエチルエステル注射液（放射性医薬品基準）",ニューロライト注射液 第一（600MBq）,4300443A1024,"［N,N'-エチレンジ-L-システイネート（3－）］オキソテクネチウム（
99m
Tc），ジエチルエステル注射液（放射性医薬品基準）|ニューロライト注射液第一(600MBq)",,注射剤,,a85579a029e6
ニルバジピン錠,ニルバジピン錠4mg「NIG」,2149022F2130,ニルバジピン錠|ニルバジピン錠「NIG」,4.0mg,錠,ニルバジピン錠2mg「NIG」,3417fb131573
ニルバジピン,ニルバジピン錠4mg「サワイ」,2149022F2105,ニルバジピン|ニルバジピン錠「サワイ」,4.0mg,錠,ニルバジピン錠2mg「サワイ」,dbac3e666f26
ニロチニブ塩酸塩二水和物,ニロチニブカプセル200mg「サワイ」,4291021M1039,ニロチニブ塩酸塩二水和物|ニロチニブカプセル「サワイ」,200.0mg,カプセル,ニロチニブカプセル150mg「サワイ」,ecedb63f3a41
イキサゾミブクエン酸エステルカプセル,ニンラーロカプセル2.3mg,4291049M1024,イキサゾミブクエン酸エステルカプセル|ニンラーロカプセル,2.3mg,カプセル,ニンラーロカプセル0.5mg,f2639898626d
イキサゾミブクエン酸エステルカプセル,ニンラーロカプセル3mg,4291049M2020,イキサゾミブクエン酸エステルカプセル|ニンラーロカプセル,3.0mg,カプセル,ニンラーロカプセル0.5mg,f2639898626d
イキサゾミブクエン酸エステルカプセル,ニンラーロカプセル4mg,4291049M3027,イキサゾミブクエン酸エステルカプセル|ニンラーロカプセル,4.0mg,カプセル,ニンラーロカプセル0.5mg,f2639898626d
シモクトコグ　アルファ（遺伝子組換え）,ヌーイック静注用1000,6343457D3021,シモクトコグ　アルファ（遺伝子組換え）|ヌーイック静注用1000,,注射剤,,96946cf27e7d
シモクトコグ　アルファ（遺伝子組換え）,ヌーイック静注用2000,6343457D4028,シモクトコグ　アルファ（遺伝子組換え）|ヌーイック静注用2000,,注射剤,,96946cf27e7d
シモクトコグ　アルファ（遺伝子組換え）,ヌーイック静注用2500,6343457D5024,シモクトコグ　アルファ（遺伝子組換え）|ヌーイック静注用2500,,注射剤,,96946cf27e7d
シモクトコグ　アルファ（遺伝子組換え）,ヌーイック静注用3000,6343457D6020,シモクトコグ　アルファ（遺伝子組換え）|ヌーイック静注用3000,,注射剤,,96946cf27e7d
シモクトコグ　アルファ（遺伝子組換え）,ヌーイック静注用4000,6343457D7027,シモクトコグ　アルファ（遺伝子組換え）|ヌーイック静注用4000,,注射剤,,96946cf27e7d
シモクトコグ　アルファ（遺伝子組換え）,ヌーイック静注用500,6343457D2025,シモクトコグ　アルファ（遺伝子組換え）|ヌーイック静注用500,,注射剤,,96946cf27e7d
メポリズマブ（遺伝子組換え）,ヌーカラ皮下注100mgシリンジ,2290401G1026,メポリズマブ（遺伝子組換え）|ヌーカラ皮下注シリンジ,100.0mg,注射剤,,c8f8a275474b
イソニアジドメタンスルホン酸ナトリウム水和物,ネオイスコチン錠100mg,6222005F1032,イソニアジドメタンスルホン酸ナトリウム水和物|ネオイスコチン錠,100.0mg,錠,,d299b18c9aaf
フェニレフリン塩酸塩,ネオシネジンコーワ注5mg,2160400A2039,フェニレフリン塩酸塩|ネオシネジンコーワ注,5.0mg,注射剤,ネオシネジンコーワ注1mg,24423a044304
歯科用酸化亜鉛ユージノールセメント,ネオダイン　液,2750801V1020,歯科用酸化亜鉛ユージノールセメント|ネオダイン液,,液剤,,0ee1becf61d2
レボドパ・カルビドパ水和物錠,ネオドパストン配合錠L250,1169101F2045,レボドパ・カルビドパ水和物錠|ネオドパストン配合錠L250,,錠,,5c4f26e6dd78
高カロリー輸液用アミノ酸・糖・電解質・総合ビタミン液,ネオパレン1号輸液,3259526G2033,高カロリー輸液用アミノ酸・糖・電解質・総合ビタミン液|ネオパレン1号輸液,,液剤,ネオパレン1号輸液,407896c99388
高カロリー輸液用アミノ酸・糖・電解質・総合ビタミン液,ネオパレン2号輸液,3259527G2038,高カロリー輸液用アミノ酸・糖・電解質・総合ビタミン液|ネオパレン2号輸液,,液剤,,407896c99388
高カロリー輸液用アミノ酸・糖・電解質・総合ビタミン液,ネオパレン2号輸液,3259527G1031,高カロリー輸液用アミノ酸・糖・電解質・総合ビタミン液|ネオパレン2号輸液,,液剤,,407896c99388
サリチル酸ナトリウム・ジブカイン配合剤,ネオビタカイン注5mL,1149503A1083,サリチル酸ナトリウム・ジブカイン配合剤|ネオビタカイン注,5.0ml,注射剤,ネオビタカイン注2mL,454f35c82db0
サリチル酸ナトリウム・ジブカイン配合剤,ネオビタカイン注シリンジ5mL,1149503G1027,サリチル酸ナトリウム・ジブカイン配合剤|ネオビタカイン注シリンジ,5.0ml,注射剤,ネオビタカイン注シリンジ2mL,9355485d97c4
アミノフィリン水和物,ネオフィリン注PL250mg,2115404A1043,アミノフィリン水和物|ネオフィリン注PL,250.0mg,注射剤,,2a878758aa96
シクロスポリン,ネオーラル10mgカプセル,3999004M3021,シクロスポリン|ネオーラルカプセル,10.0mg,カプセル,,5ff989e3bd61
シクロスポリン,ネオーラル25mgカプセル,3999004M4028,シクロスポリン|ネオーラルカプセル,25.0mg,カプセル,,5ff989e3bd61
シクロスポリン,ネオーラル50mgカプセル,3999004M5024,シクロスポリン|ネオーラルカプセル,50.0mg,カプセル,,5ff989e3bd61
エソメプラゾールマグネシウム水和物カプセル,ネキシウムカプセル20mg,2329029M2023,エソメプラゾールマグネシウム水和物カプセル|ネキシウムカプセル,20.0mg,カプセル,ネキシウムカプセル10mg,021ca4d29803
エソメプラゾールマグネシウム水和物懸濁用顆粒,ネキシウム懸濁用顆粒分包20mg,2329029D2023,エソメプラゾールマグネシウム水和物懸濁用顆粒|ネキシウム懸濁用顆粒分包,20.0mg,顆粒,ネキシウム懸濁用顆粒分包10mg,ffd9dc8f4414
アログリプチン安息香酸塩,ネシーナ錠12.5mg,3969012F2021,アログリプチン安息香酸塩|ネシーナ錠,12.5mg,錠,ネシーナ錠25mg,39f48e118524
アログリプチン安息香酸塩,ネシーナ錠6.25mg,3969012F1025,アログリプチン安息香酸塩|ネシーナ錠,6.25mg,錠,ネシーナ錠25mg,39f48e118524
ダルベポエチン　アルファ（遺伝子組換え）,ネスプ注射液10μgプラシリンジ,3999425S5028,ダルベポエチン　アルファ（遺伝子組換え）|ネスプ注射液プラシリンジ,10.0μg,注射剤,ネスプ注射液5μgプラシリンジ,21f10879c94f
ダルベポエチン　アルファ（遺伝子組換え）,ネスプ注射液120μgプラシリンジ,3999425U2020,ダルベポエチン　アルファ（遺伝子組換え）|ネスプ注射液プラシリンジ,120.0μg,注射剤,ネスプ注射液5μgプラシリンジ,21f10879c94f
ダルベポエチン　アルファ（遺伝子組換え）,ネスプ注射液15μgプラシリンジ,3999425S6024,ダルベポエチン　アルファ（遺伝子組換え）|ネスプ注射液プラシリンジ,15.0μg,注射剤,ネスプ注射液5μgプラシリンジ,21f10879c94f
ダルベポエチン　アルファ（遺伝子組換え）,ネスプ注射液180μgプラシリンジ,3999425U3026,ダルベポエチン　アルファ（遺伝子組換え）|ネスプ注射液プラシリンジ,180.0μg,注射剤,ネスプ注射液5μgプラシリンジ,21f10879c94f
ダルベポエチン　アルファ（遺伝子組換え）,ネスプ注射液20μgプラシリンジ,3999425S7020,ダルベポエチン　アルファ（遺伝子組換え）|ネスプ注射液プラシリンジ,20.0μg,注射剤,ネスプ注射液5μgプラシリンジ,21f10879c94f
ダルベポエチン　アルファ（遺伝子組換え）,ネスプ注射液30μgプラシリンジ,3999425S8027,ダルベポエチン　アルファ（遺伝子組換え）|ネスプ注射液プラシリンジ,30.0μg,注射剤,ネスプ注射液5μgプラシリンジ,21f10879c94f
ダルベポエチン　アルファ（遺伝子組換え）,ネスプ注射液40μgプラシリンジ,3999425S9023,ダルベポエチン　アルファ（遺伝子組換え）|ネスプ注射液プラシリンジ,40.0μg,注射剤,ネスプ注射液5μgプラシリンジ,21f10879c94f
ダルベポエチン　アルファ（遺伝子組換え）,ネスプ注射液60μgプラシリンジ,3999425U1023,ダルベポエチン　アルファ（遺伝子組換え）|ネスプ注射液プラシリンジ,60.0μg,注射剤,ネスプ注射液5μgプラシリンジ,21f10879c94f
アドレナリン,ネフィー点鼻液2mg,2451700R2026,アドレナリン|ネフィー点鼻液,2.0mg,点鼻剤,ネフィー点鼻液1mg,0d653964c42a
ジフルコルトロン吉草酸エステル製剤,ネリゾナクリーム0.1%,2646700N1150,ジフルコルトロン吉草酸エステル製剤|ネリゾナクリーム,0.1%,クリーム,,8bc0e9d4a551
ジフルコルトロン吉草酸エステル製剤,ネリゾナ軟膏0.1%,2646700M1163,ジフルコルトロン吉草酸エステル製剤|ネリゾナ軟膏,0.1%,軟膏,,8bc0e9d4a551
ニトラゼパム,ネルボン散1%,1124003B1070,ニトラゼパム|ネルボン散,1.0%,散剤,,ee389bdf5dc8
ニトラゼパム,ネルボン錠10mg,1124003F3083,ニトラゼパム|ネルボン錠,10.0mg,錠,ネルボン錠5mg,ee389bdf5dc8
乾燥濃縮人アンチトロンビンIII,ノイアート静注用1500単位,6343424D3035,乾燥濃縮人アンチトロンビンIII|ノイアート静注用,1500.0単位,注射剤,ノイアート静注用500単位,6695984da49c
セトラキサート塩酸塩製剤,ノイエル細粒40%,2329004C1129,セトラキサート塩酸塩製剤|ノイエル細粒,40.0%,(不明),,06c1daf2ba80
ユビデカレノン製剤,ノイキノン糖衣錠10mg,2119003F2340,ユビデカレノン製剤|ノイキノン糖衣錠,10.0mg,錠,,9f1a90e54f66
ユビデカレノン製剤,ノイキノン錠10mg,2119003F2332,ユビデカレノン製剤|ノイキノン錠,10.0mg,錠,ノイキノン錠5mg,9f1a90e54f66
レノグラスチム（遺伝子組換え）製剤,ノイトロジン注100μg,3399406D5023,レノグラスチム（遺伝子組換え）製剤|ノイトロジン注,100.0μg,注射剤,ノイトロジン注50μg,8605276cc970
レノグラスチム（遺伝子組換え）製剤,ノイトロジン注250μg,3399406D6020,レノグラスチム（遺伝子組換え）製剤|ノイトロジン注,250.0μg,注射剤,ノイトロジン注50μg,8605276cc970
乾燥濃縮人血液凝固第Ⅸ因子,ノバクトM静注用1000単位,6343429D8064,乾燥濃縮人血液凝固第Ⅸ因子|ノバクトM静注用,1000.0単位,注射剤,ノバクトM静注用500単位,3eac6cd91979
乾燥濃縮人血液凝固第Ⅸ因子,ノバクトM静注用2000単位,6343429L2028,乾燥濃縮人血液凝固第Ⅸ因子|ノバクトM静注用,2000.0単位,注射剤,ノバクトM静注用500単位,3eac6cd91979
ミトキサントロン塩酸塩,ノバントロン注20mg,4291402A1032,ミトキサントロン塩酸塩|ノバントロン注,20.0mg,注射剤,ノバントロン注10mg,a958224a35fc
酢酸亜鉛水和物製剤,ノベルジン錠50mg,3929007F2025,酢酸亜鉛水和物製剤|ノベルジン錠,50.0mg,錠,ノベルジン錠25mg,c6b6cda89932
酢酸亜鉛水和物製剤,ノベルジン顆粒5%,3929007D1028,酢酸亜鉛水和物製剤|ノベルジン顆粒,5.0%,顆粒,,c6b6cda89932
ツロクトコグ アルファ（遺伝子組換え）,ノボエイト静注用1000,6343440D3026,ツロクトコグ アルファ（遺伝子組換え）|ノボエイト静注用1000,,注射剤,,2f3d16f2506f
ツロクトコグ アルファ（遺伝子組換え）,ノボエイト静注用1500,6343440D4022,ツロクトコグ アルファ（遺伝子組換え）|ノボエイト静注用1500,,注射剤,,2f3d16f2506f
ツロクトコグ アルファ（遺伝子組換え）,ノボエイト静注用2000,6343440D5029,ツロクトコグ アルファ（遺伝子組換え）|ノボエイト静注用2000,,注射剤,,2f3d16f2506f
ツロクトコグ アルファ（遺伝子組換え）,ノボエイト静注用3000,6343440D6025,ツロクトコグ アルファ（遺伝子組換え）|ノボエイト静注用3000,,注射剤,,2f3d16f2506f
ツロクトコグ アルファ（遺伝子組換え）,ノボエイト静注用500,6343440D2020,ツロクトコグ アルファ（遺伝子組換え）|ノボエイト静注用500,,注射剤,,2f3d16f2506f
エプタコグ アルファ（活性型）（遺伝子組換え）,ノボセブンHI静注用2mg　シリンジ,6343434D7026,エプタコグ アルファ（活性型）（遺伝子組換え）|ノボセブンHI静注用シリンジ,2.0mg,注射剤,ノボセブンHI静注用1mg　シリンジ,1847b23be8aa
エプタコグ アルファ（活性型）（遺伝子組換え）,ノボセブンHI静注用5mg　シリンジ,6343434D8022,エプタコグ アルファ（活性型）（遺伝子組換え）|ノボセブンHI静注用シリンジ,5.0mg,注射剤,ノボセブンHI静注用1mg　シリンジ,1847b23be8aa
インスリン アスパルト（遺伝子組換え）,ノボラピッド注 フレックスペン,2492415G1031,インスリン アスパルト（遺伝子組換え）|ノボラピッド注フレックスペン,,注射剤,,0c64de733226
ノルトリプチリン塩酸塩,ノリトレン錠25mg,1179004F2039,ノルトリプチリン塩酸塩|ノリトレン錠,25.0mg,錠,ノリトレン錠10mg,1f532fd2dbd8
ブプレノルフィン経皮吸収型製剤,ノルスパンテープ10mg,1149704S2027,ブプレノルフィン経皮吸収型製剤|ノルスパンテープ,10.0mg,貼付剤,ノルスパンテープ5mg,6b2c32ce5c18
ブプレノルフィン経皮吸収型製剤,ノルスパンテープ20mg,1149704S3023,ブプレノルフィン経皮吸収型製剤|ノルスパンテープ,20.0mg,貼付剤,ノルスパンテープ5mg,6b2c32ce5c18
ソマトロピン(遺伝子組換え),ノルディトロピン フレックスプロ注 10mg,2412402P7023,ソマトロピン(遺伝子組換え)|ノルディトロピンフレックスプロ注,10.0mg,注射剤,ノルディトロピン フレックスプロ注 5mg,28a40366171f
ソマトロピン(遺伝子組換え),ノルディトロピン フレックスプロ注 15mg,2412402P8020,ソマトロピン(遺伝子組換え)|ノルディトロピンフレックスプロ注,15.0mg,注射剤,ノルディトロピン フレックスプロ注 5mg,28a40366171f
アムロジピンベシル酸塩,ノルバスクOD錠10mg,2171022F6039,アムロジピンベシル酸塩|ノルバスクOD錠,10.0mg,OD錠,,bae3cc45cefc
アムロジピンベシル酸塩,ノルバスクOD錠2.5mg,2171022F3048,アムロジピンベシル酸塩|ノルバスクOD錠,2.5mg,OD錠,,bae3cc45cefc
アムロジピンベシル酸塩,ノルバスクOD錠5mg,2171022F4044,アムロジピンベシル酸塩|ノルバスクOD錠,5.0mg,OD錠,,bae3cc45cefc
アムロジピンベシル酸塩,ノルバスク錠10mg,2171022F5032,アムロジピンベシル酸塩|ノルバスク錠,10.0mg,錠,ノルバスク錠2.5mg,bae3cc45cefc
アムロジピンベシル酸塩,ノルバスク錠5mg,2171022F2025,アムロジピンベシル酸塩|ノルバスク錠,5.0mg,錠,ノルバスク錠2.5mg,bae3cc45cefc
タモキシフェンクエン酸塩錠,ノルバデックス錠20mg,4291003F2054,タモキシフェンクエン酸塩錠|ノルバデックス錠,20.0mg,錠,ノルバデックス錠10mg,d4fd275a66d1
ノルフロキサシン,ノルフロキサシン錠200mg「サワイ」,6241005F2310,ノルフロキサシン|ノルフロキサシン錠「サワイ」,200.0mg,錠,ノルフロキサシン錠100mg「サワイ」,8741e883c13e
ノルフロキサシン,ノルフロキサシン錠200mg「ツルハラ」,6241005F2301,ノルフロキサシン|ノルフロキサシン錠「ツルハラ」,200.0mg,錠,ノルフロキサシン錠100mg「ツルハラ」,3ec9e151f2b0
高カロリー輸液用基本液,ハイカリックRF輸液（500mL）,3239527A2032,高カロリー輸液用基本液|ハイカリックRF輸液(),500.0ml,液剤,ハイカリックRF輸液（250mL）,b8d4a4602e95
高カロリー輸液用基本液,ハイカリック液-2号（700mL）,3239503X1025,高カロリー輸液用基本液|ハイカリック液-2号(),700.0ml,液剤,,aaa2ca41d341
高カロリー輸液用基本液,ハイカリック液-3号（700mL）,3239507X1023,高カロリー輸液用基本液|ハイカリック液-3号(),700.0ml,液剤,,aaa2ca41d341
pH4処理酸性人免疫グロブリン（皮下注射）ボルヒアルロニダーゼ　アルファ（遺伝子組換え）,ハイキュービア10%皮下注セット10g/100mL,6343501A2021,pH4処理酸性人免疫グロブリン（皮下注射）ボルヒアルロニダーゼ　アルファ（遺伝子組換え）|ハイキュービア皮下注セット/,10.0%/10.0g/100.0ml,注射剤,ハイキュービア10%皮下注セット5g/50mL,e43d5637a95d
pH4処理酸性人免疫グロブリン（皮下注射）ボルヒアルロニダーゼ　アルファ（遺伝子組換え）,ハイキュービア10%皮下注セット20g/200mL,6343501A3028,pH4処理酸性人免疫グロブリン（皮下注射）ボルヒアルロニダーゼ　アルファ（遺伝子組換え）|ハイキュービア皮下注セット/,10.0%/20.0g/200.0ml,注射剤,ハイキュービア10%皮下注セット5g/50mL,e43d5637a95d
ガンマオリザノール錠,ハイゼット錠50mg,2900002F5274,ガンマオリザノール錠|ハイゼット錠,50.0mg,錠,ハイゼット錠25mg,4664df149fc4
pH4処理酸性人免疫グロブリン（皮下注射）,ハイゼントラ20%皮下注10g/50mLシリンジ,6343439G4026,pH4処理酸性人免疫グロブリン（皮下注射）|ハイゼントラ皮下注/シリンジ,20.0%/10.0g/50.0ml,注射剤,,84fa37ae2f18
pH4処理酸性人免疫グロブリン（皮下注射）,ハイゼントラ20%皮下注1g/5mLシリンジ,6343439G1027,pH4処理酸性人免疫グロブリン（皮下注射）|ハイゼントラ皮下注/シリンジ,20.0%/1.0g/5.0ml,注射剤,,84fa37ae2f18
pH4処理酸性人免疫グロブリン（皮下注射）,ハイゼントラ20%皮下注2g/10mL,6343439A2020,pH4処理酸性人免疫グロブリン（皮下注射）|ハイゼントラ皮下注/,20.0%/2.0g/10.0ml,注射剤,ハイゼントラ20%皮下注1g/5mL,84fa37ae2f18
pH4処理酸性人免疫グロブリン（皮下注射）,ハイゼントラ20%皮下注2g/10mLシリンジ,6343439G2023,pH4処理酸性人免疫グロブリン（皮下注射）|ハイゼントラ皮下注/シリンジ,20.0%/2.0g/10.0ml,注射剤,,84fa37ae2f18
pH4処理酸性人免疫グロブリン（皮下注射）,ハイゼントラ20%皮下注4g/20mL,6343439A3027,pH4処理酸性人免疫グロブリン（皮下注射）|ハイゼントラ皮下注/,20.0%/4.0g/20.0ml,注射剤,ハイゼントラ20%皮下注1g/5mL,84fa37ae2f18
pH4処理酸性人免疫グロブリン（皮下注射）,ハイゼントラ20%皮下注4g/20mLシリンジ,6343439G3020,pH4処理酸性人免疫グロブリン（皮下注射）|ハイゼントラ皮下注/シリンジ,20.0%/4.0g/20.0ml,注射剤,,84fa37ae2f18
L-システイン製剤,ハイチオール散32%,3999006A1030,L-システイン製剤|ハイチオール散,32.0%,散剤,,ed96a17e7508
L-システイン製剤,ハイチオール錠80,3999006F2033,L-システイン製剤|ハイチオール錠80,,錠,,ed96a17e7508
グリチルレチン酸製剤,ハイデルマートクリーム2%,2649720N2024,グリチルレチン酸製剤|ハイデルマートクリーム,2.0%,クリーム,,4a1f3ab3ffed
ニプラジロール,ハイパジールコーワ錠6,2149021F2020,ニプラジロール|ハイパジールコーワ錠6,,錠,,f562fe2509af
エトドラク錠,ハイペン錠200mg,1149032F2023,エトドラク錠|ハイペン錠,200.0mg,錠,ハイペン錠100mg,9be3a684a1e6
2%チオ硫酸ナトリウム・エタノール含浸綿球,ハイポ2％AL綿球20,261980BX2026,2%チオ硫酸ナトリウム・エタノール含浸綿球|ハイポAL綿球20,2.0%,(不明),,686a792b1dfc
2%チオ硫酸ナトリウム・エタノール含浸綿球,ハイポ2％AL綿球30,261980BX4029,2%チオ硫酸ナトリウム・エタノール含浸綿球|ハイポAL綿球30,2.0%,(不明),,686a792b1dfc
アルベカシン硫酸塩,ハベカシン注射液100mg,6119400A2073,アルベカシン硫酸塩|ハベカシン注射液,100.0mg,注射剤,ハベカシン注射液25mg,6e647e2f649b
アルベカシン硫酸塩,ハベカシン注射液200mg,6119400A4025,アルベカシン硫酸塩|ハベカシン注射液,200.0mg,注射剤,ハベカシン注射液25mg,6e647e2f649b
アルベカシン硫酸塩,ハベカシン注射液75mg,6119400A1069,アルベカシン硫酸塩|ハベカシン注射液,75.0mg,注射剤,ハベカシン注射液25mg,6e647e2f649b
トリアゾラム,ハルシオン0.25mg錠,1124007F2026,トリアゾラム|ハルシオン錠,0.25mg,錠,ハルシオン0.125mg錠,39996b2a54a5
-,ハルトマン−G3号輸液,3319510A4130,-|ハルトマン−G3号輸液,,液剤,ハルトマン−G3号輸液,4cf94669b543
乳酸リンゲル液,ハルトマン液「コバヤシ」（500mL袋）,3319534A4194,乳酸リンゲル液|ハルトマン液「コバヤシ」(袋),500.0ml,液剤,,8ee72f13f620
"タムスロシン塩酸塩口腔内崩壊錠
Tamsulosin Hydrochloride",ハルナールD錠0.2mg,2590008F2022,"タムスロシン塩酸塩口腔内崩壊錠
Tamsulosin Hydrochloride|ハルナールD錠",0.2mg,錠,ハルナールD錠0.1mg,39485a725521
ロピニロール塩酸塩経皮吸収型製剤,ハルロピテープ16mg,1169701S2026,ロピニロール塩酸塩経皮吸収型製剤|ハルロピテープ,16.0mg,貼付剤,ハルロピテープ8mg,954900d22fc6
ロピニロール塩酸塩経皮吸収型製剤,ハルロピテープ24mg,1169701S3022,ロピニロール塩酸塩経皮吸収型製剤|ハルロピテープ,24.0mg,貼付剤,ハルロピテープ8mg,954900d22fc6
ロピニロール塩酸塩経皮吸収型製剤,ハルロピテープ32mg,1169701S4029,ロピニロール塩酸塩経皮吸収型製剤|ハルロピテープ,32.0mg,貼付剤,ハルロピテープ8mg,954900d22fc6
ロピニロール塩酸塩経皮吸収型製剤,ハルロピテープ40mg,1169701S5025,ロピニロール塩酸塩経皮吸収型製剤|ハルロピテープ,40.0mg,貼付剤,ハルロピテープ8mg,954900d22fc6
ハロペリドール,ハロペリドール細粒1%「アメル」,1179020C1280,ハロペリドール|ハロペリドール細粒「アメル」,1.0%,(不明),,6c64c1d52d5f
ハロペリドール,ハロペリドール細粒1%「ツルハラ」,1179020C1272,ハロペリドール|ハロペリドール細粒「ツルハラ」,1.0%,(不明),,b9d5de3a749c
ハロペリドール,ハロペリドール錠1.5mg「アメル」,1179020F3298,ハロペリドール|ハロペリドール錠「アメル」,1.5mg,錠,ハロペリドール錠0.75mg「アメル」,6c64c1d52d5f
ハロペリドール錠,ハロペリドール錠1.5mg「ヨシトミ」,1179020F3310,ハロペリドール錠|ハロペリドール錠「ヨシトミ」,1.5mg,錠,ハロペリドール錠0.75mg「ヨシトミ」,f6d98a04cd16
ハロペリドール,ハロペリドール錠1mg「アメル」,1179020F2100,ハロペリドール|ハロペリドール錠「アメル」,1.0mg,錠,ハロペリドール錠0.75mg「アメル」,6c64c1d52d5f
ハロペリドール,ハロペリドール錠1mg「タカタ」,1179020F2127,ハロペリドール|ハロペリドール錠「タカタ」,1.0mg,錠,,53c2bf6ac184
ハロペリドール,ハロペリドール錠2mg「アメル」,1179020F4073,ハロペリドール|ハロペリドール錠「アメル」,2.0mg,錠,ハロペリドール錠0.75mg「アメル」,6c64c1d52d5f
ハロペリドール,ハロペリドール錠2mg「タカタ」,1179020F4090,ハロペリドール|ハロペリドール錠「タカタ」,2.0mg,錠,,53c2bf6ac184
ハロペリドール錠,ハロペリドール錠2mg「ヨシトミ」,1179020F4081,ハロペリドール錠|ハロペリドール錠「ヨシトミ」,2.0mg,錠,ハロペリドール錠0.75mg「ヨシトミ」,f6d98a04cd16
ハロペリドール,ハロペリドール錠3mg「アメル」,1179020F5142,ハロペリドール|ハロペリドール錠「アメル」,3.0mg,錠,ハロペリドール錠0.75mg「アメル」,6c64c1d52d5f
ハロペリドール錠,ハロペリドール錠3mg「ヨシトミ」,1179020F5169,ハロペリドール錠|ハロペリドール錠「ヨシトミ」,3.0mg,錠,ハロペリドール錠0.75mg「ヨシトミ」,f6d98a04cd16
ハロペリドールデカン酸エステル,ハロマンス注100mg,1179406A2033,ハロペリドールデカン酸エステル|ハロマンス注,100.0mg,注射剤,ハロマンス注50mg,cb402e1c0b2d
トラスツズマブ（遺伝子組換え）,ハーセプチン注射用150,4291406D6020,トラスツズマブ（遺伝子組換え）|ハーセプチン注射用150,,注射剤,,6cd9baa6bf71
ジゴキシン,ハーフジゴキシンKY錠0.125,2113003F2029,ジゴキシン|ハーフジゴキシンKY錠0.125,,錠,,64d911170f3f
シルデナフィルクエン酸塩,バイアグラODフィルム25mg,2590018F3022,シルデナフィルクエン酸塩|バイアグラODフィルム,25.0mg,(不明),,226746607a23
シルデナフィルクエン酸塩,バイアグラODフィルム50mg,2590018F4029,シルデナフィルクエン酸塩|バイアグラODフィルム,50.0mg,(不明),,226746607a23
シルデナフィルクエン酸塩,バイアグラ錠50mg,2590018F2026,シルデナフィルクエン酸塩|バイアグラ錠,50.0mg,錠,バイアグラ錠25mg,226746607a23
乾燥濃縮人血液凝固第Ⅹ因子加活性化第Ⅶ因子,バイクロット配合静注用10mL（室温保存品）,6343500D3020,乾燥濃縮人血液凝固第Ⅹ因子加活性化第Ⅶ因子|バイクロット配合静注用(室温保存品),10.0ml,注射剤,バイクロット配合静注用2.5mL（室温保存品）,7e98bb263963
乾燥濃縮人血液凝固第Ⅹ因子加活性化第Ⅶ因子,バイクロット配合静注用5mL（室温保存品）,6343500D2023,乾燥濃縮人血液凝固第Ⅹ因子加活性化第Ⅶ因子|バイクロット配合静注用(室温保存品),5.0ml,注射剤,バイクロット配合静注用2.5mL（室温保存品）,7e98bb263963
ニトレンジピン錠,バイロテンシン錠10mg,2171020F2026,ニトレンジピン錠|バイロテンシン錠,10.0mg,錠,バイロテンシン錠5mg,536e0b704693
ノルフロキサシン錠,バクシダール錠200mg,6241005F2026,ノルフロキサシン錠|バクシダール錠,200.0mg,錠,バクシダール錠100mg,2c4452162b7d
スルファメトキサゾール・トリメトプリム,バクタミニ配合錠,6290100F3022,スルファメトキサゾール・トリメトプリム|バクタミニ配合錠,,錠,,72c8dfe93db1
スルファメトキサゾール・トリメトプリム,バクタ配合顆粒,6290100D1088,スルファメトキサゾール・トリメトプリム|バクタ配合顆粒,,顆粒,,72c8dfe93db1
トリメトプリム・スルファメトキサゾール,バクトラミン配合顆粒,6290100D1096,トリメトプリム・スルファメトキサゾール|バクトラミン配合顆粒,,顆粒,,113790fb0e75
注射用セフォペラゾンナトリウム・スルバクタムナトリウム,バクフォーゼ静注用1g,6139500F2110,注射用セフォペラゾンナトリウム・スルバクタムナトリウム|バクフォーゼ静注用,1.0g,注射剤,バクフォーゼ静注用0.5g,639f12bfaf2c
テラゾシン塩酸塩水和物錠,バソメット錠0.5mg,2149023F2037,テラゾシン塩酸塩水和物錠|バソメット錠,0.5mg,錠,バソメット錠0.25mg,ad231bf05262
テラゾシン塩酸塩水和物錠,バソメット錠1mg,2149023F3033,テラゾシン塩酸塩水和物錠|バソメット錠,1.0mg,錠,バソメット錠0.25mg,ad231bf05262
テラゾシン塩酸塩水和物錠,バソメット錠2mg,2149023F4030,テラゾシン塩酸塩水和物錠|バソメット錠,2.0mg,錠,バソメット錠0.25mg,ad231bf05262
プロピベリン塩酸塩,バップフォー細粒2%,2590007C1025,プロピベリン塩酸塩|バップフォー細粒,2.0%,(不明),,1438332e88d5
プロピベリン塩酸塩,バップフォー錠20,2590007F2028,プロピベリン塩酸塩|バップフォー錠20,,錠,,1438332e88d5
ファリシマブ（遺伝子組換え）,バビースモ硝子体内注射用キット120mg/mL,1319408G1023,ファリシマブ（遺伝子組換え）|バビースモ硝子体内注射用キット/mL,120.0mg,注射剤,,194bde323522
バダデュスタット錠,バフセオ錠300mg,3999050F2026,バダデュスタット錠|バフセオ錠,300.0mg,錠,バフセオ錠150mg,4b468c1c474e
クロルジアゼポキシド,バランス錠10mg,1124028F2079,クロルジアゼポキシド|バランス錠,10.0mg,錠,バランス錠5mg,f834821d372b
バルガンシクロビル塩酸塩製剤,バリキサドライシロップ5000mg,6250025R1022,バルガンシクロビル塩酸塩製剤|バリキサドライシロップ,5000.0mg,ドライシロップ,,99a6d786323c
バルサルタン口腔内崩壊錠,バルサルタンOD錠160mg「トーワ」,2149041F8033,バルサルタン口腔内崩壊錠|バルサルタンOD錠「トーワ」,160.0mg,OD錠,バルサルタンOD錠20mg「トーワ」,f834dcf907e8
バルサルタン口腔内崩壊錠,バルサルタンOD錠40mg「トーワ」,2149041F6030,バルサルタン口腔内崩壊錠|バルサルタンOD錠「トーワ」,40.0mg,OD錠,バルサルタンOD錠20mg「トーワ」,f834dcf907e8
バルサルタン口腔内崩壊錠,バルサルタンOD錠80mg「トーワ」,2149041F7037,バルサルタン口腔内崩壊錠|バルサルタンOD錠「トーワ」,80.0mg,OD錠,バルサルタンOD錠20mg「トーワ」,f834dcf907e8
バルサルタン,バルサルタン錠160mg「BMD」,2149041F4356,バルサルタン|バルサルタン錠「BMD」,160.0mg,錠,バルサルタン錠20mg「BMD」,d93b4c0be869
バルサルタン,バルサルタン錠160mg「DSEP」,2149041F4054,バルサルタン|バルサルタン錠「DSEP」,160.0mg,錠,バルサルタン錠20mg「DSEP」,07f026788db2
バルサルタン,バルサルタン錠160mg「FFP」,2149041F4070,バルサルタン|バルサルタン錠「FFP」,160.0mg,錠,バルサルタン錠20mg「FFP」,812fc4e45ff6
バルサルタン錠,バルサルタン錠160mg「JG」,2149041F4089,バルサルタン錠|バルサルタン錠「JG」,160.0mg,錠,バルサルタン錠20mg「JG」,8bcc000883e3
バルサルタン,バルサルタン錠160mg「Me」,2149041F4364,バルサルタン|バルサルタン錠「Me」,160.0mg,錠,バルサルタン錠20mg「Me」,4ae7d3d100d7
バルサルタン錠,バルサルタン錠160mg「TCK」,2149041F4127,バルサルタン錠|バルサルタン錠「TCK」,160.0mg,錠,バルサルタン錠20mg「TCK」,1d2dc418d682
バルサルタン,バルサルタン錠160mg「オーハラ」,2149041F4178,バルサルタン|バルサルタン錠「オーハラ」,160.0mg,錠,バルサルタン錠20mg「オーハラ」,def909358353
バルサルタン,バルサルタン錠160mg「ケミファ」,2149041F4208,バルサルタン|バルサルタン錠「ケミファ」,160.0mg,錠,バルサルタン錠20mg「ケミファ」,35b1d1877c26
バルサルタン,バルサルタン錠160mg「サワイ」,2149041F4224,バルサルタン|バルサルタン錠「サワイ」,160.0mg,錠,バルサルタン錠20mg「サワイ」,186078b38eec
バルサルタン,バルサルタン錠160mg「サンド」,2149041F4232,バルサルタン|バルサルタン錠「サンド」,160.0mg,錠,バルサルタン錠20mg「サンド」,110cad5215cd
バルサルタン,バルサルタン錠160mg「ツルハラ」,2149041F4267,バルサルタン|バルサルタン錠「ツルハラ」,160.0mg,錠,バルサルタン錠20mg「ツルハラ」,6acf33ede499
バルサルタン錠,バルサルタン錠160mg「トーワ」,2149041F4275,バルサルタン錠|バルサルタン錠「トーワ」,160.0mg,錠,バルサルタン錠20mg「トーワ」,f447b63d2a90
バルサルタン,バルサルタン錠160mg「日医工」,2149041F4283,バルサルタン|バルサルタン錠「日医工」,160.0mg,錠,バルサルタン錠20mg「日医工」,a3f23bda19cd
バルサルタン,バルサルタン錠160mg「日新」,2149041F4291,バルサルタン|バルサルタン錠「日新」,160.0mg,錠,バルサルタン錠20mg「日新」,a9676e0798ed
バルサルタン,バルサルタン錠160mg「杏林」,2149041F4194,バルサルタン|バルサルタン錠「杏林」,160.0mg,錠,バルサルタン錠20mg「杏林」,8f1b7005370f
バルサルタン,バルサルタン錠40mg「BMD」,2149041F2353,バルサルタン|バルサルタン錠「BMD」,40.0mg,錠,バルサルタン錠20mg「BMD」,d93b4c0be869
バルサルタン,バルサルタン錠40mg「DSEP」,2149041F2051,バルサルタン|バルサルタン錠「DSEP」,40.0mg,錠,バルサルタン錠20mg「DSEP」,07f026788db2
バルサルタン,バルサルタン錠40mg「FFP」,2149041F2078,バルサルタン|バルサルタン錠「FFP」,40.0mg,錠,バルサルタン錠20mg「FFP」,812fc4e45ff6
バルサルタン錠,バルサルタン錠40mg「JG」,2149041F2086,バルサルタン錠|バルサルタン錠「JG」,40.0mg,錠,バルサルタン錠20mg「JG」,8bcc000883e3
バルサルタン,バルサルタン錠40mg「Me」,2149041F2361,バルサルタン|バルサルタン錠「Me」,40.0mg,錠,バルサルタン錠20mg「Me」,4ae7d3d100d7
バルサルタン錠,バルサルタン錠40mg「TCK」,2149041F2124,バルサルタン錠|バルサルタン錠「TCK」,40.0mg,錠,バルサルタン錠20mg「TCK」,1d2dc418d682
バルサルタン,バルサルタン錠40mg「オーハラ」,2149041F2175,バルサルタン|バルサルタン錠「オーハラ」,40.0mg,錠,バルサルタン錠20mg「オーハラ」,def909358353
バルサルタン,バルサルタン錠40mg「ケミファ」,2149041F2205,バルサルタン|バルサルタン錠「ケミファ」,40.0mg,錠,バルサルタン錠20mg「ケミファ」,35b1d1877c26
バルサルタン,バルサルタン錠40mg「サワイ」,2149041F2221,バルサルタン|バルサルタン錠「サワイ」,40.0mg,錠,バルサルタン錠20mg「サワイ」,186078b38eec
バルサルタン,バルサルタン錠40mg「サンド」,2149041F2230,バルサルタン|バルサルタン錠「サンド」,40.0mg,錠,バルサルタン錠20mg「サンド」,110cad5215cd
バルサルタン,バルサルタン錠40mg「ツルハラ」,2149041F2264,バルサルタン|バルサルタン錠「ツルハラ」,40.0mg,錠,バルサルタン錠20mg「ツルハラ」,6acf33ede499
バルサルタン錠,バルサルタン錠40mg「トーワ」,2149041F2272,バルサルタン錠|バルサルタン錠「トーワ」,40.0mg,錠,バルサルタン錠20mg「トーワ」,f447b63d2a90
バルサルタン,バルサルタン錠40mg「日医工」,2149041F2280,バルサルタン|バルサルタン錠「日医工」,40.0mg,錠,バルサルタン錠20mg「日医工」,a3f23bda19cd
バルサルタン,バルサルタン錠40mg「日新」,2149041F2299,バルサルタン|バルサルタン錠「日新」,40.0mg,錠,バルサルタン錠20mg「日新」,a9676e0798ed
バルサルタン,バルサルタン錠40mg「杏林」,2149041F2191,バルサルタン|バルサルタン錠「杏林」,40.0mg,錠,バルサルタン錠20mg「杏林」,8f1b7005370f
バルサルタン,バルサルタン錠80mg「BMD」,2149041F3350,バルサルタン|バルサルタン錠「BMD」,80.0mg,錠,バルサルタン錠20mg「BMD」,d93b4c0be869
バルサルタン,バルサルタン錠80mg「DSEP」,2149041F3058,バルサルタン|バルサルタン錠「DSEP」,80.0mg,錠,バルサルタン錠20mg「DSEP」,07f026788db2
バルサルタン,バルサルタン錠80mg「FFP」,2149041F3074,バルサルタン|バルサルタン錠「FFP」,80.0mg,錠,バルサルタン錠20mg「FFP」,812fc4e45ff6
バルサルタン錠,バルサルタン錠80mg「JG」,2149041F3082,バルサルタン錠|バルサルタン錠「JG」,80.0mg,錠,バルサルタン錠20mg「JG」,8bcc000883e3
バルサルタン,バルサルタン錠80mg「Me」,2149041F3368,バルサルタン|バルサルタン錠「Me」,80.0mg,錠,バルサルタン錠20mg「Me」,4ae7d3d100d7
バルサルタン錠,バルサルタン錠80mg「TCK」,2149041F3120,バルサルタン錠|バルサルタン錠「TCK」,80.0mg,錠,バルサルタン錠20mg「TCK」,1d2dc418d682
バルサルタン,バルサルタン錠80mg「オーハラ」,2149041F3171,バルサルタン|バルサルタン錠「オーハラ」,80.0mg,錠,バルサルタン錠20mg「オーハラ」,def909358353
バルサルタン,バルサルタン錠80mg「ケミファ」,2149041F3201,バルサルタン|バルサルタン錠「ケミファ」,80.0mg,錠,バルサルタン錠20mg「ケミファ」,35b1d1877c26
バルサルタン,バルサルタン錠80mg「サワイ」,2149041F3228,バルサルタン|バルサルタン錠「サワイ」,80.0mg,錠,バルサルタン錠20mg「サワイ」,186078b38eec
バルサルタン,バルサルタン錠80mg「サンド」,2149041F3236,バルサルタン|バルサルタン錠「サンド」,80.0mg,錠,バルサルタン錠20mg「サンド」,110cad5215cd
バルサルタン,バルサルタン錠80mg「ツルハラ」,2149041F3260,バルサルタン|バルサルタン錠「ツルハラ」,80.0mg,錠,バルサルタン錠20mg「ツルハラ」,6acf33ede499
バルサルタン錠,バルサルタン錠80mg「トーワ」,2149041F3279,バルサルタン錠|バルサルタン錠「トーワ」,80.0mg,錠,バルサルタン錠20mg「トーワ」,f447b63d2a90
バルサルタン,バルサルタン錠80mg「日医工」,2149041F3287,バルサルタン|バルサルタン錠「日医工」,80.0mg,錠,バルサルタン錠20mg「日医工」,a3f23bda19cd
バルサルタン,バルサルタン錠80mg「日新」,2149041F3295,バルサルタン|バルサルタン錠「日新」,80.0mg,錠,バルサルタン錠20mg「日新」,a9676e0798ed
バルサルタン,バルサルタン錠80mg「杏林」,2149041F3198,バルサルタン|バルサルタン錠「杏林」,80.0mg,錠,バルサルタン錠20mg「杏林」,8f1b7005370f
バルデナフィル塩酸塩水和物錠,バルデナフィル錠10mg「FCI」,259000BF2050,バルデナフィル塩酸塩水和物錠|バルデナフィル錠「FCI」,10.0mg,錠,バルデナフィル錠5mg「FCI」,263ce6027c2e
バルデナフィル塩酸塩水和物錠,バルデナフィル錠20mg「FCI」,259000BF3056,バルデナフィル塩酸塩水和物錠|バルデナフィル錠「FCI」,20.0mg,錠,バルデナフィル錠5mg「FCI」,263ce6027c2e
バルデナフィル塩酸塩水和物,バルデナフィル錠20mg「サワイ」,259000BF3030,バルデナフィル塩酸塩水和物|バルデナフィル錠「サワイ」,20.0mg,錠,バルデナフィル錠10mg「サワイ」,4d8c5ef724f4
バルデナフィル塩酸塩水和物錠,バルデナフィル錠20mg「トーワ」,259000BF3048,バルデナフィル塩酸塩水和物錠|バルデナフィル錠「トーワ」,20.0mg,錠,バルデナフィル錠10mg「トーワ」,3c6015f28b5e
スルトプリド塩酸塩,バルネチール細粒50%,1179032C1046,スルトプリド塩酸塩|バルネチール細粒,50.0%,(不明),,8f0a6757318a
スルトプリド塩酸塩,バルネチール錠100,1179032F2022,スルトプリド塩酸塩|バルネチール錠100,,錠,,8f0a6757318a
スルトプリド塩酸塩,バルネチール錠200,1179032F3029,スルトプリド塩酸塩|バルネチール錠200,,錠,,8f0a6757318a
エルダフィチニブ,バルバーサ錠4mg,4291093F2022,エルダフィチニブ|バルバーサ錠,4.0mg,錠,バルバーサ錠3mg,26f591e768a7
エルダフィチニブ,バルバーサ錠5mg,4291093F3029,エルダフィチニブ|バルバーサ錠,5.0mg,錠,バルバーサ錠3mg,26f591e768a7
バルサルタン・ヒドロクロロチアジド錠,バルヒディオ配合錠EX「JG」,2149112F2053,バルサルタン・ヒドロクロロチアジド錠|バルヒディオ配合錠EX「JG」,,錠,,83771317e1fc
バルサルタン・ヒドロクロロチアジド錠,バルヒディオ配合錠EX「NIG」,2149112F2126,バルサルタン・ヒドロクロロチアジド錠|バルヒディオ配合錠EX「NIG」,,錠,,0a087a78012b
バルサルタン・ヒドロクロロチアジド錠,バルヒディオ配合錠EX「TCK」,2149112F2061,バルサルタン・ヒドロクロロチアジド錠|バルヒディオ配合錠EX「TCK」,,錠,,6fbbd2dc57fa
"バルサルタン
ヒドロクロロチアジド",バルヒディオ配合錠EX「サワイ」,2149112F2070,"バルサルタン
ヒドロクロロチアジド|バルヒディオ配合錠EX「サワイ」",,錠,,01aa2beb5feb
バルサルタン・ヒドロクロロチアジド錠,バルヒディオ配合錠EX「サンド」,2149112F2037,バルサルタン・ヒドロクロロチアジド錠|バルヒディオ配合錠EX「サンド」,,錠,,c0eed588e914
"バルサルタン
ヒドロクロロチアジド",バルヒディオ配合錠EX「ツルハラ」,2149112F2096,"バルサルタン
ヒドロクロロチアジド|バルヒディオ配合錠EX「ツルハラ」",,錠,,246453306516
バルサルタン／ヒドロクロロチアジド配合錠,バルヒディオ配合錠EX「トーワ」,2149112F2100,バルサルタン／ヒドロクロロチアジド配合錠|バルヒディオ配合錠EX「トーワ」,,錠,,e66f4dff2082
バルプロ酸ナトリウム,バルプロ酸Naシロップ5%「フジナガ」,1139004Q1127,バルプロ酸ナトリウム|バルプロ酸Naシロップ「フジナガ」,5.0%,シロップ,,ce49d5b13aba
バルプロ酸ナトリウム,バルプロ酸Na錠200mg「フジナガ」,1139004F2190,バルプロ酸ナトリウム|バルプロ酸Na錠「フジナガ」,200.0mg,錠,バルプロ酸Na錠100mg「フジナガ」,ce49d5b13aba
バルプロ酸ナトリウム,バルプロ酸ナトリウムSR錠200mg「アメル」,1139004G2055,バルプロ酸ナトリウム|バルプロ酸ナトリウムSR錠「アメル」,200.0mg,錠,バルプロ酸ナトリウムSR錠100mg「アメル」,af88e41f5122
バルプロ酸ナトリウム,バルプロ酸ナトリウム徐放錠A200mg「トーワ」,1139004G2080,バルプロ酸ナトリウム|バルプロ酸ナトリウム徐放錠A「トーワ」,200.0mg,錠,バルプロ酸ナトリウム徐放錠A100mg「トーワ」,75f818a4446b
バルプロ酸ナトリウム,バルプロ酸ナトリウム細粒40%「EMEC」,1139004C2070,バルプロ酸ナトリウム|バルプロ酸ナトリウム細粒「EMEC」,40.0%,(不明),バルプロ酸ナトリウム細粒20%「EMEC」,7195102d0d89
バルプロ酸ナトリウム,バルプロ酸ナトリウム錠200mg「DSP」,1139004F2203,バルプロ酸ナトリウム|バルプロ酸ナトリウム錠「DSP」,200.0mg,錠,バルプロ酸ナトリウム錠100mg「DSP」,2218aab48777
バルプロ酸ナトリウム,バルプロ酸ナトリウム錠200mg「アメル」,1139004F2165,バルプロ酸ナトリウム|バルプロ酸ナトリウム錠「アメル」,200.0mg,錠,バルプロ酸ナトリウム錠100mg「アメル」,096d64d80ce6
バンコマイシン塩酸塩,バンコマイシン塩酸塩点滴静注用1g「VTRS」,6113400A2070,バンコマイシン塩酸塩|バンコマイシン塩酸塩点滴静注用「VTRS」,1.0g,注射剤,バンコマイシン塩酸塩点滴静注用0.5g「VTRS」,b9498a6b6319
バンコマイシン塩酸塩,バンコマイシン塩酸塩点滴静注用1g「明治」,6113400A2061,バンコマイシン塩酸塩|バンコマイシン塩酸塩点滴静注用「明治」,1.0g,注射剤,バンコマイシン塩酸塩点滴静注用0.5g「明治」,adbc4a8701f1
パロキセチン塩酸塩水和物,パキシルCR錠12.5mg,1179041G1020,パロキセチン塩酸塩水和物|パキシルCR錠,12.5mg,錠,パキシルCR錠6.25mg,a4206550b441
パロキセチン塩酸塩水和物,パキシルCR錠25mg,1179041G2027,パロキセチン塩酸塩水和物|パキシルCR錠,25.0mg,錠,パキシルCR錠6.25mg,a4206550b441
パロキセチン塩酸塩水和物,パキシル錠10mg,1179041F1025,パロキセチン塩酸塩水和物|パキシル錠,10.0mg,錠,パキシル錠5mg,578f45d39cfe
パロキセチン塩酸塩水和物,パキシル錠20mg,1179041F2021,パロキセチン塩酸塩水和物|パキシル錠,20.0mg,錠,パキシル錠5mg,578f45d39cfe
"ニルマトレルビル
リトナビル",パキロビッドパック300,6250120X1027,"ニルマトレルビル
リトナビル|パキロビッドパック300",,(不明),,724b2bca3f88
"ニルマトレルビル
リトナビル",パキロビッドパック300（旧製品：リトナビル 識別コードNK）,6250120X1027,"ニルマトレルビル
リトナビル|パキロビッドパック300(旧製品:リトナビル識別コードNK)",,(不明),,588175392403
パクリタキセル,パクリタキセル注100mg/16.7mL「NK」,4240406A2046,パクリタキセル|パクリタキセル注/「NK」,100.0mg/16.7ml,注射剤,パクリタキセル注30mg/5mL「NK」,55bfa40810ba
パクリタキセル注射液,パクリタキセル注射液100mg「NP」,4240406A2089,パクリタキセル注射液|パクリタキセル注射液「NP」,100.0mg,注射剤,パクリタキセル注射液30mg「NP」,5610a12849cf
パクリタキセル,パクリタキセル注射液100mg「サワイ」,4240406A2054,パクリタキセル|パクリタキセル注射液「サワイ」,100.0mg,注射剤,パクリタキセル注射液30mg「サワイ」,f5a6ff3a74cb
パクリタキセル,パクリタキセル注射液150mg「サワイ」,4240406A3026,パクリタキセル|パクリタキセル注射液「サワイ」,150.0mg,注射剤,パクリタキセル注射液30mg「サワイ」,f5a6ff3a74cb
パクリタキセル・注射液,パクリタキセル点滴静注液100mg/16.7mL「ホスピーラ」,4240406A2097,パクリタキセル・注射液|パクリタキセル点滴静注液/「ホスピーラ」,100.0mg/16.7ml,注射剤,パクリタキセル点滴静注液30mg/5mL「ホスピーラ」,c16b56e0f18e
パズフロキサシンメシル酸塩,パシル点滴静注液500mg,6241401G2026,パズフロキサシンメシル酸塩|パシル点滴静注液,500.0mg,注射剤,パシル点滴静注液300mg,c798002c18e6
モルヒネ塩酸塩水和物徐放性カプセル,パシーフカプセル120mg,8114005N3023,モルヒネ塩酸塩水和物徐放性カプセル|パシーフカプセル,120.0mg,カプセル,パシーフカプセル30mg,f7207a19a1a8
モルヒネ塩酸塩水和物徐放性カプセル,パシーフカプセル60mg,8114005N2027,モルヒネ塩酸塩水和物徐放性カプセル|パシーフカプセル,60.0mg,カプセル,パシーフカプセル30mg,f7207a19a1a8
尿素製剤,パスタロンソフト軟膏20%,2669701M2100,尿素製剤|パスタロンソフト軟膏,20.0%,軟膏,パスタロンソフト軟膏10%,dfb64d174704
尿素製剤,パスタロンローション10%,2669701Q1059,尿素製剤|パスタロンローション,10.0%,ローション,,2c56cde35c64
パズフロキサシンメシル酸塩注射液,パズクロス点滴静注液1000mg,6241401G3030,パズフロキサシンメシル酸塩注射液|パズクロス点滴静注液,1000.0mg,注射剤,パズクロス点滴静注液300mg,b4812ab11f62
パズフロキサシンメシル酸塩注射液,パズクロス点滴静注液500mg,6241401G2042,パズフロキサシンメシル酸塩注射液|パズクロス点滴静注液,500.0mg,注射剤,パズクロス点滴静注液300mg,b4812ab11f62
-,パッチテスト試薬金属 三塩化インジウム1%,7290706T1024,-|パッチテスト試薬金属三塩化インジウム,1.0%,(不明),,e62e7e7ea220
-,パッチテスト試薬金属 四塩化イリジウム1%,7290706T1024,-|パッチテスト試薬金属四塩化イリジウム,1.0%,(不明),,e62e7e7ea220
-,パッチテスト試薬金属 塩化コバルト2%,7290706T1024,-|パッチテスト試薬金属塩化コバルト,2.0%,(不明),,e62e7e7ea220
-,パッチテスト試薬金属 塩化パラジウム1%,7290706T1024,-|パッチテスト試薬金属塩化パラジウム,1.0%,(不明),,e62e7e7ea220
-,パッチテスト試薬金属 塩化マンガン2%,7290706T1024,-|パッチテスト試薬金属塩化マンガン,2.0%,(不明),,e62e7e7ea220
-,パッチテスト試薬金属 塩化亜鉛2%,7290706T1024,-|パッチテスト試薬金属塩化亜鉛,2.0%,(不明),,e62e7e7ea220
-,パッチテスト試薬金属 塩化白金酸0.5%,7290706T1024,-|パッチテスト試薬金属塩化白金酸,0.5%,(不明),,e62e7e7ea220
-,パッチテスト試薬金属 塩化第二スズ1%,7290706T1024,-|パッチテスト試薬金属塩化第二スズ,1.0%,(不明),,e62e7e7ea220
-,パッチテスト試薬金属 塩化第二水銀0.05%,7290706T1024,-|パッチテスト試薬金属塩化第二水銀,0.05%,(不明),,e62e7e7ea220
-,パッチテスト試薬金属 塩化第二鉄2%,7290706T1024,-|パッチテスト試薬金属塩化第二鉄,2.0%,(不明),,e62e7e7ea220
-,パッチテスト試薬金属 塩化金酸0.2%,7290706T1024,-|パッチテスト試薬金属塩化金酸,0.2%,(不明),,e62e7e7ea220
-,パッチテスト試薬金属 硫酸クロム2%,7290706T1024,-|パッチテスト試薬金属硫酸クロム,2.0%,(不明),,e62e7e7ea220
-,パッチテスト試薬金属 硫酸ニッケル5%,7290706T1024,-|パッチテスト試薬金属硫酸ニッケル,5.0%,(不明),,e62e7e7ea220
-,パッチテスト試薬金属 硫酸銅1%,7290706T1024,-|パッチテスト試薬金属硫酸銅,1.0%,(不明),,e62e7e7ea220
-,パッチテスト試薬金属 臭化銀2%,7290706T1024,-|パッチテスト試薬金属臭化銀,2.0%,(不明),,e62e7e7ea220
-,パッチテスト試薬金属 重クロム酸カリウム0.5%,7290706T1024,-|パッチテスト試薬金属重クロム酸カリウム,0.5%,(不明),,e62e7e7ea220
"エンホルツマブ　ベドチン（遺伝子組換え）注
Enfortumab Vedotin（Genetical Recombination）",パドセブ点滴静注用30㎎,4291459D1020,"エンホルツマブ　ベドチン（遺伝子組換え）注
Enfortumab Vedotin（Genetical Recombination）|パドセブ点滴静注用",30.0mg,注射剤,パドセブ点滴静注用20㎎,e402a456d74f
チクロピジン,パナルジン細粒10%,3399001C1027,チクロピジン|パナルジン細粒,10.0%,(不明),,5b909178d647
ジベカシン硫酸塩,パニマイシン注射液100mg,6134400A2053,ジベカシン硫酸塩|パニマイシン注射液,100.0mg,注射剤,パニマイシン注射液50mg,94d564c4edf6
パミドロン酸二ナトリウム水和物,パミドロン酸二Na点滴静注用30mg「サワイ」,3999418D2046,パミドロン酸二ナトリウム水和物|パミドロン酸二Na点滴静注用「サワイ」,30.0mg,注射剤,パミドロン酸二Na点滴静注用15mg「サワイ」,b79a7fdee61d
カルボプラチン,パラプラチン注射液150mg,4291403A2084,カルボプラチン|パラプラチン注射液,150.0mg,注射剤,パラプラチン注射液50mg,9161224c28e0
カルボプラチン,パラプラチン注射液450mg,4291403A3080,カルボプラチン|パラプラチン注射液,450.0mg,注射剤,パラプラチン注射液50mg,9161224c28e0
ラベプラゾールナトリウム,パリエット錠10mg,2329028F1023,ラベプラゾールナトリウム|パリエット錠,10.0mg,錠,パリエット錠20mg; パリエット錠5mg,212563af1677
ペグバリアーゼ（遺伝子組換え）製剤,パリンジック皮下注10mg,3999469G2029,ペグバリアーゼ（遺伝子組換え）製剤|パリンジック皮下注,10.0mg,注射剤,パリンジック皮下注2.5mg,81bb92cba1c7
ペグバリアーゼ（遺伝子組換え）製剤,パリンジック皮下注20mg,3999469G3025,ペグバリアーゼ（遺伝子組換え）製剤|パリンジック皮下注,20.0mg,注射剤,パリンジック皮下注2.5mg,81bb92cba1c7
アルプロスタジル注射液,パルクス注10µg,2190406A2051,アルプロスタジル注射液|パルクス注,10.0μg,注射剤,パルクス注5µg,44c0f2e91b66
パルナパリンナトリウム,パルナパリンNa透析用150単位/mLシリンジ20mL「フソー」,3334404G2043,パルナパリンナトリウム|パルナパリンNa透析用/mLシリンジ「フソー」,150.0単位/20.0ml,(不明),パルナパリンNa透析用100単位/mLシリンジ20mL「フソー」,4c9b7a88baa4
パルナパリンナトリウム,パルナパリンNa透析用200単位/mLシリンジ20mL「フソー」,3334404G3040,パルナパリンナトリウム|パルナパリンNa透析用/mLシリンジ「フソー」,200.0単位/20.0ml,(不明),パルナパリンNa透析用100単位/mLシリンジ20mL「フソー」,4c9b7a88baa4
ブデソニド吸入剤,パルミコート200µgタービュヘイラー112吸入,2290701G3031,ブデソニド吸入剤|パルミコートタービュヘイラー112吸入,200.0μg,(不明),パルミコート100µgタービュヘイラー112吸入,c1cd65ba90db
ブデソニド吸入剤,パルミコート200µgタービュヘイラー56吸入,2290701G2035,ブデソニド吸入剤|パルミコートタービュヘイラー56吸入,200.0μg,(不明),,c1cd65ba90db
ブデソニド吸入用懸濁剤,パルミコート吸入液0.5mg,2290701G5026,ブデソニド吸入用懸濁剤|パルミコート吸入液,0.5mg,吸入剤,パルミコート吸入液0.25mg,ae7d713ef023
ペマフィブラート,パルモディアXR錠0.4mg,2183007G2027,ペマフィブラート|パルモディアXR錠,0.4mg,錠,パルモディアXR錠0.2mg,fe3373684502
-,パレプラス輸液（1000mL）,3259532G2020,-|パレプラス輸液(),1000.0ml,液剤,パレプラス輸液（500mL）,3e34a52c6c12
パロキセチン塩酸塩錠/口腔内崩壊錠,パロキセチンOD錠10mg「トーワ」,1179041F4024,パロキセチン塩酸塩錠/口腔内崩壊錠|パロキセチンOD錠「トーワ」,10.0mg,OD錠,,d12340fa9781
パロキセチン塩酸塩錠/口腔内崩壊錠,パロキセチンOD錠20mg「トーワ」,1179041F5020,パロキセチン塩酸塩錠/口腔内崩壊錠|パロキセチンOD錠「トーワ」,20.0mg,OD錠,,d12340fa9781
パロキセチン塩酸塩錠/口腔内崩壊錠,パロキセチンOD錠5mg「トーワ」,1179041F6027,パロキセチン塩酸塩錠/口腔内崩壊錠|パロキセチンOD錠「トーワ」,5.0mg,OD錠,,d12340fa9781
パロキセチン塩酸塩水和物,パロキセチン錠10mg「AA」,1179041F1033,パロキセチン塩酸塩水和物|パロキセチン錠「AA」,10.0mg,錠,パロキセチン錠5mg「AA」,7c627e15c5f3
パロキセチン塩酸塩水和物,パロキセチン錠10mg「DSEP」,1179041F1050,パロキセチン塩酸塩水和物|パロキセチン錠「DSEP」,10.0mg,錠,パロキセチン錠5mg「DSEP」,e1194bb79697
パロキセチン塩酸塩錠,パロキセチン錠10mg「JG」,1179041F1092,パロキセチン塩酸塩錠|パロキセチン錠「JG」,10.0mg,錠,パロキセチン錠5mg「JG」,2ac3207d25a3
パロキセチン塩酸塩水和物錠,パロキセチン錠10mg「NIG」,1179041F1394,パロキセチン塩酸塩水和物錠|パロキセチン錠「NIG」,10.0mg,錠,パロキセチン錠5mg「NIG」,59e0b013685b
パロキセチン塩酸塩水和物,パロキセチン錠10mg「NP」,1179041F1130,パロキセチン塩酸塩水和物|パロキセチン錠「NP」,10.0mg,錠,パロキセチン錠5mg「NP」,46eb2949e914
パロキセチン塩酸塩水和物,パロキセチン錠10mg「SPKK」,1179041F1360,パロキセチン塩酸塩水和物|パロキセチン錠「SPKK」,10.0mg,錠,パロキセチン錠5mg「SPKK」,4c9852b4170a
パロキセチン塩酸塩錠,パロキセチン錠10mg「TCK」,1179041F1149,パロキセチン塩酸塩錠|パロキセチン錠「TCK」,10.0mg,錠,パロキセチン錠5mg「TCK」,62748878f6d0
パロキセチン塩酸塩水和物,パロキセチン錠10mg「TSU」,1179041F1157,パロキセチン塩酸塩水和物|パロキセチン錠「TSU」,10.0mg,錠,パロキセチン錠5mg「TSU」,e9f22f343dca
パロキセチン塩酸塩水和物,パロキセチン錠10mg「VTRS」,1179041F1378,パロキセチン塩酸塩水和物|パロキセチン錠「VTRS」,10.0mg,錠,パロキセチン錠5mg「VTRS」,16f038f45c84
パロキセチン塩酸塩水和物錠,パロキセチン錠10mg「YD」,1179041F1165,パロキセチン塩酸塩水和物錠|パロキセチン錠「YD」,10.0mg,錠,パロキセチン錠5mg「YD」,5cbfb97096d8
パロキセチン塩酸塩水和物,パロキセチン錠10mg「ケミファ」,1179041F1203,パロキセチン塩酸塩水和物|パロキセチン錠「ケミファ」,10.0mg,錠,パロキセチン錠5mg「ケミファ」,42ac1f61e63b
パロキセチン塩酸塩水和物,パロキセチン錠10mg「サワイ」,1179041F1211,パロキセチン塩酸塩水和物|パロキセチン錠「サワイ」,10.0mg,錠,パロキセチン錠5mg「サワイ」,dc8195c3b476
パロキセチン塩酸塩水和物,パロキセチン錠10mg「タカタ」,1179041F1238,パロキセチン塩酸塩水和物|パロキセチン錠「タカタ」,10.0mg,錠,パロキセチン錠5mg「タカタ」,fa665869582b
パロキセチン塩酸塩錠/口腔内崩壊錠,パロキセチン錠10mg「トーワ」,1179041F1254,パロキセチン塩酸塩錠/口腔内崩壊錠|パロキセチン錠「トーワ」,10.0mg,錠,パロキセチン錠5mg「トーワ」,d12340fa9781
パロキセチン塩酸塩水和物,パロキセチン錠10mg「ニプロ」,1179041F1386,パロキセチン塩酸塩水和物|パロキセチン錠「ニプロ」,10.0mg,錠,パロキセチン錠5mg「ニプロ」,02a2a154d51e
パロキセチン塩酸塩水和物,パロキセチン錠10mg「フェルゼン」,1179041F1343,パロキセチン塩酸塩水和物|パロキセチン錠「フェルゼン」,10.0mg,錠,パロキセチン錠5mg「フェルゼン」,bcf8d19bc884
パロキセチン塩酸塩水和物,パロキセチン錠10mg「日新」,1179041F1270,パロキセチン塩酸塩水和物|パロキセチン錠「日新」,10.0mg,錠,パロキセチン錠5mg「日新」,3a80e06f385a
パロキセチン塩酸塩水和物,パロキセチン錠10mg「明治」,1179041F1300,パロキセチン塩酸塩水和物|パロキセチン錠「明治」,10.0mg,錠,パロキセチン錠5mg「明治」,c9d5715b8e56
パロキセチン塩酸塩水和物,パロキセチン錠10mg「科研」,1179041F1190,パロキセチン塩酸塩水和物|パロキセチン錠「科研」,10.0mg,錠,パロキセチン錠5mg「科研」,4973b93e2052
パロキセチン塩酸塩水和物,パロキセチン錠20mg「AA」,1179041F2030,パロキセチン塩酸塩水和物|パロキセチン錠「AA」,20.0mg,錠,パロキセチン錠5mg「AA」,7c627e15c5f3
パロキセチン塩酸塩水和物,パロキセチン錠20mg「DSEP」,1179041F2056,パロキセチン塩酸塩水和物|パロキセチン錠「DSEP」,20.0mg,錠,パロキセチン錠5mg「DSEP」,e1194bb79697
パロキセチン塩酸塩錠,パロキセチン錠20mg「JG」,1179041F2099,パロキセチン塩酸塩錠|パロキセチン錠「JG」,20.0mg,錠,パロキセチン錠5mg「JG」,2ac3207d25a3
パロキセチン塩酸塩水和物錠,パロキセチン錠20mg「NIG」,1179041F2390,パロキセチン塩酸塩水和物錠|パロキセチン錠「NIG」,20.0mg,錠,パロキセチン錠5mg「NIG」,59e0b013685b
パロキセチン塩酸塩水和物,パロキセチン錠20mg「NP」,1179041F2137,パロキセチン塩酸塩水和物|パロキセチン錠「NP」,20.0mg,錠,パロキセチン錠5mg「NP」,46eb2949e914
パロキセチン塩酸塩水和物,パロキセチン錠20mg「SPKK」,1179041F2366,パロキセチン塩酸塩水和物|パロキセチン錠「SPKK」,20.0mg,錠,パロキセチン錠5mg「SPKK」,4c9852b4170a
パロキセチン塩酸塩錠,パロキセチン錠20mg「TCK」,1179041F2145,パロキセチン塩酸塩錠|パロキセチン錠「TCK」,20.0mg,錠,パロキセチン錠5mg「TCK」,62748878f6d0
パロキセチン塩酸塩水和物,パロキセチン錠20mg「TSU」,1179041F2153,パロキセチン塩酸塩水和物|パロキセチン錠「TSU」,20.0mg,錠,パロキセチン錠5mg「TSU」,e9f22f343dca
パロキセチン塩酸塩水和物,パロキセチン錠20mg「VTRS」,1179041F2374,パロキセチン塩酸塩水和物|パロキセチン錠「VTRS」,20.0mg,錠,パロキセチン錠5mg「VTRS」,16f038f45c84
パロキセチン塩酸塩水和物錠,パロキセチン錠20mg「YD」,1179041F2161,パロキセチン塩酸塩水和物錠|パロキセチン錠「YD」,20.0mg,錠,パロキセチン錠5mg「YD」,5cbfb97096d8
パロキセチン塩酸塩水和物,パロキセチン錠20mg「オーハラ」,1179041F2188,パロキセチン塩酸塩水和物|パロキセチン錠「オーハラ」,20.0mg,錠,パロキセチン錠10mg「オーハラ」; パロキセチン錠5mg「オーハラ」,b5f24f3633c0
パロキセチン塩酸塩水和物,パロキセチン錠20mg「ケミファ」,1179041F2200,パロキセチン塩酸塩水和物|パロキセチン錠「ケミファ」,20.0mg,錠,パロキセチン錠5mg「ケミファ」,42ac1f61e63b
パロキセチン塩酸塩水和物,パロキセチン錠20mg「サワイ」,1179041F2218,パロキセチン塩酸塩水和物|パロキセチン錠「サワイ」,20.0mg,錠,パロキセチン錠5mg「サワイ」,dc8195c3b476
パロキセチン塩酸塩水和物,パロキセチン錠20mg「タカタ」,1179041F2234,パロキセチン塩酸塩水和物|パロキセチン錠「タカタ」,20.0mg,錠,パロキセチン錠5mg「タカタ」,fa665869582b
パロキセチン塩酸塩錠/口腔内崩壊錠,パロキセチン錠20mg「トーワ」,1179041F2250,パロキセチン塩酸塩錠/口腔内崩壊錠|パロキセチン錠「トーワ」,20.0mg,錠,パロキセチン錠5mg「トーワ」,d12340fa9781
パロキセチン塩酸塩水和物,パロキセチン錠20mg「ニプロ」,1179041F2382,パロキセチン塩酸塩水和物|パロキセチン錠「ニプロ」,20.0mg,錠,パロキセチン錠5mg「ニプロ」,02a2a154d51e
パロキセチン塩酸塩水和物,パロキセチン錠20mg「フェルゼン」,1179041F2340,パロキセチン塩酸塩水和物|パロキセチン錠「フェルゼン」,20.0mg,錠,パロキセチン錠5mg「フェルゼン」,bcf8d19bc884
パロキセチン塩酸塩水和物,パロキセチン錠20mg「日新」,1179041F2277,パロキセチン塩酸塩水和物|パロキセチン錠「日新」,20.0mg,錠,パロキセチン錠5mg「日新」,3a80e06f385a
パロキセチン塩酸塩水和物,パロキセチン錠20mg「明治」,1179041F2307,パロキセチン塩酸塩水和物|パロキセチン錠「明治」,20.0mg,錠,パロキセチン錠5mg「明治」,c9d5715b8e56
パロキセチン塩酸塩水和物,パロキセチン錠20mg「科研」,1179041F2196,パロキセチン塩酸塩水和物|パロキセチン錠「科研」,20.0mg,錠,パロキセチン錠5mg「科研」,4973b93e2052
パロノセトロン塩酸塩,パロノセトロン点滴静注バッグ0.75mg/50mL「タイホウ」,2391404G1030,パロノセトロン塩酸塩|パロノセトロン点滴静注バッグ/「タイホウ」,0.75mg/50.0ml,注射剤,,24e973962761
注射用セフォチアム塩酸塩,パンスポリン静注用0.5g,6132400F2030,注射用セフォチアム塩酸塩|パンスポリン静注用,0.5g,注射剤,パンスポリン静注用0.25g,ebf926fe14ff
注射用セフォチアム塩酸塩,パンスポリン静注用1g,6132400F3036,注射用セフォチアム塩酸塩|パンスポリン静注用,1.0g,注射剤,パンスポリン静注用0.25g,ebf926fe14ff
注射用セフォチアム塩酸塩,パンスポリン静注用1gバッグG,6132400G4020,注射用セフォチアム塩酸塩|パンスポリン静注用バッグG,1.0g,注射剤,,ebf926fe14ff
注射用セフォチアム塩酸塩,パンスポリン静注用1gバッグS,6132400G3023,注射用セフォチアム塩酸塩|パンスポリン静注用バッグS,1.0g,注射剤,,ebf926fe14ff
パンテチン,パンテチン細粒20%「ツルハラ」,3133001C1199,パンテチン|パンテチン細粒「ツルハラ」,20.0%,(不明),,93d496ac004d
パンテチン,パンテチン錠60mg「ツルハラ」,3133001F2264,パンテチン|パンテチン錠「ツルハラ」,60.0mg,錠,パンテチン錠30mg「ツルハラ」,93d496ac004d
パンテノール注射液,パンテノール注250mg「KCC」,3133401A2057,パンテノール注射液|パンテノール注「KCC」,250.0mg,注射剤,パンテノール注100mg「KCC」,a4a06b52498a
パンテノール注射液,パンテノール注500mg「KCC」,3133401A3061,パンテノール注射液|パンテノール注「KCC」,500.0mg,注射剤,パンテノール注100mg「KCC」,a4a06b52498a
酪酸プロピオン酸ヒドロコルチゾン製剤,パンデルクリーム0.1%,2646721N1071,酪酸プロピオン酸ヒドロコルチゾン製剤|パンデルクリーム,0.1%,クリーム,,3110e7c2c1ea
パンテチン,パントシン散20%,3133001B1193,パンテチン|パントシン散,20.0%,散剤,,dffc294d73b4
パンテチン,パントシン注10%,3133400A3075,パンテチン|パントシン注,10.0%,注射剤,パントシン注5%,3feb2306b3ba
パンテチン,パントシン細粒50%,3133001C3035,パンテチン|パントシン細粒,50.0%,(不明),,dffc294d73b4
パンテチン,パントシン錠100,3133001F3090,パンテチン|パントシン錠100,,錠,,dffc294d73b4
パンテチン,パントシン錠200,3133001F4020,パンテチン|パントシン錠200,,錠,,dffc294d73b4
パンテチン,パントシン錠60,3133001F2132,パンテチン|パントシン錠60,,錠,,dffc294d73b4
パンテノール注射液,パントール注射液250mg,3133401A2030,パンテノール注射液|パントール注射液,250.0mg,注射剤,パントール注射液100mg,3df4dd8215da
パンテノール注射液,パントール注射液500mg,3133401A3045,パンテノール注射液|パントール注射液,500.0mg,注射剤,パントール注射液100mg,3df4dd8215da
エテルカルセチド塩酸塩注射液,パーサビブ静注透析用10mg,3999443A3028,エテルカルセチド塩酸塩注射液|パーサビブ静注透析用,10.0mg,注射剤,パーサビブ静注透析用2.5mg,a366d7ba848d
エテルカルセチド塩酸塩注射液,パーサビブ静注透析用5mg,3999443A2021,エテルカルセチド塩酸塩注射液|パーサビブ静注透析用,5.0mg,注射剤,パーサビブ静注透析用2.5mg,a366d7ba848d
エテルカルセチド塩酸塩,パーサビブ静注透析用シリンジ10mg,3999443G3020,エテルカルセチド塩酸塩|パーサビブ静注透析用シリンジ,10.0mg,注射剤,パーサビブ静注透析用シリンジ2.5mg,d7a0db18273b
エテルカルセチド塩酸塩,パーサビブ静注透析用シリンジ5mg,3999443G2024,エテルカルセチド塩酸塩|パーサビブ静注透析用シリンジ,5.0mg,注射剤,パーサビブ静注透析用シリンジ2.5mg,d7a0db18273b
精製ヒアルロン酸ナトリウム,ヒアルロン酸Na0.6眼粘弾剤1%HV「わかもと」,1319720Q7294,精製ヒアルロン酸ナトリウム|ヒアルロン酸Na0.6眼粘弾剤HV「わかもと」,1.0%,(不明),,2abc83f8b53d
精製ヒアルロン酸ナトリウム製剤,ヒアルロン酸Na0.6眼粘弾剤1%「NIG」,1319720Q7286,精製ヒアルロン酸ナトリウム製剤|ヒアルロン酸Na0.6眼粘弾剤「NIG」,1.0%,(不明),,98b307025657
精製ヒアルロン酸ナトリウム,ヒアルロン酸Na0.6眼粘弾剤1%「アルコン」,1319720Q7251,精製ヒアルロン酸ナトリウム|ヒアルロン酸Na0.6眼粘弾剤「アルコン」,1.0%,(不明),,a73ff3da3b00
精製ヒアルロン酸ナトリウム,ヒアルロン酸Na0.6眼粘弾剤1%「生化学」,1319720Q7278,精製ヒアルロン酸ナトリウム|ヒアルロン酸Na0.6眼粘弾剤「生化学」,1.0%,(不明),,1f01dd9b5faf
精製ヒアルロン酸ナトリウム,ヒアルロン酸Na0.6眼粘弾剤1％MV「わかもと」,1319720Q7308,精製ヒアルロン酸ナトリウム|ヒアルロン酸Na0.6眼粘弾剤MV「わかもと」,1.0%,(不明),,0ea5bd22c89e
精製ヒアルロン酸ナトリウム,ヒアルロン酸Na0.7眼粘弾剤1%「アルコン」,1319720Q6093,精製ヒアルロン酸ナトリウム|ヒアルロン酸Na0.7眼粘弾剤「アルコン」,1.0%,(不明),,a73ff3da3b00
精製ヒアルロン酸ナトリウム,ヒアルロン酸Na0.7眼粘弾剤1%「生化学」,1319720Q6107,精製ヒアルロン酸ナトリウム|ヒアルロン酸Na0.7眼粘弾剤「生化学」,1.0%,(不明),,1f01dd9b5faf
精製ヒアルロン酸ナトリウム,ヒアルロン酸Na0.85眼粘弾剤1%HV「わかもと」,1319720Q8274,精製ヒアルロン酸ナトリウム|ヒアルロン酸Na0.85眼粘弾剤HV「わかもと」,1.0%,(不明),,2abc83f8b53d
精製ヒアルロン酸ナトリウム製剤,ヒアルロン酸Na0.85眼粘弾剤1%「NIG」,1319720Q8266,精製ヒアルロン酸ナトリウム製剤|ヒアルロン酸Na0.85眼粘弾剤「NIG」,1.0%,(不明),,98b307025657
精製ヒアルロン酸ナトリウム,ヒアルロン酸Na0.85眼粘弾剤1%「アルコン」,1319720Q8231,精製ヒアルロン酸ナトリウム|ヒアルロン酸Na0.85眼粘弾剤「アルコン」,1.0%,(不明),,a73ff3da3b00
精製ヒアルロン酸ナトリウム,ヒアルロン酸Na0.85眼粘弾剤1%「生化学」,1319720Q8258,精製ヒアルロン酸ナトリウム|ヒアルロン酸Na0.85眼粘弾剤「生化学」,1.0%,(不明),,1f01dd9b5faf
精製ヒアルロン酸ナトリウム,ヒアルロン酸Na1.1眼粘弾剤1％MV「わかもと」,1319720Q9076,精製ヒアルロン酸ナトリウム|ヒアルロン酸Na1.1眼粘弾剤MV「わかもと」,1.0%,(不明),,0ea5bd22c89e
精製ヒアルロン酸ナトリウム,ヒアルロン酸Na点眼液0.3%「科研」,1319720Y2179,精製ヒアルロン酸ナトリウム|ヒアルロン酸Na点眼液「科研」,0.3%,点眼剤,ヒアルロン酸Na点眼液0.1%「科研」,7f739d7e6422
精製ヒアルロン酸ナトリウム,ヒアルロン酸Na点眼液0.3％「わかもと」,1319720Y2136,精製ヒアルロン酸ナトリウム|ヒアルロン酸Na点眼液「わかもと」,0.3%,点眼剤,ヒアルロン酸Na点眼液0.1％「わかもと」,10547b650ae7
精製ヒアルロン酸ナトリウム,ヒアルロン酸Na点眼液0.3％「センジュ」,1319720Y2187,精製ヒアルロン酸ナトリウム|ヒアルロン酸Na点眼液「センジュ」,0.3%,点眼剤,ヒアルロン酸Na点眼液0.1％「センジュ」,108a8ab92b96
精製ヒアルロン酸ナトリウム点眼液,ヒアルロン酸Na点眼液0.3％「ニットー」,1319720Y2160,精製ヒアルロン酸ナトリウム点眼液|ヒアルロン酸Na点眼液「ニットー」,0.3%,点眼剤,ヒアルロン酸Na点眼液0.1％「ニットー」,32f755ced81c
精製ヒアルロン酸ナトリウム,ヒアルロン酸Na点眼液0.3％「日新」,1319720Y2128,精製ヒアルロン酸ナトリウム|ヒアルロン酸Na点眼液「日新」,0.3%,点眼剤,ヒアルロン酸Na点眼液0.1％「日新」,1594fccaa806
精製ヒアルロン酸ナトリウム,ヒアルロン酸Na点眼液0.3％「杏林」,1319720Y2101,精製ヒアルロン酸ナトリウム|ヒアルロン酸Na点眼液「杏林」,0.3%,点眼剤,ヒアルロン酸Na点眼液0.1％「杏林」,a953f278e44c
精製ヒアルロン酸ナトリウム点眼液,ヒアルロン酸ナトリウム点眼液0.3%「TS」,1319720Y2055,精製ヒアルロン酸ナトリウム点眼液|ヒアルロン酸ナトリウム点眼液「TS」,0.3%,点眼剤,ヒアルロン酸ナトリウム点眼液0.1%「TS」,ac65d7ffd9f2
精製ヒアルロン酸ナトリウム点眼液,ヒアルロン酸ナトリウム点眼液0.3%「トーワ」,1319720Y2071,精製ヒアルロン酸ナトリウム点眼液|ヒアルロン酸ナトリウム点眼液「トーワ」,0.3%,点眼剤,ヒアルロン酸ナトリウム点眼液0.1%「トーワ」,c5b94173ed62
精製ヒアルロン酸ナトリウム点眼液,ヒアルロン酸ナトリウム点眼液0.3％「ニッテン」,1319720Y2144,精製ヒアルロン酸ナトリウム点眼液|ヒアルロン酸ナトリウム点眼液「ニッテン」,0.3%,点眼剤,,a6d5826d1a05
精製ヒアルロン酸ナトリウム点眼液,ヒアルロン酸ナトリウム点眼液0.3％「日点」,1319720Y2152,精製ヒアルロン酸ナトリウム点眼液|ヒアルロン酸ナトリウム点眼液「日点」,0.3%,点眼剤,,0c58821eaa49
精製ヒアルロン酸ナトリウム点眼液,ヒアレインミニ点眼液0.1％,1319720Q4031,精製ヒアルロン酸ナトリウム点眼液|ヒアレインミニ点眼液,0.1%,点眼剤,,955bff3b9e26
精製ヒアルロン酸ナトリウム点眼液,ヒアレインミニ点眼液0.3％,1319720Q5038,精製ヒアルロン酸ナトリウム点眼液|ヒアレインミニ点眼液,0.3%,点眼剤,,955bff3b9e26
精製ヒアルロン酸ナトリウム点眼液,ヒアレイン点眼液0.3％,1319720Y2020,精製ヒアルロン酸ナトリウム点眼液|ヒアレイン点眼液,0.3%,点眼剤,ヒアレイン点眼液0.1％,955bff3b9e26
濃グリセリン・果糖注射液,ヒシセオール配合点滴静注（300mL）,2190501A6125,濃グリセリン・果糖注射液|ヒシセオール配合点滴静注(),300.0ml,注射剤,ヒシセオール配合点滴静注（200mL）,005a38ebbeee
濃グリセリン・果糖注射液,ヒシセオール配合点滴静注（500mL）,2190501A5099,濃グリセリン・果糖注射液|ヒシセオール配合点滴静注(),500.0ml,注射剤,ヒシセオール配合点滴静注（200mL）,005a38ebbeee
維持液,ヒシナルク3号輸液（500mL）,3319510A4075,維持液|ヒシナルク3号輸液(),500.0ml,液剤,ヒシナルク3号輸液（200mL）,d12e4bb7ea7b
"フェニトイン
フェノバルビタール",ヒダントールE配合錠,1139104X1030,"フェニトイン
フェノバルビタール|ヒダントールE配合錠",,錠,,ec8bbda99bac
"フェニトイン
フェノバルビタール",ヒダントールF配合錠,1139105X1035,"フェニトイン
フェノバルビタール|ヒダントールF配合錠",,錠,,ec8bbda99bac
フェニトイン,ヒダントール錠100mg,1132002F2033,フェニトイン|ヒダントール錠,100.0mg,錠,ヒダントール錠25mg,f94ed6427506
ヒドロクロロチアジド錠,ヒドロクロロチアジド錠25mg「トーワ」,2132004F1103,ヒドロクロロチアジド錠|ヒドロクロロチアジド錠「トーワ」,25.0mg,錠,ヒドロクロロチアジド錠12.5mg「トーワ」,bf360909980b
ヒドロコルチゾンリン酸エステルナトリウム,ヒドロコルチゾンリン酸エステルNa静注液500mg「AFP」,2452402A5112,ヒドロコルチゾンリン酸エステルナトリウム|ヒドロコルチゾンリン酸エステルNa静注液「AFP」,500.0mg,注射剤,ヒドロコルチゾンリン酸エステルNa静注液100mg「AFP」,6f81421d3d7b
プロメタジン塩酸塩糖衣錠,ヒベルナ糖衣錠25mg,4413002F2062,プロメタジン塩酸塩糖衣錠|ヒベルナ糖衣錠,25.0mg,錠,ヒベルナ糖衣錠5mg,29e3dcf80025
バルニジピン塩酸塩,ヒポカ10mgカプセル,2149030N2023,バルニジピン塩酸塩|ヒポカカプセル,10.0mg,カプセル,ヒポカ5mgカプセル,246eef562fdb
バルニジピン塩酸塩,ヒポカ15mgカプセル,2149030N3020,バルニジピン塩酸塩|ヒポカカプセル,15.0mg,カプセル,ヒポカ5mgカプセル,246eef562fdb
ゴナドレリン酢酸塩注射液,ヒポクライン注射液2.4,2499404A2020,ゴナドレリン酢酸塩注射液|ヒポクライン注射液2.4,,注射剤,,17b8d34416cf
アダリムマブ（遺伝子組換え）,ヒュミラ皮下注40mgシリンジ0.4mL,3999426G3027,アダリムマブ（遺伝子組換え）|ヒュミラ皮下注シリンジ,40.0mg/0.4ml,注射剤,ヒュミラ皮下注20mgシリンジ0.2mL,d50265219e1a
アダリムマブ（遺伝子組換え）,ヒュミラ皮下注40mgペン0.4mL,3999426G5020,アダリムマブ（遺伝子組換え）|ヒュミラ皮下注ペン,40.0mg/0.4ml,注射剤,,d50265219e1a
アダリムマブ（遺伝子組換え）,ヒュミラ皮下注80mgシリンジ0.8mL,3999426G4023,アダリムマブ（遺伝子組換え）|ヒュミラ皮下注シリンジ,80.0mg/0.8ml,注射剤,ヒュミラ皮下注20mgシリンジ0.2mL,d50265219e1a
アダリムマブ（遺伝子組換え）,ヒュミラ皮下注80mgペン0.8mL,3999426G6026,アダリムマブ（遺伝子組換え）|ヒュミラ皮下注ペン,80.0mg/0.8ml,注射剤,,d50265219e1a
日本薬局方　二相性イソフェンインスリン ヒト（遺伝子組換え）水性懸濁注射液,ヒューマリン3/7注ミリオペン,2492413G9025,日本薬局方　二相性イソフェンインスリン ヒト（遺伝子組換え）水性懸濁注射液|ヒューマリン3/7注ミリオペン,,注射剤,,9d0c0f8ffaed
日本薬局方　イソフェンインスリン ヒト（遺伝子組換え）水性懸濁注射液,ヒューマリンN注ミリオペン,2492413P1024,日本薬局方　イソフェンインスリン ヒト（遺伝子組換え）水性懸濁注射液|ヒューマリンN注ミリオペン,,注射剤,,bd1b7ab467a0
日本薬局方　インスリン ヒト（遺伝子組換え）注射液,ヒューマリンR注ミリオペン,2492413P2020,日本薬局方　インスリン ヒト（遺伝子組換え）注射液|ヒューマリンR注ミリオペン,,注射剤,,f68779585420
インスリン　リスプロ混合製剤-25　注射液,ヒューマログミックス25注ミリオペン,2492414G6020,インスリン　リスプロ混合製剤-25　注射液|ヒューマログミックス25注ミリオペン,,注射剤,,daffada42da3
インスリン　リスプロ混合製剤-50　注射液,ヒューマログミックス50注ミリオペン,2492414G7027,インスリン　リスプロ混合製剤-50　注射液|ヒューマログミックス50注ミリオペン,,注射剤,,88e4036cd880
インスリン　リスプロ（遺伝子組換え）注射液,ヒューマログ注ミリオペン,2492414G5024,インスリン　リスプロ（遺伝子組換え）注射液|ヒューマログ注ミリオペン,,注射剤,,42facf306bbc
インスリン　リスプロ（遺伝子組換え）注射液,ヒューマログ注ミリオペンHD,2492414G9020,インスリン　リスプロ（遺伝子組換え）注射液|ヒューマログ注ミリオペンHD,,注射剤,,42facf306bbc
プロチレリン酒石酸塩水和物注射液,ヒルトニン2mg注射液,7223401A3026,プロチレリン酒石酸塩水和物注射液|ヒルトニン注射液,2.0mg,注射剤,ヒルトニン0.5mg注射液; ヒルトニン1mg注射液,d64a0dbca58e
ヘパリン類似物質製剤,ヒルドイドソフト軟膏0.3%,3339950M1137,ヘパリン類似物質製剤|ヒルドイドソフト軟膏,0.3%,軟膏,,bd18f822d9de
ヘパリン類似物質製剤,ヒルドイドフォーム0.3%,3339950R1177,ヘパリン類似物質製剤|ヒルドイドフォーム,0.3%,(不明),,bd18f822d9de
ヘパリン類似物質製剤,ヒルドイドローション0.3%,3339950Q1074,ヘパリン類似物質製剤|ヒルドイドローション,0.3%,ローション,,bd18f822d9de
レボメプロマジンマレイン酸塩,ヒルナミン散50％,1172014B2056,レボメプロマジンマレイン酸塩|ヒルナミン散,50.0%,散剤,,58e0e620cef7
レボメプロマジンマレイン酸塩,ヒルナミン細粒10%,1172014C1055,レボメプロマジンマレイン酸塩|ヒルナミン細粒,10.0%,(不明),,58e0e620cef7
レボメプロマジンマレイン酸塩,ヒルナミン錠（25mg）,1172014F2139,レボメプロマジンマレイン酸塩|ヒルナミン錠(),25.0mg,錠,ヒルナミン錠（5mg）,58e0e620cef7
レボメプロマジンマレイン酸塩,ヒルナミン錠（50mg）,1172014F3038,レボメプロマジンマレイン酸塩|ヒルナミン錠(),50.0mg,錠,ヒルナミン錠（5mg）,58e0e620cef7
精製ヒアルロン酸ナトリウム製剤,ヒーロン眼粘弾剤1%シリンジ0.6mL,1319720Q7227,精製ヒアルロン酸ナトリウム製剤|ヒーロン眼粘弾剤シリンジ,1.0%/0.6ml,(不明),ヒーロン眼粘弾剤1%シリンジ0.4mL,be9c3f7a7ea5
精製ヒアルロン酸ナトリウム製剤,ヒーロン眼粘弾剤1%シリンジ0.85mL,1319720Q8215,精製ヒアルロン酸ナトリウム製剤|ヒーロン眼粘弾剤シリンジ,1.0%/0.85ml,(不明),ヒーロン眼粘弾剤1%シリンジ0.4mL,be9c3f7a7ea5
酪酸菌配合剤,ビオスリー配合OD錠,2316017F2023,酪酸菌配合剤|ビオスリー配合OD錠,,OD錠,,5162dfc0268c
酪酸菌配合剤,ビオスリー配合錠,2316017F1035,酪酸菌配合剤|ビオスリー配合錠,,錠,,5162dfc0268c
ビオチン,ビオチン散0.2%「ホエイ」,3190001B1050,ビオチン|ビオチン散「ホエイ」,0.2%,散剤,,f33779b0fa1a
サプロプテリン塩酸塩顆粒,ビオプテン顆粒10%,3999012D2020,サプロプテリン塩酸塩顆粒|ビオプテン顆粒,10.0%,顆粒,ビオプテン顆粒2.5%,52be53981a78
重炭酸リンゲル液,ビカネイト輸液（1L）,3319564A2028,重炭酸リンゲル液|ビカネイト輸液(),1.0l,液剤,ビカネイト輸液（500mL）,d5d5d7450a79
ビカルタミド口腔内崩壊錠,ビカルタミドOD錠80mg「DSEP」,4291009F2124,ビカルタミド口腔内崩壊錠|ビカルタミドOD錠「DSEP」,80.0mg,OD錠,,b568507f3b6f
ビカルタミド,ビカルタミドOD錠80mg「NK」,4291009F2043,ビカルタミド|ビカルタミドOD錠「NK」,80.0mg,OD錠,,9bb2e8bc7c49
ビカルタミド,ビカルタミドOD錠80mg「サワイ」,4291009F2078,ビカルタミド|ビカルタミドOD錠「サワイ」,80.0mg,OD錠,,097e99934837
ビカルタミド錠/口腔内崩壊錠,ビカルタミドOD錠80mg「トーワ」,4291009F2116,ビカルタミド錠/口腔内崩壊錠|ビカルタミドOD錠「トーワ」,80.0mg,OD錠,,c29e46a89ca8
ビカルタミド,ビカルタミドOD錠80mg「日医工」,4291009F2086,ビカルタミド|ビカルタミドOD錠「日医工」,80.0mg,OD錠,,a1f326976ca5
アンピシリンナトリウム,ビクシリン注射用0.5g,6131400D2074,アンピシリンナトリウム|ビクシリン注射用,0.5g,注射剤,ビクシリン注射用0.25g,d0de3e7bba3d
アンピシリンナトリウム,ビクシリン注射用1g,6131400D3100,アンピシリンナトリウム|ビクシリン注射用,1.0g,注射剤,ビクシリン注射用0.25g,d0de3e7bba3d
アンピシリンナトリウム,ビクシリン注射用2g,6131400D4077,アンピシリンナトリウム|ビクシリン注射用,2.0g,注射剤,ビクシリン注射用0.25g,d0de3e7bba3d
ビサコジル,ビサコジル坐剤10mg「日新」,2359700J2130,ビサコジル|ビサコジル坐剤「日新」,10.0mg,坐剤,ビサコジル坐剤2mg「日新」,012b53d1f539
イオジキサノール注,ビジパーク270注100mL,7219420A3034,イオジキサノール注|ビジパーク270注,100.0ml,注射剤,ビジパーク270注20mL,b2ff4a3a2aaa
イオジキサノール注,ビジパーク270注50mL,7219420A2038,イオジキサノール注|ビジパーク270注,50.0ml,注射剤,ビジパーク270注20mL,b2ff4a3a2aaa
イオジキサノール注,ビジパーク320注100mL,7219420A5037,イオジキサノール注|ビジパーク320注,100.0ml,注射剤,,b2ff4a3a2aaa
イオジキサノール注,ビジパーク320注50mL,7219420A4030,イオジキサノール注|ビジパーク320注,50.0ml,注射剤,,b2ff4a3a2aaa
アムシノニド製剤,ビスダームクリーム0.1%,2646718N1045,アムシノニド製剤|ビスダームクリーム,0.1%,クリーム,,1fb851c330a9
リボフラビンリン酸エステルナトリウム,ビスラーゼ注射液20mg,3131401A4020,リボフラビンリン酸エステルナトリウム|ビスラーゼ注射液,20.0mg,注射剤,ビスラーゼ注射液10mg,efc0a658c256
ビソプロロール・テープ剤,ビソノテープ4mg,2149700S1027,ビソプロロール・テープ剤|ビソノテープ,4.0mg,貼付剤,ビソノテープ2mg,7ed2d2784fc8
ビソプロロール・テープ剤,ビソノテープ8mg,2149700S2023,ビソプロロール・テープ剤|ビソノテープ,8.0mg,貼付剤,ビソノテープ2mg,7ed2d2784fc8
ビソプロロールフマル酸塩錠,ビソプロロールフマル酸塩錠2.5mg「DSEP」,2123016F1204,ビソプロロールフマル酸塩錠|ビソプロロールフマル酸塩錠「DSEP」,2.5mg,錠,ビソプロロールフマル酸塩錠0.625mg「DSEP」,0e91d03ed797
ビソプロロールフマル酸塩錠,ビソプロロールフマル酸塩錠2.5mg「JG」,2123016F1174,ビソプロロールフマル酸塩錠|ビソプロロールフマル酸塩錠「JG」,2.5mg,錠,ビソプロロールフマル酸塩錠0.625mg「JG」,6afca0e36e5b
ビソプロロールフマル酸塩,ビソプロロールフマル酸塩錠2.5mg「ZE」,2123016F1140,ビソプロロールフマル酸塩|ビソプロロールフマル酸塩錠「ZE」,2.5mg,錠,ビソプロロールフマル酸塩錠0.625mg「ZE」,6cba0ef3622d
ビソプロロールフマル酸塩,ビソプロロールフマル酸塩錠2.5mg「サワイ」,2123016F1115,ビソプロロールフマル酸塩|ビソプロロールフマル酸塩錠「サワイ」,2.5mg,錠,ビソプロロールフマル酸塩錠0.625mg「サワイ」,0afaaac38e5e
ビソプロロールフマル酸塩錠,ビソプロロールフマル酸塩錠2.5mg「サンド」,2123016F1182,ビソプロロールフマル酸塩錠|ビソプロロールフマル酸塩錠「サンド」,2.5mg,錠,ビソプロロールフマル酸塩錠0.625mg「サンド」,b07878d3ebc2
ビソプロロールフマル酸塩錠,ビソプロロールフマル酸塩錠2.5mg「テバ」,2123016F1166,ビソプロロールフマル酸塩錠|ビソプロロールフマル酸塩錠「テバ」,2.5mg,錠,ビソプロロールフマル酸塩錠0.625mg「テバ」,54e94724d6e1
ビソプロロールフマル酸塩錠,ビソプロロールフマル酸塩錠2.5mg「トーワ」,2123016F1123,ビソプロロールフマル酸塩錠|ビソプロロールフマル酸塩錠「トーワ」,2.5mg,錠,ビソプロロールフマル酸塩錠0.625mg「トーワ」,c32d2778fb1d
ビソプロロールフマル酸塩,ビソプロロールフマル酸塩錠2.5mg「日医工」,2123016F1131,ビソプロロールフマル酸塩|ビソプロロールフマル酸塩錠「日医工」,2.5mg,錠,ビソプロロールフマル酸塩錠0.625mg「日医工」,316010c90033
ビソプロロールフマル酸塩,ビソプロロールフマル酸塩錠2.5mg「日新」,2123016F1158,ビソプロロールフマル酸塩|ビソプロロールフマル酸塩錠「日新」,2.5mg,錠,ビソプロロールフマル酸塩錠0.625mg「日新」,32868a437b7f
ビソプロロールフマル酸塩,ビソプロロールフマル酸塩錠2.5mg「明治」,2123016F1190,ビソプロロールフマル酸塩|ビソプロロールフマル酸塩錠「明治」,2.5mg,錠,ビソプロロールフマル酸塩錠0.625mg「明治」,1f6920006ecd
ビソプロロールフマル酸塩錠,ビソプロロールフマル酸塩錠5mg「DSEP」,2123016F2286,ビソプロロールフマル酸塩錠|ビソプロロールフマル酸塩錠「DSEP」,5.0mg,錠,ビソプロロールフマル酸塩錠0.625mg「DSEP」,0e91d03ed797
ビソプロロールフマル酸塩錠,ビソプロロールフマル酸塩錠5mg「JG」,2123016F2251,ビソプロロールフマル酸塩錠|ビソプロロールフマル酸塩錠「JG」,5.0mg,錠,ビソプロロールフマル酸塩錠0.625mg「JG」,6afca0e36e5b
ビソプロロールフマル酸塩,ビソプロロールフマル酸塩錠5mg「ZE」,2123016F2227,ビソプロロールフマル酸塩|ビソプロロールフマル酸塩錠「ZE」,5.0mg,錠,ビソプロロールフマル酸塩錠0.625mg「ZE」,6cba0ef3622d
ビソプロロールフマル酸塩,ビソプロロールフマル酸塩錠5mg「サワイ」,2123016F2197,ビソプロロールフマル酸塩|ビソプロロールフマル酸塩錠「サワイ」,5.0mg,錠,ビソプロロールフマル酸塩錠0.625mg「サワイ」,0afaaac38e5e
ビソプロロールフマル酸塩錠,ビソプロロールフマル酸塩錠5mg「サンド」,2123016F2260,ビソプロロールフマル酸塩錠|ビソプロロールフマル酸塩錠「サンド」,5.0mg,錠,ビソプロロールフマル酸塩錠0.625mg「サンド」,b07878d3ebc2
ビソプロロールフマル酸塩錠,ビソプロロールフマル酸塩錠5mg「テバ」,2123016F2243,ビソプロロールフマル酸塩錠|ビソプロロールフマル酸塩錠「テバ」,5.0mg,錠,ビソプロロールフマル酸塩錠0.625mg「テバ」,54e94724d6e1
ビソプロロールフマル酸塩錠,ビソプロロールフマル酸塩錠5mg「トーワ」,2123016F2200,ビソプロロールフマル酸塩錠|ビソプロロールフマル酸塩錠「トーワ」,5.0mg,錠,ビソプロロールフマル酸塩錠0.625mg「トーワ」,c32d2778fb1d
ビソプロロールフマル酸塩,ビソプロロールフマル酸塩錠5mg「日医工」,2123016F2219,ビソプロロールフマル酸塩|ビソプロロールフマル酸塩錠「日医工」,5.0mg,錠,ビソプロロールフマル酸塩錠0.625mg「日医工」,316010c90033
ビソプロロールフマル酸塩,ビソプロロールフマル酸塩錠5mg「日新」,2123016F2235,ビソプロロールフマル酸塩|ビソプロロールフマル酸塩錠「日新」,5.0mg,錠,ビソプロロールフマル酸塩錠0.625mg「日新」,32868a437b7f
ビソプロロールフマル酸塩,ビソプロロールフマル酸塩錠5mg「明治」,2123016F2278,ビソプロロールフマル酸塩|ビソプロロールフマル酸塩錠「明治」,5.0mg,錠,ビソプロロールフマル酸塩錠0.625mg「明治」,1f6920006ecd
アスコルビン酸注射液,ビタC注25%,3140400A4165,アスコルビン酸注射液|ビタC注,25.0%,注射剤,ビタC注10%,2736ff72ba11
アスコルビン酸注射液,ビタシミン注射液500mg,3140400A4106,アスコルビン酸注射液|ビタシミン注射液,500.0mg,注射剤,ビタシミン注射液100mg,e822e1c90bbc
アスコルビン酸注射液,ビタミンC注「フソー」−2g,3140400A6044,アスコルビン酸注射液|ビタミンC注「フソー」−,2.0g,注射剤,ビタミンC注「フソー」−100mg,4999589ac731
アスコルビン酸注射液,ビタミンC注「フソー」−500mg,3140400A4157,アスコルビン酸注射液|ビタミンC注「フソー」−,500.0mg,注射剤,ビタミンC注「フソー」−100mg,4999589ac731
"ベンフォチアミン
ピリドキシン塩酸塩
シアノコバラミン",ビタメジン配合カプセルB50,3179110M1034,"ベンフォチアミン
ピリドキシン塩酸塩
シアノコバラミン|ビタメジン配合カプセルB50",,カプセル,,aa8ac080f439
"ベンフォチアミン
ピリドキシン塩酸塩
シアノコバラミン",ビタメジン配合散,3179108B1036,"ベンフォチアミン
ピリドキシン塩酸塩
シアノコバラミン|ビタメジン配合散",,散剤,,aa8ac080f439
リスデキサンフェタミンメシル酸塩,ビバンセカプセル30mg,1179059M2020,リスデキサンフェタミンメシル酸塩|ビバンセカプセル,30.0mg,カプセル,ビバンセカプセル20mg,083f4ffd45b0
ドキシサイクリン塩酸塩水和物,ビブラマイシン錠100mg,6152004F2089,ドキシサイクリン塩酸塩水和物|ビブラマイシン錠,100.0mg,錠,ビブラマイシン錠50mg,2fb045a20556
クエチアピンフマル酸塩,ビプレッソ徐放錠150mg,1179042G2021,クエチアピンフマル酸塩|ビプレッソ徐放錠,150.0mg,錠,ビプレッソ徐放錠50mg,cdc83b48b945
ビペリデン塩酸塩錠・散,ビペリデン塩酸塩散1%「ヨシトミ」,1162001B1048,ビペリデン塩酸塩錠・散|ビペリデン塩酸塩散「ヨシトミ」,1.0%,散剤,,3f829af5a555
ビペリデン塩酸塩,ビペリデン塩酸塩細粒1%「アメル」,1162001C1051,ビペリデン塩酸塩|ビペリデン塩酸塩細粒「アメル」,1.0%,(不明),,cb964c1824fe
ビホナゾール製剤,ビホナゾール外用液1%「イワキ」,2655708Q1195,ビホナゾール製剤|ビホナゾール外用液「イワキ」,1.0%,液剤,,7cdbbbbaa2b5
ラコサミド,ビムパット点滴静注200㎎,1139404A1024,ラコサミド|ビムパット点滴静注,200.0mg,注射剤,ビムパット点滴静注100㎎,f85b3a9a79bd
ラコサミド,ビムパット錠100㎎,1139015F2023,ラコサミド|ビムパット錠,100.0mg,錠,ビムパット錠50㎎,ba877eb08bc1
ビラスチン,ビラスチンOD錠20mg「明治」,4490033F2121,ビラスチン|ビラスチンOD錠「明治」,20.0mg,OD錠,,51e60c1d4eea
エンコラフェニブカプセル,ビラフトビカプセル75mg,4291057M2025,エンコラフェニブカプセル|ビラフトビカプセル,75.0mg,カプセル,ビラフトビカプセル50mg,9ef479a26f3d
オデビキシバット水和物,ビルベイ顆粒600μg,3919009D2027,オデビキシバット水和物|ビルベイ顆粒,600.0μg,顆粒,ビルベイ顆粒200μg,31ad602c8cfb
ブデソニド/グリコピロニウム臭化物/ホルモテロールフマル酸塩水和物製剤,ビレーズトリ14.4エアロスフィア120吸入,22908A2G6029,ブデソニド/グリコピロニウム臭化物/ホルモテロールフマル酸塩水和物製剤|ビレーズトリ14.4エアロスフィア120吸入,,(不明),,b270aa05d339
ブデソニド/グリコピロニウム臭化物/ホルモテロールフマル酸塩水和物製剤,ビレーズトリ14.4エアロスフィア56吸入,22908A2G5022,ブデソニド/グリコピロニウム臭化物/ホルモテロールフマル酸塩水和物製剤|ビレーズトリ14.4エアロスフィア56吸入,,(不明),,b270aa05d339
ブデソニド/グリコピロニウム臭化物/ホルモテロールフマル酸塩水和物製剤,ビレーズトリ7.2エアロスフィア120吸入,22908A2G4026,ブデソニド/グリコピロニウム臭化物/ホルモテロールフマル酸塩水和物製剤|ビレーズトリ7.2エアロスフィア120吸入,,(不明),,b270aa05d339
ブデソニド/グリコピロニウム臭化物/ホルモテロールフマル酸塩水和物製剤,ビレーズトリエアロスフィア120吸入,2290805G2023,ブデソニド/グリコピロニウム臭化物/ホルモテロールフマル酸塩水和物製剤|ビレーズトリエアロスフィア120吸入,,(不明),,9c67d8e0da50
"注射用ゾルベツキシマブ（遺伝子組換え）
Zolbetuximab (Genetical Recombination)",ビロイ点滴静注用300mg,4291471D2028,"注射用ゾルベツキシマブ（遺伝子組換え）
Zolbetuximab (Genetical Recombination)|ビロイ点滴静注用",300.0mg,注射剤,ビロイ点滴静注用100mg,5d4cebcf28ab
ビメキズマブ（遺伝子組換え）,ビンゼレックス皮下注160mgオートインジェクター,3999464G2026,ビメキズマブ（遺伝子組換え）|ビンゼレックス皮下注オートインジェクター,160.0mg,注射剤,,684b7c64dad8
ビメキズマブ（遺伝子組換え）,ビンゼレックス皮下注320mgオートインジェクター,3999464G3022,ビメキズマブ（遺伝子組換え）|ビンゼレックス皮下注オートインジェクター,320.0mg,注射剤,,684b7c64dad8
プラミペキソール塩酸塩水和物,ビ・シフロール錠0.5mg,1169012F2029,プラミペキソール塩酸塩水和物|ビ・シフロール錠,0.5mg,錠,ビ・シフロール錠0.125mg,39db7a29b7f0
ピリドキシン塩酸塩注射液,ビーシックス注「フソー」-30mg,3134400A3056,ピリドキシン塩酸塩注射液|ビーシックス注「フソー」-,30.0mg,注射剤,ビーシックス注「フソー」-10mg,74d3b9c211f0
"アミノ酸・糖・電解質・ビタミンB
1
液",ビーフリード輸液,3259529G2037,"アミノ酸・糖・電解質・ビタミンB
1
液|ビーフリード輸液",,液剤,ビーフリード輸液,b0a2f4288ea0
組換え沈降B型肝炎ワクチン(酵母由来),ビームゲン注0.5mL,6313402A2070,組換え沈降B型肝炎ワクチン(酵母由来)|ビームゲン注,0.5ml,注射剤,ビームゲン注0.25mL,f8c58a686c7d
ピオグリタゾン塩酸塩口腔内崩壊錠,ピオグリタゾンOD錠30mg「DSEP」,3969007F4031,ピオグリタゾン塩酸塩口腔内崩壊錠|ピオグリタゾンOD錠「DSEP」,30.0mg,OD錠,ピオグリタゾンOD錠15mg「DSEP」,f5e9d70b84ba
ピオグリタゾン塩酸塩,ピオグリタゾンOD錠30mg「FFP」,3969007F4040,ピオグリタゾン塩酸塩|ピオグリタゾンOD錠「FFP」,30.0mg,OD錠,ピオグリタゾンOD錠15mg「FFP」,d0657a2a0076
ピオグリタゾン塩酸塩,ピオグリタゾンOD錠30mg「NPI」,3969007F4104,ピオグリタゾン塩酸塩|ピオグリタゾンOD錠「NPI」,30.0mg,OD錠,ピオグリタゾンOD錠15mg「NPI」,9d697136ca93
ピオグリタゾン塩酸塩,ピオグリタゾンOD錠30mg「NS」,3969007F4066,ピオグリタゾン塩酸塩|ピオグリタゾンOD錠「NS」,30.0mg,OD錠,ピオグリタゾンOD錠15mg「NS」,5c9da1c4c44f
ピオグリタゾン塩酸塩,ピオグリタゾンOD錠30mg「ケミファ」,3969007F4147,ピオグリタゾン塩酸塩|ピオグリタゾンOD錠「ケミファ」,30.0mg,OD錠,ピオグリタゾンOD錠15mg「ケミファ」,207be24774e4
ピオグリタゾン塩酸塩口腔内崩壊錠,ピオグリタゾンOD錠30mg「トーワ」,3969007F4082,ピオグリタゾン塩酸塩口腔内崩壊錠|ピオグリタゾンOD錠「トーワ」,30.0mg,OD錠,ピオグリタゾンOD錠15mg「トーワ」,ed6f891f67f2
ピオグリタゾン塩酸塩,ピオグリタゾンOD錠30mg「日医工」,3969007F4090,ピオグリタゾン塩酸塩|ピオグリタゾンOD錠「日医工」,30.0mg,OD錠,ピオグリタゾンOD錠15mg「日医工」,053ed9a8da69
ピオグリタゾン塩酸塩,ピオグリタゾンOD錠30mg「杏林」,3969007F4139,ピオグリタゾン塩酸塩|ピオグリタゾンOD錠「杏林」,30.0mg,OD錠,ピオグリタゾンOD錠15mg「杏林」,139f31296b36
ピオグリタゾン塩酸塩錠,ピオグリタゾン錠30mg「DSEP」,3969007F2039,ピオグリタゾン塩酸塩錠|ピオグリタゾン錠「DSEP」,30.0mg,錠,ピオグリタゾン錠15mg「DSEP」,e2b11a12c70c
ピオグリタゾン塩酸塩,ピオグリタゾン錠30mg「FFP」,3969007F2047,ピオグリタゾン塩酸塩|ピオグリタゾン錠「FFP」,30.0mg,錠,ピオグリタゾン錠15mg「FFP」,f781ec526076
ピオグリタゾン塩酸塩錠,ピオグリタゾン錠30mg「JG」,3969007F2225,ピオグリタゾン塩酸塩錠|ピオグリタゾン錠「JG」,30.0mg,錠,ピオグリタゾン錠15mg「JG」,a50295e99ab3
ピオグリタゾン塩酸塩,ピオグリタゾン錠30mg「NS」,3969007F2071,ピオグリタゾン塩酸塩|ピオグリタゾン錠「NS」,30.0mg,錠,ピオグリタゾン錠15mg「NS」,ef6cd2557fbd
ピオグリタゾン塩酸塩錠,ピオグリタゾン錠30mg「TCK」,3969007F2080,ピオグリタゾン塩酸塩錠|ピオグリタゾン錠「TCK」,30.0mg,錠,ピオグリタゾン錠15mg「TCK」,b8cbd7fd9cc1
ピオグリタゾン塩酸塩錠,ピオグリタゾン錠30mg「TSU」,3969007F2250,ピオグリタゾン塩酸塩錠|ピオグリタゾン錠「TSU」,30.0mg,錠,ピオグリタゾン錠15mg「TSU」,487730fb8e1f
ピオグリタゾン塩酸塩,ピオグリタゾン錠30mg「ZE」,3969007F2098,ピオグリタゾン塩酸塩|ピオグリタゾン錠「ZE」,30.0mg,錠,ピオグリタゾン錠15mg「ZE」,3a216c77ae9b
ピオグリタゾン塩酸塩,ピオグリタゾン錠30mg「ケミファ」,3969007F2284,ピオグリタゾン塩酸塩|ピオグリタゾン錠「ケミファ」,30.0mg,錠,ピオグリタゾン錠15mg「ケミファ」,568cf5d25a17
ピオグリタゾン塩酸塩,ピオグリタゾン錠30mg「サワイ」,3969007F2136,ピオグリタゾン塩酸塩|ピオグリタゾン錠「サワイ」,30.0mg,錠,ピオグリタゾン錠15mg「サワイ」,adc84c688f33
ピオグリタゾン塩酸塩錠,ピオグリタゾン錠30mg「トーワ」,3969007F2187,ピオグリタゾン塩酸塩錠|ピオグリタゾン錠「トーワ」,30.0mg,錠,ピオグリタゾン錠15mg「トーワ」,ec00841fb019
ピオグリタゾン塩酸塩錠,ピオグリタゾン錠30mg「ニプロ」,3969007F2349,ピオグリタゾン塩酸塩錠|ピオグリタゾン錠「ニプロ」,30.0mg,錠,ピオグリタゾン錠15mg「ニプロ」,0b6954cd9e3d
ピオグリタゾン塩酸塩,ピオグリタゾン錠30mg「日医工」,3969007F2195,ピオグリタゾン塩酸塩|ピオグリタゾン錠「日医工」,30.0mg,錠,ピオグリタゾン錠15mg「日医工」,47529e21f07e
ピオグリタゾン塩酸塩,ピオグリタゾン錠30mg「杏林」,3969007F2276,ピオグリタゾン塩酸塩|ピオグリタゾン錠「杏林」,30.0mg,錠,ピオグリタゾン錠15mg「杏林」,96d2b9528d0a
ピオグリタゾン塩酸塩錠,ピオグリタゾン錠30mg「武田テバ」,3969007F2322,ピオグリタゾン塩酸塩錠|ピオグリタゾン錠「武田テバ」,30.0mg,錠,ピオグリタゾン錠15mg「武田テバ」,535e1d2c119f
-,ピシバニール注射用5KE,4299400D6021,-|ピシバニール注射用5KE,,注射剤,,9d93a9aef8c3
"アンピシリンナトリウム
スルバクタムナトリウム",ピシリバクタ静注用1.5g,6139504F2037,"アンピシリンナトリウム
スルバクタムナトリウム|ピシリバクタ静注用",1.5g,注射剤,ピシリバクタ静注用0.75g,ce37480c9fe7
"アンピシリンナトリウム
スルバクタムナトリウム",ピシリバクタ静注用3g,6139504F3068,"アンピシリンナトリウム
スルバクタムナトリウム|ピシリバクタ静注用",3.0g,注射剤,ピシリバクタ静注用0.75g,ce37480c9fe7
ピタバスタチンカルシウム水和物,ピタバスタチンCa・OD錠2mg「JG」,2189016F5074,ピタバスタチンカルシウム水和物|ピタバスタチンCa・OD錠「JG」,2.0mg,OD錠,ピタバスタチンCa・OD錠1mg「JG」,8000a5f6014a
ピタバスタチンカルシウム水和物,ピタバスタチンCa・OD錠2mg「サワイ」,2189016F5066,ピタバスタチンカルシウム水和物|ピタバスタチンCa・OD錠「サワイ」,2.0mg,OD錠,ピタバスタチンCa・OD錠1mg「サワイ」,955c9abc0942
ピタバスタチンカルシウム口腔内崩壊錠,ピタバスタチンCa・OD錠2mg「トーワ」,2189016F5031,ピタバスタチンカルシウム口腔内崩壊錠|ピタバスタチンCa・OD錠「トーワ」,2.0mg,OD錠,ピタバスタチンCa・OD錠1mg「トーワ」,a302d5364cb9
ピタバスタチンカルシウム水和物,ピタバスタチンCa・OD錠2mg「杏林」,2189016F5082,ピタバスタチンカルシウム水和物|ピタバスタチンCa・OD錠「杏林」,2.0mg,OD錠,ピタバスタチンCa・OD錠1mg「杏林」,66177e954c96
ピタバスタチンカルシウム水和物,ピタバスタチンCa・OD錠4mg「JG」,2189016F6062,ピタバスタチンカルシウム水和物|ピタバスタチンCa・OD錠「JG」,4.0mg,OD錠,ピタバスタチンCa・OD錠1mg「JG」,8000a5f6014a
ピタバスタチンカルシウム水和物,ピタバスタチンCa・OD錠4mg「サワイ」,2189016F6054,ピタバスタチンカルシウム水和物|ピタバスタチンCa・OD錠「サワイ」,4.0mg,OD錠,ピタバスタチンCa・OD錠1mg「サワイ」,955c9abc0942
ピタバスタチンカルシウム口腔内崩壊錠,ピタバスタチンCa・OD錠4mg「トーワ」,2189016F6038,ピタバスタチンカルシウム口腔内崩壊錠|ピタバスタチンCa・OD錠「トーワ」,4.0mg,OD錠,ピタバスタチンCa・OD錠1mg「トーワ」,a302d5364cb9
ピタバスタチンカルシウム水和物,ピタバスタチンCa・OD錠4mg「杏林」,2189016F6070,ピタバスタチンカルシウム水和物|ピタバスタチンCa・OD錠「杏林」,4.0mg,OD錠,ピタバスタチンCa・OD錠1mg「杏林」,66177e954c96
ピタバスタチンカルシウム水和物,ピタバスタチンCa錠2mg「FFP」,2189016F2040,ピタバスタチンカルシウム水和物|ピタバスタチンCa錠「FFP」,2.0mg,錠,ピタバスタチンCa錠1mg「FFP」,89c254821ef4
ピタバスタチンカルシウム錠,ピタバスタチンCa錠2mg「JG」,2189016F2270,ピタバスタチンカルシウム錠|ピタバスタチンCa錠「JG」,2.0mg,錠,ピタバスタチンCa錠1mg「JG」,8ce8ca024ab4
ピタバスタチンカルシウム水和物錠,ピタバスタチンCa錠2mg「NP」,2189016F2067,ピタバスタチンカルシウム水和物錠|ピタバスタチンCa錠「NP」,2.0mg,錠,ピタバスタチンCa錠1mg「NP」,d90b72215a91
ピタバスタチンカルシウム錠,ピタバスタチンCa錠2mg「TCK」,2189016F2075,ピタバスタチンカルシウム錠|ピタバスタチンCa錠「TCK」,2.0mg,錠,ピタバスタチンCa錠1mg「TCK」,a1ed343a7858
ピタバスタチンカルシウム水和物,ピタバスタチンCa錠2mg「VTRS」,2189016F2300,ピタバスタチンカルシウム水和物|ピタバスタチンCa錠「VTRS」,2.0mg,錠,ピタバスタチンCa錠1mg「VTRS」,a6ddfc5205ac
ピタバスタチンカルシウム錠,ピタバスタチンCa錠2mg「YD」,2189016F2083,ピタバスタチンカルシウム錠|ピタバスタチンCa錠「YD」,2.0mg,錠,ピタバスタチンCa錠1mg「YD」,44bf54d83504
ピタバスタチンカルシウム水和物,ピタバスタチンCa錠2mg「アメル」,2189016F2091,ピタバスタチンカルシウム水和物|ピタバスタチンCa錠「アメル」,2.0mg,錠,ピタバスタチンCa錠1mg「アメル」,bd3861480c69
ピタバスタチンカルシウム水和物,ピタバスタチンCa錠2mg「ケミファ」,2189016F2121,ピタバスタチンカルシウム水和物|ピタバスタチンCa錠「ケミファ」,2.0mg,錠,ピタバスタチンCa錠1mg「ケミファ」,41557bfa102c
ピタバスタチンカルシウム水和物,ピタバスタチンCa錠2mg「サワイ」,2189016F2130,ピタバスタチンカルシウム水和物|ピタバスタチンCa錠「サワイ」,2.0mg,錠,ピタバスタチンCa錠1mg「サワイ」,d3240e4f6aad
ピタバスタチンカルシウム水和物,ピタバスタチンCa錠2mg「タカタ」,2189016F2164,ピタバスタチンカルシウム水和物|ピタバスタチンCa錠「タカタ」,2.0mg,錠,ピタバスタチンCa錠1mg「タカタ」,44bb77f7e0bc
ピタバスタチンカルシウム水和物,ピタバスタチンCa錠2mg「ツルハラ」,2189016F2172,ピタバスタチンカルシウム水和物|ピタバスタチンCa錠「ツルハラ」,2.0mg,錠,ピタバスタチンCa錠1mg「ツルハラ」,ace5ede6b068
ピタバスタチンカルシウム錠,ピタバスタチンCa錠2mg「トーワ」,2189016F2180,ピタバスタチンカルシウム錠|ピタバスタチンCa錠「トーワ」,2.0mg,錠,ピタバスタチンCa錠1mg「トーワ」,7567f5412e34
ピタバスタチンカルシウム水和物,ピタバスタチンCa錠2mg「三和」,2189016F2156,ピタバスタチンカルシウム水和物|ピタバスタチンCa錠「三和」,2.0mg,錠,ピタバスタチンCa錠1mg「三和」,969712802de8
ピタバスタチンカルシウム水和物,ピタバスタチンCa錠2mg「日新」,2189016F2199,ピタバスタチンカルシウム水和物|ピタバスタチンCa錠「日新」,2.0mg,錠,ピタバスタチンCa錠1mg「日新」,2337abc0c3ed
ピタバスタチンカルシウム水和物,ピタバスタチンCa錠2mg「杏林」,2189016F2113,ピタバスタチンカルシウム水和物|ピタバスタチンCa錠「杏林」,2.0mg,錠,ピタバスタチンCa錠1mg「杏林」,e42b8d03e0c6
ピタバスタチンカルシウム水和物,ピタバスタチンCa錠2mg「科研」,2189016F2105,ピタバスタチンカルシウム水和物|ピタバスタチンCa錠「科研」,2.0mg,錠,ピタバスタチンCa錠1mg「科研」,11650f0bf511
ピタバスタチンカルシウム水和物,ピタバスタチンCa錠4mg「FFP」,2189016F3047,ピタバスタチンカルシウム水和物|ピタバスタチンCa錠「FFP」,4.0mg,錠,ピタバスタチンCa錠1mg「FFP」,89c254821ef4
ピタバスタチンカルシウム錠,ピタバスタチンCa錠4mg「JG」,2189016F3225,ピタバスタチンカルシウム錠|ピタバスタチンCa錠「JG」,4.0mg,錠,ピタバスタチンCa錠1mg「JG」,8ce8ca024ab4
ピタバスタチンカルシウム水和物錠,ピタバスタチンCa錠4mg「NP」,2189016F3063,ピタバスタチンカルシウム水和物錠|ピタバスタチンCa錠「NP」,4.0mg,錠,ピタバスタチンCa錠1mg「NP」,d90b72215a91
ピタバスタチンカルシウム錠,ピタバスタチンCa錠4mg「TCK」,2189016F3179,ピタバスタチンカルシウム錠|ピタバスタチンCa錠「TCK」,4.0mg,錠,ピタバスタチンCa錠1mg「TCK」,a1ed343a7858
ピタバスタチンカルシウム水和物,ピタバスタチンCa錠4mg「VTRS」,2189016F3306,ピタバスタチンカルシウム水和物|ピタバスタチンCa錠「VTRS」,4.0mg,錠,ピタバスタチンCa錠1mg「VTRS」,a6ddfc5205ac
ピタバスタチンカルシウム錠,ピタバスタチンCa錠4mg「YD」,2189016F3233,ピタバスタチンカルシウム錠|ピタバスタチンCa錠「YD」,4.0mg,錠,ピタバスタチンCa錠1mg「YD」,44bf54d83504
ピタバスタチンカルシウム水和物,ピタバスタチンCa錠4mg「アメル」,2189016F3071,ピタバスタチンカルシウム水和物|ピタバスタチンCa錠「アメル」,4.0mg,錠,ピタバスタチンCa錠1mg「アメル」,bd3861480c69
ピタバスタチンカルシウム水和物,ピタバスタチンCa錠4mg「ケミファ」,2189016F3241,ピタバスタチンカルシウム水和物|ピタバスタチンCa錠「ケミファ」,4.0mg,錠,ピタバスタチンCa錠1mg「ケミファ」,41557bfa102c
ピタバスタチンカルシウム水和物,ピタバスタチンCa錠4mg「サワイ」,2189016F3080,ピタバスタチンカルシウム水和物|ピタバスタチンCa錠「サワイ」,4.0mg,錠,ピタバスタチンCa錠1mg「サワイ」,d3240e4f6aad
ピタバスタチンカルシウム水和物,ピタバスタチンCa錠4mg「タカタ」,2189016F3098,ピタバスタチンカルシウム水和物|ピタバスタチンCa錠「タカタ」,4.0mg,錠,ピタバスタチンCa錠1mg「タカタ」,44bb77f7e0bc
ピタバスタチンカルシウム水和物,ピタバスタチンCa錠4mg「ツルハラ」,2189016F3268,ピタバスタチンカルシウム水和物|ピタバスタチンCa錠「ツルハラ」,4.0mg,錠,ピタバスタチンCa錠1mg「ツルハラ」,ace5ede6b068
ピタバスタチンカルシウム錠,ピタバスタチンCa錠4mg「トーワ」,2189016F3101,ピタバスタチンカルシウム錠|ピタバスタチンCa錠「トーワ」,4.0mg,錠,ピタバスタチンCa錠1mg「トーワ」,7567f5412e34
ピタバスタチンカルシウム水和物,ピタバスタチンCa錠4mg「三和」,2189016F3195,ピタバスタチンカルシウム水和物|ピタバスタチンCa錠「三和」,4.0mg,錠,ピタバスタチンCa錠1mg「三和」,969712802de8
ピタバスタチンカルシウム水和物,ピタバスタチンCa錠4mg「日新」,2189016F3276,ピタバスタチンカルシウム水和物|ピタバスタチンCa錠「日新」,4.0mg,錠,ピタバスタチンCa錠1mg「日新」,2337abc0c3ed
ピタバスタチンカルシウム水和物,ピタバスタチンCa錠4mg「杏林」,2189016F3187,ピタバスタチンカルシウム水和物|ピタバスタチンCa錠「杏林」,4.0mg,錠,ピタバスタチンCa錠1mg「杏林」,e42b8d03e0c6
ピタバスタチンカルシウム水和物,ピタバスタチンCa錠4mg「科研」,2189016F3144,ピタバスタチンカルシウム水和物|ピタバスタチンCa錠「科研」,4.0mg,錠,ピタバスタチンCa錠1mg「科研」,11650f0bf511
ピタバスタチンカルシウム水和物,ピタバスタチンカルシウムOD錠2mg「KOG」,2189016F5112,ピタバスタチンカルシウム水和物|ピタバスタチンカルシウムOD錠「KOG」,2.0mg,OD錠,ピタバスタチンカルシウムOD錠1mg「KOG」,d68a4319921b
ピタバスタチンカルシウム水和物,ピタバスタチンカルシウムOD錠4mg「KOG」,2189016F6100,ピタバスタチンカルシウム水和物|ピタバスタチンカルシウムOD錠「KOG」,4.0mg,OD錠,ピタバスタチンカルシウムOD錠1mg「KOG」,d68a4319921b
ピタバスタチンカルシウム水和物,ピタバスタチンカルシウム錠2mg「KOG」,2189016F2296,ピタバスタチンカルシウム水和物|ピタバスタチンカルシウム錠「KOG」,2.0mg,錠,ピタバスタチンカルシウム錠1mg「KOG」,e3a632d7adc3
ピタバスタチンカルシウム水和物,ピタバスタチンカルシウム錠2mg「ZE」,2189016F2237,ピタバスタチンカルシウム水和物|ピタバスタチンカルシウム錠「ZE」,2.0mg,錠,ピタバスタチンカルシウム錠1mg「ZE」,8e610772e4be
ピタバスタチンカルシウム水和物,ピタバスタチンカルシウム錠2mg「フェルゼン」,2189016F2318,ピタバスタチンカルシウム水和物|ピタバスタチンカルシウム錠「フェルゼン」,2.0mg,錠,ピタバスタチンカルシウム錠1mg「フェルゼン」,fd76b8fd8217
ピタバスタチンカルシウム水和物,ピタバスタチンカルシウム錠2mg「日医工」,2189016F2253,ピタバスタチンカルシウム水和物|ピタバスタチンカルシウム錠「日医工」,2.0mg,錠,ピタバスタチンカルシウム錠1mg「日医工」,35c22b33dcf4
ピタバスタチンカルシウム水和物,ピタバスタチンカルシウム錠4mg「KOG」,2189016F3292,ピタバスタチンカルシウム水和物|ピタバスタチンカルシウム錠「KOG」,4.0mg,錠,ピタバスタチンカルシウム錠1mg「KOG」,e3a632d7adc3
ピタバスタチンカルシウム水和物,ピタバスタチンカルシウム錠4mg「ZE」,2189016F3136,ピタバスタチンカルシウム水和物|ピタバスタチンカルシウム錠「ZE」,4.0mg,錠,ピタバスタチンカルシウム錠1mg「ZE」,8e610772e4be
ピタバスタチンカルシウム水和物,ピタバスタチンカルシウム錠4mg「フェルゼン」,2189016F3314,ピタバスタチンカルシウム水和物|ピタバスタチンカルシウム錠「フェルゼン」,4.0mg,錠,ピタバスタチンカルシウム錠1mg「フェルゼン」,fd76b8fd8217
ピタバスタチンカルシウム水和物,ピタバスタチンカルシウム錠4mg「日医工」,2189016F3217,ピタバスタチンカルシウム水和物|ピタバスタチンカルシウム錠「日医工」,4.0mg,錠,ピタバスタチンカルシウム錠1mg「日医工」,35c22b33dcf4
ピリドキサールリン酸エステル水和物,ピドキサール注30mg,3134402A2180,ピリドキサールリン酸エステル水和物|ピドキサール注,30.0mg,注射剤,ピドキサール注10mg,b632ce817399
ピリドキサールリン酸エステル水和物,ピドキサール錠20mg,3134003F2147,ピリドキサールリン酸エステル水和物|ピドキサール錠,20.0mg,錠,ピドキサール錠10mg,2e94f414e987
ピリドキサールリン酸エステル水和物,ピドキサール錠30mg,3134003F3330,ピリドキサールリン酸エステル水和物|ピドキサール錠,30.0mg,錠,ピドキサール錠10mg,2e94f414e987
注射用ピラルビシン塩酸塩,ピノルビン注射用20mg,4235403D2057,注射用ピラルビシン塩酸塩|ピノルビン注射用,20.0mg,注射剤,ピノルビン注射用10mg,310e4ae421a1
注射用ピラルビシン塩酸塩,ピノルビン注射用30mg,4235403D3029,注射用ピラルビシン塩酸塩|ピノルビン注射用,30.0mg,注射剤,ピノルビン注射用10mg,310e4ae421a1
注射用ピペラシリンナトリウム,ピペラシリンNa注射用2g「NIG」,6131403D2272,注射用ピペラシリンナトリウム|ピペラシリンNa注射用「NIG」,2.0g,注射剤,ピペラシリンNa注射用1g「NIG」,6e5eeafbefee
ピペラシリンナトリウム,ピペラシリンNa注射用2g「サワイ」,6131403D2221,ピペラシリンナトリウム|ピペラシリンNa注射用「サワイ」,2.0g,注射剤,ピペラシリンNa注射用1g「サワイ」,a4a2e3c46dfe
注射用ピペラシリンナトリウム,ピペラシリンNa注用2g「トーワ」,6131403D2248,注射用ピペラシリンナトリウム|ピペラシリンNa注用「トーワ」,2.0g,注射剤,ピペラシリンNa注用1g「トーワ」,f83aba7550a2
注射用ピペラシリンナトリウムキット,ピペラシリンナトリウム点滴静注用バッグ2g「NP」,6131403P2031,注射用ピペラシリンナトリウムキット|ピペラシリンナトリウム点滴静注用バッグ「NP」,2.0g,注射剤,ピペラシリンナトリウム点滴静注用バッグ1g「NP」,bc56bdd6b278
ピルメノール塩酸塩水和物,ピメノールカプセル100mg,2129012M2027,ピルメノール塩酸塩水和物|ピメノールカプセル,100.0mg,カプセル,ピメノールカプセル50mg,531304eae437
ピモベンダン錠,ピモベンダン錠1.25mg「TE」,2119006F1020,ピモベンダン錠|ピモベンダン錠「TE」,1.25mg,錠,ピモベンダン錠0.625mg「TE」,c16f550b3e83
ピモベンダン錠,ピモベンダン錠2.5mg「TE」,2119006F2026,ピモベンダン錠|ピモベンダン錠「TE」,2.5mg,錠,ピモベンダン錠0.625mg「TE」,c16f550b3e83
ピリドキサールリン酸エステル水和物錠,ピリドキサール錠20mg「ツルハラ」,3134003F2163,ピリドキサールリン酸エステル水和物錠|ピリドキサール錠「ツルハラ」,20.0mg,錠,ピリドキサール錠10mg「ツルハラ」; ピリドキサール錠30mg「ツルハラ」,98eeb41e9548
ピリドキサールリン酸エステル水和物錠,ピリドキサール錠30mg「イセイ」,3134003F3143,ピリドキサールリン酸エステル水和物錠|ピリドキサール錠「イセイ」,30.0mg,錠,ピリドキサール錠10mg「イセイ」,b2c78d4cb8aa
pH4処理酸性人免疫グロブリン,ピリヴィジェン10%静注10g/100mL,6343427A8034,pH4処理酸性人免疫グロブリン|ピリヴィジェン静注/,10.0%/10.0g/100.0ml,注射剤,ピリヴィジェン10%静注2.5g/25mL,592cd3ee4b08
pH4処理酸性人免疫グロブリン,ピリヴィジェン10%静注20g/200mL,6343427A9030,pH4処理酸性人免疫グロブリン|ピリヴィジェン静注/,10.0%/20.0g/200.0ml,注射剤,ピリヴィジェン10%静注2.5g/25mL,592cd3ee4b08
pH4処理酸性人免疫グロブリン,ピリヴィジェン10%静注5g/50mL,6343427A7038,pH4処理酸性人免疫グロブリン|ピリヴィジェン静注/,10.0%/5.0g/50.0ml,注射剤,ピリヴィジェン10%静注2.5g/25mL,592cd3ee4b08
ピルシカイニド塩酸塩水和物,ピルシカイニド塩酸塩カプセル50mg「DSEP」,2129008M2187,ピルシカイニド塩酸塩水和物|ピルシカイニド塩酸塩カプセル「DSEP」,50.0mg,カプセル,ピルシカイニド塩酸塩カプセル25mg「DSEP」,b595f9b563b2
ピルシカイニド塩酸塩水和物カプセル,ピルシカイニド塩酸塩カプセル50mg「NIG」,2129008M2195,ピルシカイニド塩酸塩水和物カプセル|ピルシカイニド塩酸塩カプセル「NIG」,50.0mg,カプセル,ピルシカイニド塩酸塩カプセル25mg「NIG」,ecb0a39a9d0e
ピルシカイニド塩酸塩カプセル,ピルシカイニド塩酸塩カプセル50mg「TCK」,2129008M2152,ピルシカイニド塩酸塩カプセル|ピルシカイニド塩酸塩カプセル「TCK」,50.0mg,カプセル,ピルシカイニド塩酸塩カプセル25mg「TCK」,dad14c9dea12
ピルシカイニド塩酸塩水和物,ピルシカイニド塩酸塩カプセル50mg「サワイ」,2129008M2128,ピルシカイニド塩酸塩水和物|ピルシカイニド塩酸塩カプセル「サワイ」,50.0mg,カプセル,ピルシカイニド塩酸塩カプセル25mg「サワイ」,938552d911f0
ピルシカイニド塩酸塩カプセル,ピルシカイニド塩酸塩カプセル50mg「トーワ」,2129008M2144,ピルシカイニド塩酸塩カプセル|ピルシカイニド塩酸塩カプセル「トーワ」,50.0mg,カプセル,ピルシカイニド塩酸塩カプセル25mg「トーワ」,b606967f183a
"プロメタジンメチレンジサリチル酸塩
プロメタジン塩酸塩",ピレチア錠（25mg）,4413002F2054,"プロメタジンメチレンジサリチル酸塩
プロメタジン塩酸塩|ピレチア錠()",25.0mg,錠,,bb919e22cc73
"プロメタジンメチレンジサリチル酸塩
プロメタジン塩酸塩",ピレチア錠（5mg）,4413002F1031,"プロメタジンメチレンジサリチル酸塩
プロメタジン塩酸塩|ピレチア錠()",5.0mg,錠,,bb919e22cc73
-,ピーエヌツイン−2号輸液,3259515G2035,-|ピーエヌツイン−2号輸液,,液剤,,ac5c7454dafe
-,ピーエヌツイン−3号輸液,3259515G3031,-|ピーエヌツイン−3号輸液,,液剤,,ac5c7454dafe
ペルフェナジンマレイン酸塩錠,ピーゼットシー糖衣錠4mg,1172013F2037,ペルフェナジンマレイン酸塩錠|ピーゼットシー糖衣錠,4.0mg,錠,ピーゼットシー糖衣錠2mg,ef9d934d4420
ペルフェナジンマレイン酸塩錠,ピーゼットシー糖衣錠8mg,1172013F3033,ペルフェナジンマレイン酸塩錠|ピーゼットシー糖衣錠,8.0mg,錠,ピーゼットシー糖衣錠2mg,ef9d934d4420
スクロオキシ水酸化鉄チュアブル錠,ピートルチュアブル錠500mg,2190036F2022,スクロオキシ水酸化鉄チュアブル錠|ピートルチュアブル錠,500.0mg,錠,ピートルチュアブル錠250mg,43bec7ba6b2b
スクロオキシ水酸化鉄顆粒,ピートル顆粒分包500mg,2190036D2021,スクロオキシ水酸化鉄顆粒|ピートル顆粒分包,500.0mg,顆粒,ピートル顆粒分包250mg,7b259eca693b
ナテグリニド,ファスティック錠90,3969006F2034,ナテグリニド|ファスティック錠90,,錠,,98eef2dd4caf
ベンラリズマブ（遺伝子組換え）製剤,ファセンラ皮下注10mgシリンジ,2290402G2027,ベンラリズマブ（遺伝子組換え）製剤|ファセンラ皮下注シリンジ,10.0mg,注射剤,ファセンラ皮下注30mgシリンジ,a354597b17fd
ベンラリズマブ（遺伝子組換え）製剤,ファセンラ皮下注30mgペン,2290402G3023,ベンラリズマブ（遺伝子組換え）製剤|ファセンラ皮下注ペン,30.0mg,注射剤,,a354597b17fd
アガルシダーゼ ベータ（遺伝子組換え）,ファブラザイム点滴静注用35mg,3959409D2025,アガルシダーゼ ベータ（遺伝子組換え）|ファブラザイム点滴静注用,35.0mg,注射剤,ファブラザイム点滴静注用5mg,6a19de959fd4
ファムシクロビル錠,ファムシクロビル錠500mg「日本臓器」,6250031F2044,ファムシクロビル錠|ファムシクロビル錠「日本臓器」,500.0mg,錠,ファムシクロビル錠250mg「日本臓器」,b6ce0997cdd8
ファモチジン,ファモチジンD錠20mg「EMEC」,2325003F4198,ファモチジン|ファモチジンD錠「EMEC」,20.0mg,錠,ファモチジンD錠10mg「EMEC」,afc1618684a7
ファモチジン,ファモチジンD錠20mg「サワイ」,2325003F4147,ファモチジン|ファモチジンD錠「サワイ」,20.0mg,錠,ファモチジンD錠10mg「サワイ」,2425baea0c02
ファモチジン製剤,ファモチジンOD錠10mg「YD」,2325003F3183,ファモチジン製剤|ファモチジンOD錠「YD」,10.0mg,OD錠,,cd06e2846750
ファモチジン口腔内崩壊錠,ファモチジンOD錠20mg「JG」（旧製品）,2325003F4163,ファモチジン口腔内崩壊錠|ファモチジンOD錠「JG」(旧製品),20.0mg,OD錠,,8e873bd365f9
ファモチジン,ファモチジンOD錠20mg「Me」,2325003F4295,ファモチジン|ファモチジンOD錠「Me」,20.0mg,OD錠,ファモチジンOD錠10mg「Me」,530a7a95b6ad
ファモチジン,ファモチジンOD錠20mg「TBP」,2325003F4260,ファモチジン|ファモチジンOD錠「TBP」,20.0mg,OD錠,ファモチジンOD錠10mg「TBP」,efe56342e6bc
ファモチジン製剤,ファモチジンOD錠20mg「YD」,2325003F4201,ファモチジン製剤|ファモチジンOD錠「YD」,20.0mg,OD錠,,cd06e2846750
ファモチジン口腔内崩壊錠,ファモチジンOD錠20mg「オーハラ」,2325003F4236,ファモチジン口腔内崩壊錠|ファモチジンOD錠「オーハラ」,20.0mg,OD錠,ファモチジンOD錠10mg「オーハラ」,592b6f7668fc
ファモチジン,ファモチジンOD錠20mg「ケミファ」,2325003F4228,ファモチジン|ファモチジンOD錠「ケミファ」,20.0mg,OD錠,ファモチジンOD錠10mg「ケミファ」,505c3af287ec
ファモチジン口腔内崩壊錠,ファモチジンOD錠20mg「テバ」,2325003F4244,ファモチジン口腔内崩壊錠|ファモチジンOD錠「テバ」,20.0mg,OD錠,ファモチジンOD錠10mg「テバ」,3bd39541c64d
ファモチジン口腔内崩壊錠,ファモチジンOD錠20mg「トーワ」,2325003F4252,ファモチジン口腔内崩壊錠|ファモチジンOD錠「トーワ」,20.0mg,OD錠,ファモチジンOD錠10mg「トーワ」,43fa15172c12
ファモチジン,ファモチジンOD錠20mg「日新」,2325003F4279,ファモチジン|ファモチジンOD錠「日新」,20.0mg,OD錠,ファモチジンOD錠10mg「日新」,57c6fb78226a
ファモチジン散,ファモチジン散10%「トーワ」,2325003B1111,ファモチジン散|ファモチジン散「トーワ」,10.0%,散剤,ファモチジン散2%「トーワ」,5cf9a3bbc5eb
ファモチジン,ファモチジン散10％「サワイ」,2325003B1065,ファモチジン|ファモチジン散「サワイ」,10.0%,散剤,,53be51e32193
ファモチジン注射液,ファモチジン注射液20mg「トーワ」,2325401A2035,ファモチジン注射液|ファモチジン注射液「トーワ」,20.0mg,注射剤,ファモチジン注射液10mg「トーワ」,d1b863d08414
ファモチジン注射液,ファモチジン注射用20mg「オーハラ」,2325401D1116,ファモチジン注射液|ファモチジン注射用「オーハラ」,20.0mg,注射剤,ファモチジン注射用10mg「オーハラ」,67ea9e120c93
ファモチジン,ファモチジン注射用20mg「タカタ」,2325401D1108,ファモチジン|ファモチジン注射用「タカタ」,20.0mg,注射剤,ファモチジン注射用10mg「タカタ」,211aee223f18
注射用ファモチジン,ファモチジン注射用20mg「テバ」,2325401D1124,注射用ファモチジン|ファモチジン注射用「テバ」,20.0mg,注射剤,ファモチジン注射用10mg「テバ」,21f2588be555
ファモチジン,ファモチジン細粒2％「サワイ」,2325003B2045,ファモチジン|ファモチジン細粒「サワイ」,2.0%,(不明),,53be51e32193
ファモチジン,ファモチジン錠20mg「JG」,2325003F2381,ファモチジン|ファモチジン錠「JG」,20.0mg,錠,ファモチジン錠10mg「JG」,5db806ad7c77
ファモチジン,ファモチジン錠20mg「TBP」,2325003F2373,ファモチジン|ファモチジン錠「TBP」,20.0mg,錠,ファモチジン錠10mg「TBP」,b6a1230ac1ab
ファモチジン錠,ファモチジン錠20mg「TCK」,2325003F2250,ファモチジン錠|ファモチジン錠「TCK」,20.0mg,錠,ファモチジン錠10mg「TCK」,3a4bdd9d0145
ファモチジン製剤,ファモチジン錠20mg「YD」,2325003F2276,ファモチジン製剤|ファモチジン錠「YD」,20.0mg,錠,ファモチジン錠10mg「YD」,cd06e2846750
ファモチジン,ファモチジン錠20mg「ZE」,2325003F2411,ファモチジン|ファモチジン錠「ZE」,20.0mg,錠,ファモチジン錠10mg「ZE」,3b5bec130d70
日本薬局方　ファモチジン錠,ファモチジン錠20mg「クニヒロ」,2325003F2365,日本薬局方　ファモチジン錠|ファモチジン錠「クニヒロ」,20.0mg,錠,ファモチジン錠10mg「クニヒロ」,5d02d41a3630
ファモチジン,ファモチジン錠20mg「ツルハラ」,2325003F2330,ファモチジン|ファモチジン錠「ツルハラ」,20.0mg,錠,ファモチジン錠10mg「ツルハラ」,2b8df2d7499d
ファモチジン錠,ファモチジン錠20mg「テバ」,2325003F2314,ファモチジン錠|ファモチジン錠「テバ」,20.0mg,錠,ファモチジン錠10mg「テバ」,97b24f3bee52
ファモチジン錠,ファモチジン錠20mg「トーワ」,2325003F2322,ファモチジン錠|ファモチジン錠「トーワ」,20.0mg,錠,ファモチジン錠10mg「トーワ」,68c5bec9c497
ファモチジン錠,ファモチジン錠20mg「日医工」,2325003F2284,ファモチジン錠|ファモチジン錠「日医工」,20.0mg,錠,ファモチジン錠10mg「日医工」,a683aa188f8b
ファモチジン錠,ファモチジン錠20mg「日医工」（旧製品）,2325003F2284,ファモチジン錠|ファモチジン錠「日医工」(旧製品),20.0mg,錠,ファモチジン錠10mg「日医工」（旧製品）,18ed1596cf92
ファモチジン,ファモチジン錠20mg「日新」,2325003F2403,ファモチジン|ファモチジン錠「日新」,20.0mg,錠,ファモチジン錠10mg「日新」,faf3f2ccf003
ファモチジン,ファモチジン錠20mg「杏林」,2325003F2357,ファモチジン|ファモチジン錠「杏林」,20.0mg,錠,ファモチジン錠10mg「杏林」,e380aca2bedc
ファモチジン,ファモチジン錠20「サワイ」,2325003F2055,ファモチジン|ファモチジン錠20「サワイ」,,錠,,53be51e32193
ファモチジン,ファモチジン静注20mg「日新」,2325401A3031,ファモチジン|ファモチジン静注「日新」,20.0mg,注射剤,ファモチジン静注10mg「日新」,59e3ccdd26ad
ファモチジン,ファモチジン静注20mg「杏林」,2325401A3040,ファモチジン|ファモチジン静注「杏林」,20.0mg,注射剤,ファモチジン静注10mg「杏林」,e83925d07e3d
ファモチジン,ファモチジン静注液20mg「サワイ」,2325401A3058,ファモチジン|ファモチジン静注液「サワイ」,20.0mg,注射剤,ファモチジン静注液10mg「サワイ」,c29c1366d632
ファモチジン,ファモチジン静注液20mg「日医工」,2325401A3066,ファモチジン|ファモチジン静注液「日医工」,20.0mg,注射剤,ファモチジン静注液10mg「日医工」,80a6f2704afc
ファロペネムナトリウム水和物,ファロム錠200mg,6139001F2024,ファロペネムナトリウム水和物|ファロム錠,200.0mg,錠,ファロム錠150mg,8c86a1687ac8
注射用ミカファンギンナトリウム,ファンガード点滴用50mg,6179400D1020,注射用ミカファンギンナトリウム|ファンガード点滴用,50.0mg,(不明),ファンガード点滴用25mg,82376d051a49
注射用ミカファンギンナトリウム,ファンガード点滴用75mg,6179400D2027,注射用ミカファンギンナトリウム|ファンガード点滴用,75.0mg,(不明),ファンガード点滴用25mg,82376d051a49
注射用セフォゾプラン塩酸塩,ファーストシン静注用1g,6132426F2026,注射用セフォゾプラン塩酸塩|ファーストシン静注用,1.0g,注射剤,ファーストシン静注用0.5g,772849c05f65
インスリン アスパルト（遺伝子組換え）,フィアスプ注 ペンフィル,2492415A6022,インスリン アスパルト（遺伝子組換え）|フィアスプ注ペンフィル,,注射剤,,12d7c2a37cd5
ペランパネル水和物,フィコンパ細粒1%,1139014C1026,ペランパネル水和物|フィコンパ細粒,1.0%,(不明),,1d21dc959d7b
ペランパネル水和物,フィコンパ錠4mg,1139014F2029,ペランパネル水和物|フィコンパ錠,4.0mg,錠,フィコンパ錠2mg,1d21dc959d7b
1％ブドウ糖加酢酸リンゲル液,フィジオ140輸液（500mL）,3319561A2032,1％ブドウ糖加酢酸リンゲル液|フィジオ140輸液(),500.0ml,液剤,フィジオ140輸液（250mL）,c6889935d25d
電解質輸液（維持液10％糖加）,フィジオ35輸液（500mL）,3319560A2038,電解質輸液（維持液10％糖加）|フィジオ35輸液(),500.0ml,液剤,フィジオ35輸液（250mL）,3be21bc1cb61
フィナステリド錠,フィナステリド錠1mg「FCI」,249900XF2117,フィナステリド錠|フィナステリド錠「FCI」,1.0mg,錠,フィナステリド錠0.2mg「FCI」,86c71e083ee1
フィナステリド錠,フィナステリド錠1mg「RTO」,249900XF2109,フィナステリド錠|フィナステリド錠「RTO」,1.0mg,錠,フィナステリド錠0.2mg「RTO」,ff08d19f8b6a
フィナステリド,フィナステリド錠1mg「SN」,249900XF2044,フィナステリド|フィナステリド錠「SN」,1.0mg,錠,フィナステリド錠0.2mg「SN」,9d9055015bb1
フィナステリド錠,フィナステリド錠1mg「TCK」,249900XF2079,フィナステリド錠|フィナステリド錠「TCK」,1.0mg,錠,フィナステリド錠0.2mg「TCK」,2c74c77c7b07
フィナステリド,フィナステリド錠1mg「VTRS」,249900XF2141,フィナステリド|フィナステリド錠「VTRS」,1.0mg,錠,フィナステリド錠0.2mg「VTRS」,af37b8b8a617
フィナステリド,フィナステリド錠1mg「VTRS」（旧製品）,249900XF2141,フィナステリド|フィナステリド錠「VTRS」(旧製品),1.0mg,錠,,677c8599e3b5
フィナステリド,フィナステリド錠1mg「クラシエ」,249900XF2060,フィナステリド|フィナステリド錠「クラシエ」,1.0mg,錠,フィナステリド錠0.2mg「クラシエ」,8d6b5b7713d1
フィナステリド,フィナステリド錠1mg「サワイ」,249900XF2052,フィナステリド|フィナステリド錠「サワイ」,1.0mg,錠,フィナステリド錠0.2mg「サワイ」,8110ab09883e
フィナステリド錠,フィナステリド錠1mg「トーワ」,249900XF2087,フィナステリド錠|フィナステリド錠「トーワ」,1.0mg,錠,フィナステリド錠0.2mg「トーワ」,f5965477d5e7
ドリペネム水和物,フィニバックスキット点滴静注用0.25g,6139402G1039,ドリペネム水和物|フィニバックスキット点滴静注用,0.25g,注射剤,,10e5537b38d1
ドリペネム水和物,フィニバックス点滴静注用0.5g,6139402D2020,ドリペネム水和物|フィニバックス点滴静注用,0.5g,注射剤,フィニバックス点滴静注用0.25g,10e5537b38d1
トラフェルミン（遺伝子組換え）,フィブラストスプレー500,2699710R2024,トラフェルミン（遺伝子組換え）|フィブラストスプレー500,,(不明),,d136c9b8c003
フィルグラスチム（遺伝子組換え）［フィルグラスチム後続1］,フィルグラスチムBS注150μgシリンジ「F」,3399408G2020,フィルグラスチム（遺伝子組換え）［フィルグラスチム後続1］|フィルグラスチムBS注シリンジ「F」,150.0μg,注射剤,フィルグラスチムBS注75μgシリンジ「F」,1a500eb03518
フィルグラスチム（遺伝子組換え）［フィルグラスチム後続2］,フィルグラスチムBS注150μgシリンジ「NK」,3399409G2024,フィルグラスチム（遺伝子組換え）［フィルグラスチム後続2］|フィルグラスチムBS注シリンジ「NK」,150.0μg,注射剤,フィルグラスチムBS注75μgシリンジ「NK」,3617626ad376
フィルグラスチム（遺伝子組換え）［フィルグラスチム後続1］,フィルグラスチムBS注300μgシリンジ「F」,3399408G3026,フィルグラスチム（遺伝子組換え）［フィルグラスチム後続1］|フィルグラスチムBS注シリンジ「F」,300.0μg,注射剤,フィルグラスチムBS注75μgシリンジ「F」,1a500eb03518
フィルグラスチム（遺伝子組換え）［フィルグラスチム後続2］,フィルグラスチムBS注300μgシリンジ「NK」,3399409G3020,フィルグラスチム（遺伝子組換え）［フィルグラスチム後続2］|フィルグラスチムBS注シリンジ「NK」,300.0μg,注射剤,フィルグラスチムBS注75μgシリンジ「NK」,3617626ad376
フェキソフェナジン塩酸塩製剤,フェキソフェナジン塩酸塩OD錠30mg「NP」,4490023F4023,フェキソフェナジン塩酸塩製剤|フェキソフェナジン塩酸塩OD錠「NP」,30.0mg,OD錠,,3489101bdc2a
フェキソフェナジン塩酸塩錠/口腔内崩壊錠,フェキソフェナジン塩酸塩OD錠30mg「トーワ」,4490023F4031,フェキソフェナジン塩酸塩錠/口腔内崩壊錠|フェキソフェナジン塩酸塩OD錠「トーワ」,30.0mg,OD錠,,502b42de7deb
フェキソフェナジン塩酸塩錠/口腔内崩壊錠,フェキソフェナジン塩酸塩OD錠60mg「FFP」,4490023F3035,フェキソフェナジン塩酸塩錠/口腔内崩壊錠|フェキソフェナジン塩酸塩OD錠「FFP」,60.0mg,OD錠,,9be6ef46bd51
フェキソフェナジン塩酸塩製剤,フェキソフェナジン塩酸塩OD錠60mg「NP」,4490023F3043,フェキソフェナジン塩酸塩製剤|フェキソフェナジン塩酸塩OD錠「NP」,60.0mg,OD錠,,3489101bdc2a
フェキソフェナジン塩酸塩製剤,フェキソフェナジン塩酸塩OD錠60mg「YD」,4490023F3116,フェキソフェナジン塩酸塩製剤|フェキソフェナジン塩酸塩OD錠「YD」,60.0mg,OD錠,,b4c9869fbcba
フェキソフェナジン塩酸塩錠/口腔内崩壊錠,フェキソフェナジン塩酸塩OD錠60mg「トーワ」,4490023F3051,フェキソフェナジン塩酸塩錠/口腔内崩壊錠|フェキソフェナジン塩酸塩OD錠「トーワ」,60.0mg,OD錠,,502b42de7deb
フェキソフェナジン塩酸塩,フェキソフェナジン塩酸塩錠60mg「BMD」,4490023F1300,フェキソフェナジン塩酸塩|フェキソフェナジン塩酸塩錠「BMD」,60.0mg,錠,フェキソフェナジン塩酸塩錠30mg「BMD」,cab8ef05f0bd
フェキソフェナジン塩酸塩錠/口腔内崩壊錠,フェキソフェナジン塩酸塩錠60mg「FFP」,4490023F1067,フェキソフェナジン塩酸塩錠/口腔内崩壊錠|フェキソフェナジン塩酸塩錠「FFP」,60.0mg,錠,フェキソフェナジン塩酸塩錠30mg「FFP」,9be6ef46bd51
フェキソフェナジン塩酸塩錠,フェキソフェナジン塩酸塩錠60mg「JG」,4490023F1261,フェキソフェナジン塩酸塩錠|フェキソフェナジン塩酸塩錠「JG」,60.0mg,錠,フェキソフェナジン塩酸塩錠30mg「JG」,462fe168a51d
フェキソフェナジン塩酸塩製剤,フェキソフェナジン塩酸塩錠60mg「NP」,4490023F1083,フェキソフェナジン塩酸塩製剤|フェキソフェナジン塩酸塩錠「NP」,60.0mg,錠,フェキソフェナジン塩酸塩錠30mg「NP」,3489101bdc2a
フェキソフェナジン塩酸塩,フェキソフェナジン塩酸塩錠60mg「SANIK」,4490023F1091,フェキソフェナジン塩酸塩|フェキソフェナジン塩酸塩錠「SANIK」,60.0mg,錠,フェキソフェナジン塩酸塩錠30mg「SANIK」,2fe9d9ce25a6
フェキソフェナジン塩酸塩錠,フェキソフェナジン塩酸塩錠60mg「TCK」,4490023F1105,フェキソフェナジン塩酸塩錠|フェキソフェナジン塩酸塩錠「TCK」,60.0mg,錠,フェキソフェナジン塩酸塩錠30mg「TCK」,fda6c97bcee6
フェキソフェナジン塩酸塩製剤,フェキソフェナジン塩酸塩錠60mg「YD」,4490023F1121,フェキソフェナジン塩酸塩製剤|フェキソフェナジン塩酸塩錠「YD」,60.0mg,錠,フェキソフェナジン塩酸塩錠30mg「YD」,b4c9869fbcba
フェキソフェナジン塩酸塩,フェキソフェナジン塩酸塩錠60mg「ZE」,4490023F1130,フェキソフェナジン塩酸塩|フェキソフェナジン塩酸塩錠「ZE」,60.0mg,錠,フェキソフェナジン塩酸塩錠30mg「ZE」,a232a4c6219e
フェキソフェナジン塩酸塩,フェキソフェナジン塩酸塩錠60mg「ケミファ」,4490023F1164,フェキソフェナジン塩酸塩|フェキソフェナジン塩酸塩錠「ケミファ」,60.0mg,錠,フェキソフェナジン塩酸塩錠30mg「ケミファ」,42a9b826fb5b
フェキソフェナジン塩酸塩,フェキソフェナジン塩酸塩錠60mg「サワイ」,4490023F1270,フェキソフェナジン塩酸塩|フェキソフェナジン塩酸塩錠「サワイ」,60.0mg,錠,フェキソフェナジン塩酸塩錠30mg「サワイ」,6fc9d8fb864e
フェキソフェナジン塩酸塩,フェキソフェナジン塩酸塩錠60mg「タカタ」,4490023F1288,フェキソフェナジン塩酸塩|フェキソフェナジン塩酸塩錠「タカタ」,60.0mg,錠,フェキソフェナジン塩酸塩錠30mg「タカタ」,912331cf9418
フェキソフェナジン塩酸塩,フェキソフェナジン塩酸塩錠60mg「ダイト」,4490023F1180,フェキソフェナジン塩酸塩|フェキソフェナジン塩酸塩錠「ダイト」,60.0mg,錠,フェキソフェナジン塩酸塩錠30mg「ダイト」,bd0e29a46ce1
フェキソフェナジン塩酸塩,フェキソフェナジン塩酸塩錠60mg「ツルハラ」,4490023F1296,フェキソフェナジン塩酸塩|フェキソフェナジン塩酸塩錠「ツルハラ」,60.0mg,錠,フェキソフェナジン塩酸塩錠30mg「ツルハラ」,e509c891e64d
フェキソフェナジン塩酸塩錠,フェキソフェナジン塩酸塩錠60mg「トーワ」,4490023F1202,フェキソフェナジン塩酸塩錠|フェキソフェナジン塩酸塩錠「トーワ」,60.0mg,錠,フェキソフェナジン塩酸塩錠30mg「トーワ」,3c579db008be
フェキソフェナジン塩酸塩,フェキソフェナジン塩酸塩錠60mg「三和」,4490023F1172,フェキソフェナジン塩酸塩|フェキソフェナジン塩酸塩錠「三和」,60.0mg,錠,フェキソフェナジン塩酸塩錠30mg「三和」,08e240421296
フェキソフェナジン塩酸塩,フェキソフェナジン塩酸塩錠60mg「日新」,4490023F1210,フェキソフェナジン塩酸塩|フェキソフェナジン塩酸塩錠「日新」,60.0mg,錠,フェキソフェナジン塩酸塩錠30mg「日新」,2d7810a87f83
フェキソフェナジン塩酸塩,フェキソフェナジン塩酸塩錠60mg「明治」,4490023F1237,フェキソフェナジン塩酸塩|フェキソフェナジン塩酸塩錠「明治」,60.0mg,錠,フェキソフェナジン塩酸塩錠30mg「明治」,01095b8611a8
フェキソフェナジン塩酸塩,フェキソフェナジン塩酸塩錠60mg「杏林」,4490023F1156,フェキソフェナジン塩酸塩|フェキソフェナジン塩酸塩錠「杏林」,60.0mg,錠,フェキソフェナジン塩酸塩錠30mg「杏林」,02f324e06568
"ペルツズマブ（遺伝子組換え）
トラスツズマブ（遺伝子組換え）
ボルヒアルロニダーゼ　アルファ（遺伝子組換え）",フェスゴ配合皮下注 IN,4291501A2024,"ペルツズマブ（遺伝子組換え）
トラスツズマブ（遺伝子組換え）
ボルヒアルロニダーゼ　アルファ（遺伝子組換え）|フェスゴ配合皮下注IN",,注射剤,,9e19e78d4ac0
フェソテロジンフマル酸塩,フェソテロジンフマル酸塩徐放錠8mg「サワイ」,2590015G2036,フェソテロジンフマル酸塩|フェソテロジンフマル酸塩徐放錠「サワイ」,8.0mg,錠,フェソテロジンフマル酸塩徐放錠4mg「サワイ」,e18c1ba037c0
フェノバルビタール,フェノバルビタール散10％「ホエイ」,1125003B2120,フェノバルビタール|フェノバルビタール散「ホエイ」,10.0%,散剤,,cc84ebe44cfe
フェノバルビタール,フェノバールエリキシル0.4%,1125004S1030,フェノバルビタール|フェノバールエリキシル,0.4%,(不明),,0c4cad39ca02
フェノバルビタール,フェノバール散10%,1125003B2031,フェノバルビタール|フェノバール散,10.0%,散剤,,0c4cad39ca02
フェノバルビタール,フェノバール錠30mg,1125004F1023,フェノバルビタール|フェノバール錠,30.0mg,錠,,0c4cad39ca02
フェノフィブラート錠,フェノフィブラート錠80mg「武田テバ」,2183006F4046,フェノフィブラート錠|フェノフィブラート錠「武田テバ」,80.0mg,錠,フェノフィブラート錠53.3mg「武田テバ」,39e9cdc55c41
フェブキソスタット,フェブキソスタットOD錠10mg「サワイ」,3949003F4049,フェブキソスタット|フェブキソスタットOD錠「サワイ」,10.0mg,OD錠,,88ab240649ec
フェブキソスタット,フェブキソスタットOD錠10mg「明治」,3949003F4065,フェブキソスタット|フェブキソスタットOD錠「明治」,10.0mg,OD錠,,8a45df1ae2e0
フェブキソスタット,フェブキソスタットOD錠20mg「NPI」,3949003F5029,フェブキソスタット|フェブキソスタットOD錠「NPI」,20.0mg,OD錠,フェブキソスタットOD錠10mg「NPI」,e371485722c2
フェブキソスタット,フェブキソスタットOD錠20mg「ケミファ」,3949003F5037,フェブキソスタット|フェブキソスタットOD錠「ケミファ」,20.0mg,OD錠,フェブキソスタットOD錠10mg「ケミファ」,3d727c86bae9
フェブキソスタット,フェブキソスタットOD錠20mg「サワイ」,3949003F5045,フェブキソスタット|フェブキソスタットOD錠「サワイ」,20.0mg,OD錠,,88ab240649ec
フェブキソスタット,フェブキソスタットOD錠20mg「日新」,3949003F5053,フェブキソスタット|フェブキソスタットOD錠「日新」,20.0mg,OD錠,フェブキソスタットOD錠10mg「日新」,0c8027b619f4
フェブキソスタット,フェブキソスタットOD錠20mg「明治」,3949003F5061,フェブキソスタット|フェブキソスタットOD錠「明治」,20.0mg,OD錠,,8a45df1ae2e0
フェブキソスタット,フェブキソスタットOD錠40mg「NPI」,3949003F6025,フェブキソスタット|フェブキソスタットOD錠「NPI」,40.0mg,OD錠,フェブキソスタットOD錠10mg「NPI」,e371485722c2
フェブキソスタット,フェブキソスタットOD錠40mg「ケミファ」,3949003F6033,フェブキソスタット|フェブキソスタットOD錠「ケミファ」,40.0mg,OD錠,フェブキソスタットOD錠10mg「ケミファ」,b9a51f0f9243
フェブキソスタット,フェブキソスタットOD錠40mg「日新」,3949003F6041,フェブキソスタット|フェブキソスタットOD錠「日新」,40.0mg,OD錠,フェブキソスタットOD錠10mg「日新」,0c8027b619f4
フェブキソスタット,フェブキソスタットOD錠40mg「明治」,3949003F6050,フェブキソスタット|フェブキソスタットOD錠「明治」,40.0mg,OD錠,,8a45df1ae2e0
フェブキソスタット,フェブキソスタット錠20mg「AFP」,3949003F2038,フェブキソスタット|フェブキソスタット錠「AFP」,20.0mg,錠,フェブキソスタット錠10mg「AFP」,2f3c2f12744e
フェブキソスタット錠,フェブキソスタット錠20mg「DSEP」,3949003F2046,フェブキソスタット錠|フェブキソスタット錠「DSEP」,20.0mg,錠,フェブキソスタット錠10mg「DSEP」,f250b6f8fbd5
フェブキソスタット錠,フェブキソスタット錠20mg「JG」,3949003F2054,フェブキソスタット錠|フェブキソスタット錠「JG」,20.0mg,錠,フェブキソスタット錠10mg「JG」,64502bd5da66
フェブキソスタット錠,フェブキソスタット錠20mg「TCK」,3949003F2062,フェブキソスタット錠|フェブキソスタット錠「TCK」,20.0mg,錠,フェブキソスタット錠10mg「TCK」,3918a8fb414b
フェブキソスタット錠,フェブキソスタット錠20mg「YD」,3949003F2070,フェブキソスタット錠|フェブキソスタット錠「YD」,20.0mg,錠,フェブキソスタット錠10mg「YD」,fd9c4207261f
フェブキソスタット,フェブキソスタット錠20mg「ケミファ」,3949003F2097,フェブキソスタット|フェブキソスタット錠「ケミファ」,20.0mg,錠,フェブキソスタット錠10mg「ケミファ」,bfed01e30a75
フェブキソスタット,フェブキソスタット錠20mg「サワイ」,3949003F2100,フェブキソスタット|フェブキソスタット錠「サワイ」,20.0mg,錠,フェブキソスタット錠10mg「サワイ」,88ab240649ec
フェブキソスタット水和物製剤,フェブキソスタット錠20mg「トーワ」,3949003F2119,フェブキソスタット水和物製剤|フェブキソスタット錠「トーワ」,20.0mg,錠,フェブキソスタット錠10mg「トーワ」,1d5dc30e8efe
フェブキソスタット錠,フェブキソスタット錠20mg「ニプロ」,3949003F2135,フェブキソスタット錠|フェブキソスタット錠「ニプロ」,20.0mg,錠,フェブキソスタット錠10mg「ニプロ」,f5ad2fb0dee1
フェブキソスタット,フェブキソスタット錠20mg「日新」,3949003F2127,フェブキソスタット|フェブキソスタット錠「日新」,20.0mg,錠,フェブキソスタット錠10mg「日新」,bfd9decbc17c
フェブキソスタット,フェブキソスタット錠20mg「明治」,3949003F2143,フェブキソスタット|フェブキソスタット錠「明治」,20.0mg,錠,フェブキソスタット錠10mg「明治」,8a45df1ae2e0
フェブキソスタット,フェブキソスタット錠20mg「杏林」,3949003F2089,フェブキソスタット|フェブキソスタット錠「杏林」,20.0mg,錠,フェブキソスタット錠10mg「杏林」,a02eedf58370
フェブキソスタット,フェブキソスタット錠40mg「AFP」,3949003F3034,フェブキソスタット|フェブキソスタット錠「AFP」,40.0mg,錠,フェブキソスタット錠10mg「AFP」,2f3c2f12744e
フェブキソスタット錠,フェブキソスタット錠40mg「DSEP」,3949003F3042,フェブキソスタット錠|フェブキソスタット錠「DSEP」,40.0mg,錠,フェブキソスタット錠10mg「DSEP」,f250b6f8fbd5
フェブキソスタット錠,フェブキソスタット錠40mg「JG」,3949003F3050,フェブキソスタット錠|フェブキソスタット錠「JG」,40.0mg,錠,フェブキソスタット錠10mg「JG」,64502bd5da66
フェブキソスタット錠,フェブキソスタット錠40mg「TCK」,3949003F3069,フェブキソスタット錠|フェブキソスタット錠「TCK」,40.0mg,錠,フェブキソスタット錠10mg「TCK」,3918a8fb414b
フェブキソスタット錠,フェブキソスタット錠40mg「YD」,3949003F3077,フェブキソスタット錠|フェブキソスタット錠「YD」,40.0mg,錠,フェブキソスタット錠10mg「YD」,fd9c4207261f
フェブキソスタット,フェブキソスタット錠40mg「ケミファ」,3949003F3093,フェブキソスタット|フェブキソスタット錠「ケミファ」,40.0mg,錠,フェブキソスタット錠10mg「ケミファ」,bfed01e30a75
フェブキソスタット,フェブキソスタット錠40mg「サワイ」,3949003F3107,フェブキソスタット|フェブキソスタット錠「サワイ」,40.0mg,錠,フェブキソスタット錠10mg「サワイ」,88ab240649ec
フェブキソスタット水和物製剤,フェブキソスタット錠40mg「トーワ」,3949003F3115,フェブキソスタット水和物製剤|フェブキソスタット錠「トーワ」,40.0mg,錠,フェブキソスタット錠10mg「トーワ」,1d5dc30e8efe
フェブキソスタット錠,フェブキソスタット錠40mg「ニプロ」,3949003F3131,フェブキソスタット錠|フェブキソスタット錠「ニプロ」,40.0mg,錠,フェブキソスタット錠10mg「ニプロ」,f5ad2fb0dee1
フェブキソスタット,フェブキソスタット錠40mg「日新」,3949003F3123,フェブキソスタット|フェブキソスタット錠「日新」,40.0mg,錠,フェブキソスタット錠10mg「日新」,bfd9decbc17c
フェブキソスタット,フェブキソスタット錠40mg「明治」,3949003F3140,フェブキソスタット|フェブキソスタット錠「明治」,40.0mg,錠,フェブキソスタット錠10mg「明治」,8a45df1ae2e0
フェブキソスタット,フェブキソスタット錠40mg「杏林」,3949003F3085,フェブキソスタット|フェブキソスタット錠「杏林」,40.0mg,錠,フェブキソスタット錠10mg「杏林」,a02eedf58370
フェブキソスタット,フェブリク錠20mg,3949003F2020,フェブキソスタット|フェブリク錠,20.0mg,錠,フェブリク錠10mg,54e2df6348c6
フェブキソスタット,フェブリク錠40mg,3949003F3026,フェブキソスタット|フェブリク錠,40.0mg,錠,フェブリク錠10mg,54e2df6348c6
フェルビナク,フェルビナクテープ70mg「NP」,2649731S1348,フェルビナク|フェルビナクテープ「NP」,70.0mg,貼付剤,フェルビナクテープ35mg「NP」,a4a831503e3d
フェルビナク,フェルビナクテープ70mg「三笠」,2649731S1330,フェルビナク|フェルビナクテープ「三笠」,70.0mg,貼付剤,フェルビナクテープ35mg「三笠」,51f9fde34349
フェルビナク,フェルビナクパップ140mg「ラクール」,2649731S3057,フェルビナク|フェルビナクパップ「ラクール」,140.0mg,貼付剤,フェルビナクパップ70mg「ラクール」,86790b7e26ae
日本薬局方　フェルビナクパップ,フェルビナクパップ140mg「東光」,2649731S3065,日本薬局方　フェルビナクパップ|フェルビナクパップ「東光」,140.0mg,貼付剤,フェルビナクパップ70mg「東光」,34d4a25ed3ea
フェルビナクローション・外用ポンプスプレー,フェルビナク外用ポンプスプレー3％「ラクール」,2649731R1036,フェルビナクローション・外用ポンプスプレー|フェルビナク外用ポンプスプレー「ラクール」,3.0%,(不明),,53e79dd65dbe
フェロジピン錠,フェロジピン錠5mg「NIG」,2149035F2064,フェロジピン錠|フェロジピン錠「NIG」,5.0mg,錠,フェロジピン錠2.5mg「NIG」,e74446baad34
クエン酸第一鉄ナトリウム,フェロミア顆粒8.3%,3222013D1059,クエン酸第一鉄ナトリウム|フェロミア顆粒,8.3%,顆粒,,1e3765083762
フェンタニル経皮吸収型製剤,フェンタニル1日用テープ1.7mg「ユートク」,8219700T2049,フェンタニル経皮吸収型製剤|フェンタニル1日用テープ「ユートク」,1.7mg,貼付剤,フェンタニル1日用テープ0.84mg「ユートク」,e9e5eb80ef19
フェンタニル経皮吸収型製剤,フェンタニル1日用テープ3.4mg「ユートク」,8219700T3045,フェンタニル経皮吸収型製剤|フェンタニル1日用テープ「ユートク」,3.4mg,貼付剤,フェンタニル1日用テープ0.84mg「ユートク」,e9e5eb80ef19
フェンタニル経皮吸収型製剤,フェンタニル1日用テープ5mg「ユートク」,8219700T4041,フェンタニル経皮吸収型製剤|フェンタニル1日用テープ「ユートク」,5.0mg,貼付剤,フェンタニル1日用テープ0.84mg「ユートク」,e9e5eb80ef19
フェンタニル経皮吸収型製剤,フェンタニル1日用テープ6.7mg「ユートク」,8219700T5048,フェンタニル経皮吸収型製剤|フェンタニル1日用テープ「ユートク」,6.7mg,貼付剤,フェンタニル1日用テープ0.84mg「ユートク」,e9e5eb80ef19
フェンタニル経皮吸収型製剤,フェンタニル3日用テープ12.6mg「HMT」,8219700S8033,フェンタニル経皮吸収型製剤|フェンタニル3日用テープ「HMT」,12.6mg,貼付剤,フェンタニル3日用テープ2.1mg「HMT」,732e6d546187
フェンタニルテープ,フェンタニル3日用テープ12.6mg「テイコク」,8219700S8076,フェンタニルテープ|フェンタニル3日用テープ「テイコク」,12.6mg,貼付剤,フェンタニル3日用テープ2.1mg「テイコク」,c614f03c4f9e
フェンタニル経皮吸収型製剤,フェンタニル3日用テープ12.6mg「トーワ」,8219700S8068,フェンタニル経皮吸収型製剤|フェンタニル3日用テープ「トーワ」,12.6mg,貼付剤,フェンタニル3日用テープ2.1mg「トーワ」,c9163955ef75
フェンタニル経皮吸収型製剤,フェンタニル3日用テープ12.6mg「ユートク」,8219700S8084,フェンタニル経皮吸収型製剤|フェンタニル3日用テープ「ユートク」,12.6mg,貼付剤,フェンタニル3日用テープ2.1mg「ユートク」,10e57e511d87
フェンタニル経皮吸収型製剤,フェンタニル3日用テープ16.8mg「HMT」,8219700S9030,フェンタニル経皮吸収型製剤|フェンタニル3日用テープ「HMT」,16.8mg,貼付剤,フェンタニル3日用テープ2.1mg「HMT」,732e6d546187
フェンタニルテープ,フェンタニル3日用テープ16.8mg「テイコク」,8219700S9072,フェンタニルテープ|フェンタニル3日用テープ「テイコク」,16.8mg,貼付剤,フェンタニル3日用テープ2.1mg「テイコク」,c614f03c4f9e
フェンタニル経皮吸収型製剤,フェンタニル3日用テープ16.8mg「トーワ」,8219700S9064,フェンタニル経皮吸収型製剤|フェンタニル3日用テープ「トーワ」,16.8mg,貼付剤,フェンタニル3日用テープ2.1mg「トーワ」,c9163955ef75
フェンタニル経皮吸収型製剤,フェンタニル3日用テープ16.8mg「ユートク」,8219700S9080,フェンタニル経皮吸収型製剤|フェンタニル3日用テープ「ユートク」,16.8mg,貼付剤,フェンタニル3日用テープ2.1mg「ユートク」,10e57e511d87
フェンタニル経皮吸収型製剤,フェンタニル3日用テープ4.2mg「HMT」,8219700S6030,フェンタニル経皮吸収型製剤|フェンタニル3日用テープ「HMT」,4.2mg,貼付剤,フェンタニル3日用テープ2.1mg「HMT」,732e6d546187
フェンタニルテープ,フェンタニル3日用テープ4.2mg「テイコク」,8219700S6073,フェンタニルテープ|フェンタニル3日用テープ「テイコク」,4.2mg,貼付剤,フェンタニル3日用テープ2.1mg「テイコク」,c614f03c4f9e
フェンタニル経皮吸収型製剤,フェンタニル3日用テープ4.2mg「トーワ」,8219700S6065,フェンタニル経皮吸収型製剤|フェンタニル3日用テープ「トーワ」,4.2mg,貼付剤,フェンタニル3日用テープ2.1mg「トーワ」,c9163955ef75
フェンタニル経皮吸収型製剤,フェンタニル3日用テープ4.2mg「ユートク」,8219700S6081,フェンタニル経皮吸収型製剤|フェンタニル3日用テープ「ユートク」,4.2mg,貼付剤,フェンタニル3日用テープ2.1mg「ユートク」,10e57e511d87
フェンタニル経皮吸収型製剤,フェンタニル3日用テープ8.4mg「HMT」,8219700S7037,フェンタニル経皮吸収型製剤|フェンタニル3日用テープ「HMT」,8.4mg,貼付剤,フェンタニル3日用テープ2.1mg「HMT」,732e6d546187
フェンタニルテープ,フェンタニル3日用テープ8.4mg「テイコク」,8219700S7070,フェンタニルテープ|フェンタニル3日用テープ「テイコク」,8.4mg,貼付剤,フェンタニル3日用テープ2.1mg「テイコク」,c614f03c4f9e
フェンタニル経皮吸収型製剤,フェンタニル3日用テープ8.4mg「トーワ」,8219700S7061,フェンタニル経皮吸収型製剤|フェンタニル3日用テープ「トーワ」,8.4mg,貼付剤,フェンタニル3日用テープ2.1mg「トーワ」,c9163955ef75
フェンタニル経皮吸収型製剤,フェンタニル3日用テープ8.4mg「ユートク」,8219700S7088,フェンタニル経皮吸収型製剤|フェンタニル3日用テープ「ユートク」,8.4mg,貼付剤,フェンタニル3日用テープ2.1mg「ユートク」,10e57e511d87
フェンタニルクエン酸塩テープ,フェンタニルクエン酸塩1日用テープ1mg「テイコク」,8219701S1041,フェンタニルクエン酸塩テープ|フェンタニルクエン酸塩1日用テープ「テイコク」,1.0mg,貼付剤,フェンタニルクエン酸塩1日用テープ0.5mg「テイコク」,0e83ec399fd8
フェンタニルクエン酸塩テープ,フェンタニルクエン酸塩1日用テープ2mg「テイコク」,8219701S2048,フェンタニルクエン酸塩テープ|フェンタニルクエン酸塩1日用テープ「テイコク」,2.0mg,貼付剤,フェンタニルクエン酸塩1日用テープ0.5mg「テイコク」,0e83ec399fd8
フェンタニルクエン酸塩貼付剤,フェンタニルクエン酸塩1日用テープ2mg「第一三共」,8219701S2030,フェンタニルクエン酸塩貼付剤|フェンタニルクエン酸塩1日用テープ「第一三共」,2.0mg,貼付剤,フェンタニルクエン酸塩1日用テープ1mg「第一三共」,4bbc03517de7
フェンタニルクエン酸塩テープ,フェンタニルクエン酸塩1日用テープ4mg「テイコク」,8219701S3044,フェンタニルクエン酸塩テープ|フェンタニルクエン酸塩1日用テープ「テイコク」,4.0mg,貼付剤,フェンタニルクエン酸塩1日用テープ0.5mg「テイコク」,0e83ec399fd8
フェンタニルクエン酸塩貼付剤,フェンタニルクエン酸塩1日用テープ4mg「第一三共」,8219701S3036,フェンタニルクエン酸塩貼付剤|フェンタニルクエン酸塩1日用テープ「第一三共」,4.0mg,貼付剤,フェンタニルクエン酸塩1日用テープ1mg「第一三共」,4bbc03517de7
フェンタニルクエン酸塩テープ,フェンタニルクエン酸塩1日用テープ6mg「テイコク」,8219701S4040,フェンタニルクエン酸塩テープ|フェンタニルクエン酸塩1日用テープ「テイコク」,6.0mg,貼付剤,フェンタニルクエン酸塩1日用テープ0.5mg「テイコク」,0e83ec399fd8
フェンタニルクエン酸塩貼付剤,フェンタニルクエン酸塩1日用テープ6mg「第一三共」,8219701S4032,フェンタニルクエン酸塩貼付剤|フェンタニルクエン酸塩1日用テープ「第一三共」,6.0mg,貼付剤,フェンタニルクエン酸塩1日用テープ1mg「第一三共」,4bbc03517de7
フェンタニルクエン酸塩テープ,フェンタニルクエン酸塩1日用テープ8mg「テイコク」,8219701S5047,フェンタニルクエン酸塩テープ|フェンタニルクエン酸塩1日用テープ「テイコク」,8.0mg,貼付剤,フェンタニルクエン酸塩1日用テープ0.5mg「テイコク」,0e83ec399fd8
フェンタニルクエン酸塩貼付剤,フェンタニルクエン酸塩1日用テープ8mg「第一三共」,8219701S5039,フェンタニルクエン酸塩貼付剤|フェンタニルクエン酸塩1日用テープ「第一三共」,8.0mg,貼付剤,フェンタニルクエン酸塩1日用テープ1mg「第一三共」,4bbc03517de7
フェンタニルクエン酸塩,フェンタニル注射液0.1mg「テルモ」青,8219400A1071,フェンタニルクエン酸塩|フェンタニル注射液「テルモ」青,0.1mg,注射剤,,6a590b3df75d
フェンタニルクエン酸塩,フェンタニル注射液0.25mg「テルモ」青,8219400A2060,フェンタニルクエン酸塩|フェンタニル注射液「テルモ」青,0.25mg,注射剤,,6a590b3df75d
フェンタニルクエン酸塩注射液,フェンタニル注射液0.25mg「第一三共」,8219400A2051,フェンタニルクエン酸塩注射液|フェンタニル注射液「第一三共」,0.25mg,注射剤,フェンタニル注射液0.1mg「第一三共」,10fcd4e8ad3c
フェンタニルクエン酸塩,フェンタニル注射液0.5mg「テルモ」赤,8219400A3031,フェンタニルクエン酸塩|フェンタニル注射液「テルモ」赤,0.5mg,注射剤,フェンタニル注射液0.1mg「テルモ」赤,6a590b3df75d
フェンタニルクエン酸塩,フェンタニル注射液0.5mg「テルモ」青,8219400A3031,フェンタニルクエン酸塩|フェンタニル注射液「テルモ」青,0.5mg,注射剤,,6a590b3df75d
フェンタニルクエン酸塩　経皮吸収型製剤,フェントステープ1mg,8219701S1025,フェンタニルクエン酸塩　経皮吸収型製剤|フェントステープ,1.0mg,貼付剤,フェントステープ0.5mg,0729ae0807a9
フェンタニルクエン酸塩　経皮吸収型製剤,フェントステープ2mg,8219701S2021,フェンタニルクエン酸塩　経皮吸収型製剤|フェントステープ,2.0mg,貼付剤,フェントステープ0.5mg,0729ae0807a9
フェンタニルクエン酸塩　経皮吸収型製剤,フェントステープ4mg,8219701S3028,フェンタニルクエン酸塩　経皮吸収型製剤|フェントステープ,4.0mg,貼付剤,フェントステープ0.5mg,0729ae0807a9
フェンタニルクエン酸塩　経皮吸収型製剤,フェントステープ6mg,8219701S4024,フェンタニルクエン酸塩　経皮吸収型製剤|フェントステープ,6.0mg,貼付剤,フェントステープ0.5mg,0729ae0807a9
フェンタニルクエン酸塩　経皮吸収型製剤,フェントステープ8mg,8219701S5020,フェンタニルクエン酸塩　経皮吸収型製剤|フェントステープ,8.0mg,貼付剤,フェントステープ0.5mg,0729ae0807a9
ウフェナマート,フエナゾールクリーム5％,2649727N1054,ウフェナマート|フエナゾールクリーム,5.0%,クリーム,,6c10e069ece4
ダパグリフロジンプロピレングリコール錠,フォシーガ錠10mg,3969019F2023,ダパグリフロジンプロピレングリコール錠|フォシーガ錠,10.0mg,錠,フォシーガ錠5mg,34635a6d7462
テナパノル塩酸塩,フォゼベル錠10mg,2190045F2021,テナパノル塩酸塩|フォゼベル錠,10.0mg,錠,フォゼベル錠5mg,ab9734c6626e
テナパノル塩酸塩,フォゼベル錠20mg,2190045F3028,テナパノル塩酸塩|フォゼベル錠,20.0mg,錠,フォゼベル錠5mg,ab9734c6626e
テナパノル塩酸塩,フォゼベル錠30mg,2190045F4024,テナパノル塩酸塩|フォゼベル錠,30.0mg,錠,フォゼベル錠5mg,ab9734c6626e
葉酸,フォリアミン散100mg/g,3135002B1036,葉酸|フォリアミン散/g,100.0mg,散剤,,bb35e605c99a
フォリトロピンベータ（遺伝子組換え）,フォリスチム注600IUカートリッジ,2413405G5021,フォリトロピンベータ（遺伝子組換え）|フォリスチム注600IUカートリッジ,,注射剤,,cdeca5b591f0
フォリトロピンベータ（遺伝子組換え）,フォリスチム注900IUカートリッジ,2413405G6028,フォリトロピンベータ（遺伝子組換え）|フォリスチム注900IUカートリッジ,,注射剤,,cdeca5b591f0
精製下垂体性性腺刺激ホルモン,フォリルモンP注150,2413403D1020,精製下垂体性性腺刺激ホルモン|フォリルモンP注150,,注射剤,,cb3b7ed9bc20
"ジヒドロコデインリン酸塩・
dl
-メチルエフェドリン塩酸塩・クロルフェニラミンマレイン酸塩",フスコデ配合シロップ,2229102Q1120,"ジヒドロコデインリン酸塩・
dl
-メチルエフェドリン塩酸塩・クロルフェニラミンマレイン酸塩|フスコデ配合シロップ",,シロップ,,0e526269acba
ノルエチステロン・エチニルエストラジオール,フリウェル配合錠ULD「あすか」,2482009F2038,ノルエチステロン・エチニルエストラジオール|フリウェル配合錠ULD「あすか」,,錠,,6feddaa5d6be
"ノルエチステロン
エチニルエストラジオール",フリウェル配合錠ULD「サワイ」,2482009F2046,"ノルエチステロン
エチニルエストラジオール|フリウェル配合錠ULD「サワイ」",,錠,,cf7a738de7cd
ノルエチステロン・エチニルエストラジオール配合製剤,フリウェル配合錠ULD「トーワ」,2482009F2054,ノルエチステロン・エチニルエストラジオール配合製剤|フリウェル配合錠ULD「トーワ」,,錠,,0a3cf2cf167e
ノルエチステロン・エチニルエストラジオール,フリウェル配合錠ULD「モチダ」,2482009F2062,ノルエチステロン・エチニルエストラジオール|フリウェル配合錠ULD「モチダ」,,錠,,1c536f739b17
ナフトピジル,フリバスOD錠 50mg,2590009F4020,ナフトピジル|フリバスOD錠,50.0mg,OD錠,フリバスOD錠 25mg,9643ef3c628a
ナフトピジル,フリバスOD錠 75mg,2590009F5026,ナフトピジル|フリバスOD錠,75.0mg,OD錠,フリバスOD錠 25mg,9643ef3c628a
ナフトピジル,フリバス錠 50mg,2590009F2035,ナフトピジル|フリバス錠,50.0mg,錠,フリバス錠 25mg,62778098e542
ナフトピジル,フリバス錠 75mg,2590009F3023,ナフトピジル|フリバス錠,75.0mg,錠,フリバス錠 25mg,62778098e542
フルキンチニブカプセル,フリュザクラカプセル5mg,4291088M2020,フルキンチニブカプセル|フリュザクラカプセル,5.0mg,カプセル,フリュザクラカプセル1mg,0e3dbafb7f22
トリクロルメチアジド,フルイトラン錠2mg,2132003F1257,トリクロルメチアジド|フルイトラン錠,2.0mg,錠,フルイトラン錠1mg,d185fbfb6522
フルオシノニド製剤,フルオシノニドクリーム0.05%「テイコク」,2646708N1319,フルオシノニド製剤|フルオシノニドクリーム「テイコク」,0.05%,クリーム,,78f289530ce0
フルオシノニド製剤,フルオシノニドクリーム0.05%「日医工」,2646708N1327,フルオシノニド製剤|フルオシノニドクリーム「日医工」,0.05%,クリーム,,c1629a526e09
フルオシノニド製剤,フルオシノニド軟膏0.05%「日医工」,2646708M1291,フルオシノニド製剤|フルオシノニド軟膏「日医工」,0.05%,軟膏,,c1629a526e09
フルオロウラシル注射液,フルオロウラシル注1000mg「トーワ」,4223401A3030,フルオロウラシル注射液|フルオロウラシル注「トーワ」,1000.0mg,注射剤,フルオロウラシル注250mg「トーワ」,30b20f3a306d
フルオロメトロン点眼液,フルオロメトロン点眼液0.05％「日点」,1315704Q2065,フルオロメトロン点眼液|フルオロメトロン点眼液「日点」,0.05%,点眼剤,フルオロメトロン点眼液0.02％「日点」,7d1d784dbde9
フルオロメトロン点眼液,フルオロメトロン点眼液0.1％「NIT」,1315704Q3185,フルオロメトロン点眼液|フルオロメトロン点眼液「NIT」,0.1%,点眼剤,フルオロメトロン点眼液0.02％「NIT」,dfaed19279d8
フルオロメトロン,フルオロメトロン点眼液0.1％「わかもと」,1315704Q3142,フルオロメトロン|フルオロメトロン点眼液「わかもと」,0.1%,点眼剤,フルオロメトロン点眼液0.02％「わかもと」,a803f7ac6f1f
フルオロメトロン点眼液,フルオロメトロン点眼液0.1％「ニットー」,1315704Q3169,フルオロメトロン点眼液|フルオロメトロン点眼液「ニットー」,0.1%,点眼剤,フルオロメトロン点眼液0.02％「ニットー」,9a0e6c109506
フルオロメトロン点眼液,フルオロメトロン点眼液0.1％「日点」,1315704Q3150,フルオロメトロン点眼液|フルオロメトロン点眼液「日点」,0.1%,点眼剤,フルオロメトロン点眼液0.02％「日点」,7d1d784dbde9
高カロリー輸液用　総合ビタミン・糖・アミノ酸・電解質液,フルカリック1号輸液（1354.5mL）,3259523G3028,高カロリー輸液用　総合ビタミン・糖・アミノ酸・電解質液|フルカリック1号輸液(),1354.5ml,液剤,フルカリック1号輸液（903mL）,86cd44f86c05
高カロリー輸液用　総合ビタミン・糖・アミノ酸・電解質液,フルカリック2号輸液（1003mL）,3259524G1038,高カロリー輸液用　総合ビタミン・糖・アミノ酸・電解質液|フルカリック2号輸液(),1003.0ml,液剤,,86cd44f86c05
高カロリー輸液用　総合ビタミン・糖・アミノ酸・電解質液,フルカリック2号輸液（1504.5mL）,3259524G3022,高カロリー輸液用　総合ビタミン・糖・アミノ酸・電解質液|フルカリック2号輸液(),1504.5ml,液剤,,86cd44f86c05
高カロリー輸液用　総合ビタミン・糖・アミノ酸・電解質液,フルカリック3号輸液（1103mL）,3259525G1032,高カロリー輸液用　総合ビタミン・糖・アミノ酸・電解質液|フルカリック3号輸液(),1103.0ml,液剤,,86cd44f86c05
電解質輸液（維持液）,フルクトラクト注,3319514A5029,電解質輸液（維持液）|フルクトラクト注,,注射剤,フルクトラクト注,673ad10f166f
フルコナゾール,フルコナゾールカプセル100mg「F」,6290002M2069,フルコナゾール|フルコナゾールカプセル「F」,100.0mg,カプセル,フルコナゾールカプセル50mg「F」,7e911518a4b3
フルコナゾールカプセル,フルコナゾールカプセル100mg「JG」,6290002M2140,フルコナゾールカプセル|フルコナゾールカプセル「JG」,100.0mg,カプセル,フルコナゾールカプセル50mg「JG」,b142fc13b19f
フルコナゾール,フルコナゾールカプセル100mg「アメル」,6290002M2115,フルコナゾール|フルコナゾールカプセル「アメル」,100.0mg,カプセル,フルコナゾールカプセル50mg「アメル」,c6df663f03df
フルコナゾール,フルコナゾールカプセル100mg「サワイ」,6290002M2131,フルコナゾール|フルコナゾールカプセル「サワイ」,100.0mg,カプセル,フルコナゾールカプセル50mg「サワイ」,73f1e390d411
フルコナゾールカプセル,フルコナゾールカプセル100mg「サンド」,6290002M2158,フルコナゾールカプセル|フルコナゾールカプセル「サンド」,100.0mg,カプセル,フルコナゾールカプセル50mg「サンド」,6953ee6cb025
フルコナゾール,フルコナゾールカプセル100mg「タカタ」,6290002M2174,フルコナゾール|フルコナゾールカプセル「タカタ」,100.0mg,カプセル,フルコナゾールカプセル50mg「タカタ」,fc53592445c6
フルコナゾール注射液,フルコナゾール静注100mg「NP」,6290401A4080,フルコナゾール注射液|フルコナゾール静注「NP」,100.0mg,注射剤,フルコナゾール静注50mg「NP」,24aa60b0fec4
フルコナゾール注射液,フルコナゾール静注100mg「トーワ」,6290401A2184,フルコナゾール注射液|フルコナゾール静注「トーワ」,100.0mg,注射剤,フルコナゾール静注50mg「トーワ」,f02fe7e91619
フルコナゾール注射液,フルコナゾール静注200mg「NP」,6290401A5086,フルコナゾール注射液|フルコナゾール静注「NP」,200.0mg,注射剤,フルコナゾール静注50mg「NP」,24aa60b0fec4
フルコナゾール注射液,フルコナゾール静注200mg「トーワ」,6290401A3172,フルコナゾール注射液|フルコナゾール静注「トーワ」,200.0mg,注射剤,フルコナゾール静注50mg「トーワ」,f02fe7e91619
フルコナゾール,フルコナゾール静注液100mg「F」,6290401A4098,フルコナゾール|フルコナゾール静注液「F」,100.0mg,注射剤,フルコナゾール静注液50mg「F」,f413e5ed23ed
フルコナゾール,フルコナゾール静注液100mg「サワイ」,6290401A2192,フルコナゾール|フルコナゾール静注液「サワイ」,100.0mg,注射剤,フルコナゾール静注液50mg「サワイ」,770de2a921f7
フルコナゾール,フルコナゾール静注液200mg「F」,6290401A5094,フルコナゾール|フルコナゾール静注液「F」,200.0mg,注射剤,フルコナゾール静注液50mg「F」,f413e5ed23ed
フルコナゾール,フルコナゾール静注液200mg「サワイ」,6290401A3180,フルコナゾール|フルコナゾール静注液「サワイ」,200.0mg,注射剤,フルコナゾール静注液50mg「サワイ」,770de2a921f7
フルオシノロンアセトニド製剤,フルコート軟膏0.025%,2646709M1121,フルオシノロンアセトニド製剤|フルコート軟膏,0.025%,軟膏,,f2900732ac83
ファレカルシトリオール,フルスタン錠0.3,3112005F2025,ファレカルシトリオール|フルスタン錠0.3,,錠,,177b1e0a31ba
フルチカゾンプロピオン酸エステル,フルタイド100μgエアゾール60吸入用,2290700G8039,フルチカゾンプロピオン酸エステル|フルタイドエアゾール60吸入用,100.0μg,吸入剤,,0ba37b76f3b8
フルチカゾンプロピオン酸エステル,フルタイド100ディスカス,2290700G5021,フルチカゾンプロピオン酸エステル|フルタイド100ディスカス,,(不明),,dead9623aca2
フルチカゾンプロピオン酸エステル,フルタイド200ディスカス,2290700G6028,フルチカゾンプロピオン酸エステル|フルタイド200ディスカス,,(不明),,dead9623aca2
フルチカゾンフランカルボン酸エステル,フルチカゾンフランカルボン酸エステル点鼻液27.5µg「杏林」120噴霧用,1329711Q4020,フルチカゾンフランカルボン酸エステル|フルチカゾンフランカルボン酸エステル点鼻液「杏林」120噴霧用,27.5μg,点鼻剤,,a20632b70be9
フルチカゾンフランカルボン酸エステル,フルチカゾンフランカルボン酸エステル点鼻液27.5μg「タカタ」120噴霧用,1329711Q4039,フルチカゾンフランカルボン酸エステル|フルチカゾンフランカルボン酸エステル点鼻液「タカタ」120噴霧用,27.5μg,点鼻剤,,1d8ab19c9b64
フルチカゾンフランカルボン酸エステル点鼻液,フルチカゾンフランカルボン酸エステル点鼻液27.5μg「トーワ」120噴霧用,1329711Q4047,フルチカゾンフランカルボン酸エステル点鼻液|フルチカゾンフランカルボン酸エステル点鼻液「トーワ」120噴霧用,27.5μg,点鼻剤,,b5164cb5d29a
フルチカゾンフランカルボン酸エステル点鼻液,フルチカゾンフランカルボン酸エステル点鼻液27.5μg「ニットー」120噴霧用,1329711Q4055,フルチカゾンフランカルボン酸エステル点鼻液|フルチカゾンフランカルボン酸エステル点鼻液「ニットー」120噴霧用,27.5μg,点鼻剤,,04f0c2176399
フルチカゾンフランカルボン酸エステル点鼻液,フルチカゾンフランカルボン酸エステル点鼻液27.5μg「武田テバ」120噴霧用,1329711Q2036,フルチカゾンフランカルボン酸エステル点鼻液|フルチカゾンフランカルボン酸エステル点鼻液「武田テバ」120噴霧用,27.5μg,点鼻剤,,81a6549925ab
フルチカゾンプロピオン酸エステル点鼻液,フルチカゾンプロピオン酸エステル点鼻液50μg「CEO」56噴霧用,1329707Q3249,フルチカゾンプロピオン酸エステル点鼻液|フルチカゾンプロピオン酸エステル点鼻液「CEO」56噴霧用,50.0μg,点鼻剤,,ca241a2095f3
フルチカゾンプロピオン酸エステル点鼻液,フルチカゾンプロピオン酸エステル点鼻液50μg「トーワ」56噴霧用,1329707Q3265,フルチカゾンプロピオン酸エステル点鼻液|フルチカゾンプロピオン酸エステル点鼻液「トーワ」56噴霧用,50.0μg,点鼻剤,,e2e3fe6ebfb1
フルチカゾンプロピオン酸エステル,フルチカゾン点鼻液50μg「サワイ」56噴霧用,1329707Q3117,フルチカゾンプロピオン酸エステル|フルチカゾン点鼻液「サワイ」56噴霧用,50.0μg,点鼻剤,,3da8c1101cca
フルチカゾンプロピオン酸エステル点鼻液,フルチカゾン点鼻液50μg「三和」56噴霧用,1329707Q3230,フルチカゾンプロピオン酸エステル点鼻液|フルチカゾン点鼻液「三和」56噴霧用,50.0μg,点鼻剤,,4a00210cfa7d
フルチカゾンプロピオン酸エステル,フルチカゾン点鼻液50μg「杏林」56噴霧用,1329707Q3206,フルチカゾンプロピオン酸エステル|フルチカゾン点鼻液「杏林」56噴霧用,50.0μg,点鼻剤,,5f7e9bac90b8
フルチカゾンプロピオン酸エステル／ホルモテロールフマル酸塩水和物吸入剤,フルティフォーム125エアゾール120吸入用,2290802G4022,フルチカゾンプロピオン酸エステル／ホルモテロールフマル酸塩水和物吸入剤|フルティフォーム125エアゾール120吸入用,,吸入剤,,ccbb9e009b9a
フルチカゾンプロピオン酸エステル／ホルモテロールフマル酸塩水和物吸入剤,フルティフォーム125エアゾール56吸入用,2290802G2020,フルチカゾンプロピオン酸エステル／ホルモテロールフマル酸塩水和物吸入剤|フルティフォーム125エアゾール56吸入用,,吸入剤,,ccbb9e009b9a
フルチカゾンプロピオン酸エステル／ホルモテロールフマル酸塩水和物吸入剤,フルティフォーム50エアゾール120吸入用,2290802G3026,フルチカゾンプロピオン酸エステル／ホルモテロールフマル酸塩水和物吸入剤|フルティフォーム50エアゾール120吸入用,,吸入剤,,ccbb9e009b9a
フルチカゾンプロピオン酸エステル,フルナーゼ点鼻液50μg 56噴霧用,1329707Q3052,フルチカゾンプロピオン酸エステル|フルナーゼ点鼻液56噴霧用,50.0μg,点鼻剤,,adabbe3877c1
フルニトラゼパム錠,フルニトラゼパム錠2mg「JG」,1124008F2071,フルニトラゼパム錠|フルニトラゼパム錠「JG」,2.0mg,錠,フルニトラゼパム錠1mg「JG」,adf06729d3d2
フルニトラゼパム錠,フルニトラゼパム錠2mg「TCK」,1124008F2098,フルニトラゼパム錠|フルニトラゼパム錠「TCK」,2.0mg,錠,フルニトラゼパム錠1mg「TCK」,d18f71c15a65
フルニトラゼパム,フルニトラゼパム錠2mg「アメル」,1124008F2047,フルニトラゼパム|フルニトラゼパム錠「アメル」,2.0mg,錠,フルニトラゼパム錠1mg「アメル」,e106775c76ff
フルバスタチンナトリウム錠,フルバスタチン錠20mg「NIG」,2189012F2077,フルバスタチンナトリウム錠|フルバスタチン錠「NIG」,20.0mg,錠,フルバスタチン錠10mg「NIG」,c56da99fdbe8
フルバスタチンナトリウム,フルバスタチン錠20mg「サワイ」,2189012F2034,フルバスタチンナトリウム|フルバスタチン錠「サワイ」,20.0mg,錠,フルバスタチン錠10mg「サワイ」,efcce8f4ea4d
フルバスタチンナトリウム錠,フルバスタチン錠30mg「NIG」,2189012F3073,フルバスタチンナトリウム錠|フルバスタチン錠「NIG」,30.0mg,錠,フルバスタチン錠10mg「NIG」,c56da99fdbe8
フルバスタチンナトリウム,フルバスタチン錠30mg「サワイ」,2189012F3030,フルバスタチンナトリウム|フルバスタチン錠「サワイ」,30.0mg,錠,フルバスタチン錠10mg「サワイ」,efcce8f4ea4d
フルボキサミンマレイン酸塩,フルボキサミンマレイン酸塩錠50mg「NP」,1179039F2083,フルボキサミンマレイン酸塩|フルボキサミンマレイン酸塩錠「NP」,50.0mg,錠,フルボキサミンマレイン酸塩錠25mg「NP」,1582c990d512
フルボキサミンマレイン酸塩,フルボキサミンマレイン酸塩錠50mg「アメル」,1179039F2113,フルボキサミンマレイン酸塩|フルボキサミンマレイン酸塩錠「アメル」,50.0mg,錠,フルボキサミンマレイン酸塩錠25mg「アメル」,546726eb8d2c
フルボキサミンマレイン酸塩,フルボキサミンマレイン酸塩錠50mg「サワイ」,1179039F2148,フルボキサミンマレイン酸塩|フルボキサミンマレイン酸塩錠「サワイ」,50.0mg,錠,フルボキサミンマレイン酸塩錠25mg「サワイ」,aef0abef2002
フルボキサミンマレイン酸塩,フルボキサミンマレイン酸塩錠50mg「タカタ」,1179039F2156,フルボキサミンマレイン酸塩|フルボキサミンマレイン酸塩錠「タカタ」,50.0mg,錠,フルボキサミンマレイン酸塩錠25mg「タカタ」,a5b4c1b893a1
フルボキサミンマレイン酸塩錠,フルボキサミンマレイン酸塩錠50mg「トーワ」,1179039F2180,フルボキサミンマレイン酸塩錠|フルボキサミンマレイン酸塩錠「トーワ」,50.0mg,錠,フルボキサミンマレイン酸塩錠25mg「トーワ」,7a30f15ebd62
フルボキサミンマレイン酸塩,フルボキサミンマレイン酸塩錠50mg「日医工」,1179039F2164,フルボキサミンマレイン酸塩|フルボキサミンマレイン酸塩錠「日医工」,50.0mg,錠,フルボキサミンマレイン酸塩錠25mg「日医工」,fe056f66f351
フルボキサミンマレイン酸塩,フルボキサミンマレイン酸塩錠75mg「NP」,1179039F3080,フルボキサミンマレイン酸塩|フルボキサミンマレイン酸塩錠「NP」,75.0mg,錠,フルボキサミンマレイン酸塩錠25mg「NP」,1582c990d512
フルボキサミンマレイン酸塩,フルボキサミンマレイン酸塩錠75mg「アメル」,1179039F3110,フルボキサミンマレイン酸塩|フルボキサミンマレイン酸塩錠「アメル」,75.0mg,錠,フルボキサミンマレイン酸塩錠25mg「アメル」,546726eb8d2c
フルボキサミンマレイン酸塩,フルボキサミンマレイン酸塩錠75mg「サワイ」,1179039F3144,フルボキサミンマレイン酸塩|フルボキサミンマレイン酸塩錠「サワイ」,75.0mg,錠,フルボキサミンマレイン酸塩錠25mg「サワイ」,aef0abef2002
フルボキサミンマレイン酸塩,フルボキサミンマレイン酸塩錠75mg「タカタ」,1179039F3152,フルボキサミンマレイン酸塩|フルボキサミンマレイン酸塩錠「タカタ」,75.0mg,錠,フルボキサミンマレイン酸塩錠25mg「タカタ」,a5b4c1b893a1
フルボキサミンマレイン酸塩錠,フルボキサミンマレイン酸塩錠75mg「トーワ」,1179039F3187,フルボキサミンマレイン酸塩錠|フルボキサミンマレイン酸塩錠「トーワ」,75.0mg,錠,フルボキサミンマレイン酸塩錠25mg「トーワ」,7a30f15ebd62
フルボキサミンマレイン酸塩,フルボキサミンマレイン酸塩錠75mg「日医工」,1179039F3160,フルボキサミンマレイン酸塩|フルボキサミンマレイン酸塩錠「日医工」,75.0mg,錠,フルボキサミンマレイン酸塩錠25mg「日医工」,fe056f66f351
フロモキセフナトリウム,フルマリンキット静注用1g,6133401G1022,フロモキセフナトリウム|フルマリンキット静注用,1.0g,注射剤,,7228919276fb
フロモキセフナトリウム,フルマリン静注用1g,6133401F2023,フロモキセフナトリウム|フルマリン静注用,1.0g,注射剤,フルマリン静注用0.5g,7228919276fb
フルフェナジンマレイン酸塩錠・散,フルメジン散0.2％,1172009B1032,フルフェナジンマレイン酸塩錠・散|フルメジン散,0.2%,散剤,,8f86a88c42f0
フルフェナジンマレイン酸塩錠・散,フルメジン糖衣錠（0.5）,1172009F2022,フルフェナジンマレイン酸塩錠・散|フルメジン糖衣錠(0.5),,錠,,8f86a88c42f0
フルフェナジンマレイン酸塩錠・散,フルメジン糖衣錠（1）,1172009F3029,フルフェナジンマレイン酸塩錠・散|フルメジン糖衣錠(1),,錠,,8f86a88c42f0
モメタゾンフランカルボン酸エステル,フルメタクリーム,2646731N1024,モメタゾンフランカルボン酸エステル|フルメタクリーム,,クリーム,,b86945f695ee
モメタゾンフランカルボン酸エステル,フルメタローション,2646731Q1020,モメタゾンフランカルボン酸エステル|フルメタローション,,ローション,,b86945f695ee
フルオロメトロン点眼液,フルメトロン点眼液0.1%,1315704Q3126,フルオロメトロン点眼液|フルメトロン点眼液,0.1%,点眼剤,フルメトロン点眼液0.02%,7d7e54ea1f08
フルルビプロフェン,フルルビプロフェンテープ40mg「QQ」,2649732S2071,フルルビプロフェン|フルルビプロフェンテープ「QQ」,40.0mg,貼付剤,フルルビプロフェンテープ20mg「QQ」,82cd77c077bb
フレカイニド酢酸塩,フレカイニド酢酸塩錠100mg「KO」,2129009F2034,フレカイニド酢酸塩|フレカイニド酢酸塩錠「KO」,100.0mg,錠,フレカイニド酢酸塩錠50mg「KO」,b2b60244bc37
フレカイニド酢酸塩,フレカイニド酢酸塩錠100mg「TE」,2129009F2050,フレカイニド酢酸塩|フレカイニド酢酸塩錠「TE」,100.0mg,錠,フレカイニド酢酸塩錠50mg「TE」,356dbcbd19e1
フレカイニド酢酸塩,フレカイニド酢酸塩錠100mg「VTRS」,2129009F2069,フレカイニド酢酸塩|フレカイニド酢酸塩錠「VTRS」,100.0mg,錠,フレカイニド酢酸塩錠50mg「VTRS」,ff4c0702ff1f
フロセミド錠,フロセミド錠20mg「NIG」,2139005F1117,フロセミド錠|フロセミド錠「NIG」,20.0mg,錠,フロセミド錠10mg「NIG」,be7a4e63bfd0
フロセミド錠,フロセミド錠20mg「NP」,2139005F1060,フロセミド錠|フロセミド錠「NP」,20.0mg,錠,フロセミド錠10mg「NP」,a18b42eaf823
フロセミド錠,フロセミド錠20mg「SN」,2139005F1095,フロセミド錠|フロセミド錠「SN」,20.0mg,錠,フロセミド錠10mg「SN」,619c0283f2ca
フロセミド錠,フロセミド錠40mg「JG」,2139005F2431,フロセミド錠|フロセミド錠「JG」,40.0mg,錠,フロセミド錠20mg「JG」,60740dc35fae
フロセミド錠,フロセミド錠40mg「NIG」,2139005F2474,フロセミド錠|フロセミド錠「NIG」,40.0mg,錠,フロセミド錠10mg「NIG」,be7a4e63bfd0
フロセミド錠,フロセミド錠40mg「NP」,2139005F2385,フロセミド錠|フロセミド錠「NP」,40.0mg,錠,フロセミド錠10mg「NP」,a18b42eaf823
フロセミド錠,フロセミド錠40mg「SN」,2139005F2458,フロセミド錠|フロセミド錠「SN」,40.0mg,錠,フロセミド錠10mg「SN」,619c0283f2ca
フルルビプロフェン,フロベン顆粒8%,1149011D1032,フルルビプロフェン|フロベン顆粒,8.0%,顆粒,,efec6988e14b
セフカペン　ピボキシル塩酸塩,フロモックス錠100mg,6132016F2020,セフカペン　ピボキシル塩酸塩|フロモックス錠,100.0mg,錠,フロモックス錠75mg,29c42f5d9682
ボリコナゾール,ブイフェンド錠200mg,6179001F2020,ボリコナゾール|ブイフェンド錠,200.0mg,錠,ブイフェンド錠50mg,4cb8a2400dc8
ミダゾラム,ブコラム口腔用液10mg,1139700Q4028,ミダゾラム|ブコラム口腔用液,10.0mg,液剤,ブコラム口腔用液2.5mg,2606bd168c25
ミダゾラム,ブコラム口腔用液5mg,1139700Q2025,ミダゾラム|ブコラム口腔用液,5.0mg,液剤,ブコラム口腔用液2.5mg,2606bd168c25
ミダゾラム,ブコラム口腔用液7.5mg,1139700Q3021,ミダゾラム|ブコラム口腔用液,7.5mg,液剤,ブコラム口腔用液2.5mg,2606bd168c25
ブテナフィン塩酸塩クリーム/ブテナフィン塩酸塩液,ブテナフィン塩酸塩液1%「トーワ」,2659708Q1070,ブテナフィン塩酸塩クリーム/ブテナフィン塩酸塩液|ブテナフィン塩酸塩液「トーワ」,1.0%,液剤,,59d0e3e11d4f
ブデソニド吸入用懸濁剤,ブデソニド吸入液0.5mg「武田テバ」,2290701G5034,ブデソニド吸入用懸濁剤|ブデソニド吸入液「武田テバ」,0.5mg,吸入剤,ブデソニド吸入液0.25mg「武田テバ」,fdb078445f6a
ブデソニド／ホルモテロールフマル酸塩水和物吸入剤,ブデホル吸入粉末剤60吸入「JG」,2290801G2033,ブデソニド／ホルモテロールフマル酸塩水和物吸入剤|ブデホル吸入粉末剤60吸入「JG」,,(不明),,4a4d8eef0956
ブデソニド・ホルモテロールフマル酸塩水和物吸入剤,ブデホル吸入粉末剤60吸入「MYL」,2290801G2041,ブデソニド・ホルモテロールフマル酸塩水和物吸入剤|ブデホル吸入粉末剤60吸入「MYL」,,(不明),,fbe9bca4af74
ブデソニド・ホルモテロールフマル酸塩水和物吸入剤,ブデホル吸入粉末剤60吸入「ニプロ」,2290801G2050,ブデソニド・ホルモテロールフマル酸塩水和物吸入剤|ブデホル吸入粉末剤60吸入「ニプロ」,,(不明),,93859fb709ee
精製ブドウ糖,ブドウ糖注20%PL「フソー」,3231401H1254,精製ブドウ糖|ブドウ糖注PL「フソー」,20.0%,注射剤,ブドウ糖注10%PL「フソー」; ブドウ糖注5%PL「フソー」,7af271fecbb6
精製ブドウ糖,ブドウ糖注5%PL「フソー」,3231401A2104,精製ブドウ糖|ブドウ糖注PL「フソー」,5.0%,注射剤,ブドウ糖注10%PL「フソー」; ブドウ糖注5%PL「フソー」,c50d1a385c67
精製ブドウ糖,ブドウ糖注5%PL「フソー」,3231401A6169,精製ブドウ糖|ブドウ糖注PL「フソー」,5.0%,注射剤,ブドウ糖注10%PL「フソー」; ブドウ糖注5%PL「フソー」,c50d1a385c67
精製ブドウ糖,ブドウ糖注5%バッグ「フソー」（250mL）,3231401J6096,精製ブドウ糖|ブドウ糖注バッグ「フソー」(),5.0%/250.0ml,注射剤,ブドウ糖注5%バッグ「フソー」（200mL）,4dd515cdbd07
精製ブドウ糖,ブドウ糖注5%バッグ「フソー」（500mL）,3231401Q3125,精製ブドウ糖|ブドウ糖注バッグ「フソー」(),5.0%/500.0ml,注射剤,ブドウ糖注5%バッグ「フソー」（200mL）,4dd515cdbd07
精製ブドウ糖,ブドウ糖注50%PL「フソー」,3231401H7112,精製ブドウ糖|ブドウ糖注PL「フソー」,50.0%,注射剤,ブドウ糖注10%PL「フソー」; ブドウ糖注5%PL「フソー」,7af271fecbb6
精製ブドウ糖,ブドウ糖注5％「NP」（500mL）,3231401Q3133,精製ブドウ糖|ブドウ糖注「NP」(),5.0%/500.0ml,注射剤,ブドウ糖注5％「NP」（250mL）,747592485832
精製ブドウ糖,ブドウ糖注射液20%「VTRS」（20mL）,3231401H1335,精製ブドウ糖|ブドウ糖注射液「VTRS」(),20.0%/20.0ml,注射剤,ブドウ糖注射液5%「VTRS」（20mL）,3d5979253192
精製ブドウ糖,ブドウ糖注射液5%「VTRS」（250mL）,3231401A4085,精製ブドウ糖|ブドウ糖注射液「VTRS」(),5.0%/250.0ml,注射剤,ブドウ糖注射液5%「VTRS」（20mL）,3d5979253192
精製ブドウ糖,ブドウ糖注射液5%「VTRS」（500mL）,3231401A6185,精製ブドウ糖|ブドウ糖注射液「VTRS」(),5.0%/500.0ml,注射剤,ブドウ糖注射液5%「VTRS」（20mL）,3d5979253192
フェニル酪酸ナトリウム,ブフェニール顆粒94%,3999032D1020,フェニル酪酸ナトリウム|ブフェニール顆粒,94.0%,顆粒,,25928bafed70
ブプレノルフィン塩酸塩,ブプレノルフィン注0.3mg「日新」,1149403A2073,ブプレノルフィン塩酸塩|ブプレノルフィン注「日新」,0.3mg,注射剤,ブプレノルフィン注0.2mg「日新」,fe06d2f8424d
ブリーバラセタム錠,ブリィビアクト錠50mg,1139017F2022,ブリーバラセタム錠|ブリィビアクト錠,50.0mg,錠,ブリィビアクト錠25mg,b4a529f6e240
スガマデクスナトリウム,ブリディオン静注500mg,3929409A2020,スガマデクスナトリウム|ブリディオン静注,500.0mg,注射剤,ブリディオン静注200mg,b26c3ccb1f28
チカグレロル錠,ブリリンタ錠90mg,3399011F2023,チカグレロル錠|ブリリンタ錠,90.0mg,錠,ブリリンタ錠60mg,3c3ba48791d2
イブプロフェン,ブルフェン錠200,1149001F2168,イブプロフェン|ブルフェン錠200,,錠,,c2d73199e80e
イブプロフェン,ブルフェン顆粒20%,1149001D1160,イブプロフェン|ブルフェン顆粒,20.0%,顆粒,,c2d73199e80e
注射用ブレオマイシン塩酸塩,ブレオ注射用15mg,4234400D5039,注射用ブレオマイシン塩酸塩|ブレオ注射用,15.0mg,注射剤,ブレオ注射用5mg,450f4f78d7f6
ミゾリビン,ブレディニンOD錠50,3999002F4020,ミゾリビン|ブレディニンOD錠50,,OD錠,,6b801f6a75bd
ミゾリビン,ブレディニン錠50,3999002F2027,ミゾリビン|ブレディニン錠50,,錠,,ec2ab4f3c0bd
ブロナンセリン,ブロナンセリン散2%「アメル」,1179048B1041,ブロナンセリン|ブロナンセリン散「アメル」,2.0%,散剤,,d4ada4b45be1
ブロナンセリン,ブロナンセリン散2％「DSPB」,1179048B1033,ブロナンセリン|ブロナンセリン散「DSPB」,2.0%,散剤,,4492dcbf8a2f
ブロナンセリン,ブロナンセリン散2％「サワイ」,1179048B1050,ブロナンセリン|ブロナンセリン散「サワイ」,2.0%,散剤,,6384ec960f5a
ブロナンセリン錠,ブロナンセリン錠4mg「DSEP」,1179048F2031,ブロナンセリン錠|ブロナンセリン錠「DSEP」,4.0mg,錠,ブロナンセリン錠2mg「DSEP」,a2778c04cdf1
ブロナンセリン,ブロナンセリン錠4mg「DSPB」,1179048F2040,ブロナンセリン|ブロナンセリン錠「DSPB」,4.0mg,錠,ブロナンセリン錠2mg「DSPB」,4492dcbf8a2f
ブロナンセリン錠,ブロナンセリン錠4mg「YD」,1179048F2066,ブロナンセリン錠|ブロナンセリン錠「YD」,4.0mg,錠,ブロナンセリン錠2mg「YD」,c84108411e51
ブロナンセリン,ブロナンセリン錠4mg「アメル」,1179048F2074,ブロナンセリン|ブロナンセリン錠「アメル」,4.0mg,錠,ブロナンセリン錠2mg「アメル」,d4ada4b45be1
ブロナンセリン,ブロナンセリン錠4mg「サワイ」,1179048F2082,ブロナンセリン|ブロナンセリン錠「サワイ」,4.0mg,錠,ブロナンセリン錠2mg「サワイ」,6384ec960f5a
ブロナンセリン錠,ブロナンセリン錠4mg「トーワ」,1179048F2104,ブロナンセリン錠|ブロナンセリン錠「トーワ」,4.0mg,錠,ブロナンセリン錠2mg「トーワ」,9d3acbc62f6b
ブロナンセリン錠,ブロナンセリン錠4mg「ニプロ」,1179048F2120,ブロナンセリン錠|ブロナンセリン錠「ニプロ」,4.0mg,錠,ブロナンセリン錠2mg「ニプロ」,e102736411f6
ブロナンセリン,ブロナンセリン錠4mg「日医工」,1179048F2112,ブロナンセリン|ブロナンセリン錠「日医工」,4.0mg,錠,ブロナンセリン錠2mg「日医工」,7dafac5f9677
ブロナンセリン錠,ブロナンセリン錠8mg「DSEP」,1179048F3038,ブロナンセリン錠|ブロナンセリン錠「DSEP」,8.0mg,錠,ブロナンセリン錠2mg「DSEP」,a2778c04cdf1
ブロナンセリン,ブロナンセリン錠8mg「DSPB」,1179048F3046,ブロナンセリン|ブロナンセリン錠「DSPB」,8.0mg,錠,ブロナンセリン錠2mg「DSPB」,4492dcbf8a2f
ブロナンセリン錠,ブロナンセリン錠8mg「YD」,1179048F3062,ブロナンセリン錠|ブロナンセリン錠「YD」,8.0mg,錠,ブロナンセリン錠2mg「YD」,c84108411e51
ブロナンセリン,ブロナンセリン錠8mg「アメル」,1179048F3070,ブロナンセリン|ブロナンセリン錠「アメル」,8.0mg,錠,ブロナンセリン錠2mg「アメル」,d4ada4b45be1
ブロナンセリン,ブロナンセリン錠8mg「サワイ」,1179048F3089,ブロナンセリン|ブロナンセリン錠「サワイ」,8.0mg,錠,ブロナンセリン錠2mg「サワイ」,6384ec960f5a
ブロナンセリン錠,ブロナンセリン錠8mg「トーワ」,1179048F3100,ブロナンセリン錠|ブロナンセリン錠「トーワ」,8.0mg,錠,ブロナンセリン錠2mg「トーワ」,9d3acbc62f6b
ブロナンセリン錠,ブロナンセリン錠8mg「ニプロ」,1179048F3127,ブロナンセリン錠|ブロナンセリン錠「ニプロ」,8.0mg,錠,ブロナンセリン錠2mg「ニプロ」,e102736411f6
ブロナンセリン,ブロナンセリン錠8mg「日医工」,1179048F3119,ブロナンセリン|ブロナンセリン錠「日医工」,8.0mg,錠,ブロナンセリン錠2mg「日医工」,7dafac5f9677
カンデサルタン シレキセチル錠,ブロプレス錠12,2149040F4025,カンデサルタン シレキセチル錠|ブロプレス錠12,,錠,,ae040fd4f2d2
カンデサルタン シレキセチル錠,ブロプレス錠4,2149040F2022,カンデサルタン シレキセチル錠|ブロプレス錠4,,錠,,ae040fd4f2d2
カンデサルタン シレキセチル錠,ブロプレス錠8,2149040F3029,カンデサルタン シレキセチル錠|ブロプレス錠8,,錠,,ae040fd4f2d2
ブロマゼパム錠,ブロマゼパム錠3mg「サンド」,1124020F3044,ブロマゼパム錠|ブロマゼパム錠「サンド」,3.0mg,錠,ブロマゼパム錠1mg「サンド」; ブロマゼパム錠2mg「サンド」,075b032fafc3
ブロマゼパム錠,ブロマゼパム錠5mg「サンド」,1124020F4059,ブロマゼパム錠|ブロマゼパム錠「サンド」,5.0mg,錠,ブロマゼパム錠1mg「サンド」; ブロマゼパム錠2mg「サンド」,5606d055fff8
ブロムヘキシン塩酸塩錠/シロップ,ブロムヘキシン塩酸塩シロップ0.08%「トーワ」,2234001Q1135,ブロムヘキシン塩酸塩錠/シロップ|ブロムヘキシン塩酸塩シロップ「トーワ」,0.08%,シロップ,,f92d7a5ca292
ブロムペリドール,ブロムペリドール細粒1%「アメル」,1179028C1090,ブロムペリドール|ブロムペリドール細粒「アメル」,1.0%,(不明),,805cc2189a60
ブロムペリドール,ブロムペリドール細粒1％「サワイ」,1179028C1104,ブロムペリドール|ブロムペリドール細粒「サワイ」,1.0%,(不明),,b25fa445270e
ブロムペリドール,ブロムペリドール錠3mg「アメル」,1179028F2131,ブロムペリドール|ブロムペリドール錠「アメル」,3.0mg,錠,ブロムペリドール錠1mg「アメル」,805cc2189a60
ブロムペリドール,ブロムペリドール錠3mg「サワイ」,1179028F2140,ブロムペリドール|ブロムペリドール錠「サワイ」,3.0mg,錠,ブロムペリドール錠1mg「サワイ」,b25fa445270e
ブロムペリドール,ブロムペリドール錠6mg「アメル」,1179028F3065,ブロムペリドール|ブロムペリドール錠「アメル」,6.0mg,錠,ブロムペリドール錠1mg「アメル」,805cc2189a60
ブロムペリドール,ブロムペリドール錠6mg「サワイ」,1179028F3073,ブロムペリドール|ブロムペリドール錠「サワイ」,6.0mg,錠,ブロムペリドール錠1mg「サワイ」,b25fa445270e
ベランタマブ　マホドチン（遺伝子組換え）,ブーレンレップ点滴静注用100mg,4291484D1029,ベランタマブ　マホドチン（遺伝子組換え）|ブーレンレップ点滴静注用,100.0mg,注射剤,ブーレンレップ点滴静注用70mg,f565649cff7b
ダビガトランエテキシラートメタンスルホン酸塩,プラザキサカプセル110mg,3339001M2020,ダビガトランエテキシラートメタンスルホン酸塩|プラザキサカプセル,110.0mg,カプセル,プラザキサカプセル75mg,112a8055a1f3
ブドウ糖加アミノ酸注射液,プラスアミノ輸液,3259510A4032,ブドウ糖加アミノ酸注射液|プラスアミノ輸液,,液剤,プラスアミノ輸液,e2053f434687
プラスグレル塩酸塩製剤,プラスグレルOD錠20mg「DSEP」,3399009F5033,プラスグレル塩酸塩製剤|プラスグレルOD錠「DSEP」,20.0mg,OD錠,,d028fb0a0c36
プラスグレル塩酸塩製剤,プラスグレルOD錠20mg「トーワ」,3399009F5041,プラスグレル塩酸塩製剤|プラスグレルOD錠「トーワ」,20.0mg,OD錠,,77d82e5c640b
プラスグレル塩酸塩,プラスグレル錠20mg「日新」,3399009F4037,プラスグレル塩酸塩|プラスグレル錠「日新」,20.0mg,錠,プラスグレル錠2.5mg「日新」,c3aa2d87b03e
プラスグレル塩酸塩製剤,プラスグレル錠3.75mg「DSEP」,3399009F1038,プラスグレル塩酸塩製剤|プラスグレル錠「DSEP」,3.75mg,錠,プラスグレル錠2.5mg「DSEP」,d028fb0a0c36
プラスグレル塩酸塩製剤,プラスグレル錠3.75mg「トーワ」,3399009F1046,プラスグレル塩酸塩製剤|プラスグレル錠「トーワ」,3.75mg,錠,プラスグレル錠2.5mg「トーワ」,77d82e5c640b
プラスグレル塩酸塩,プラスグレル錠3.75mg「日新」,3399009F1054,プラスグレル塩酸塩|プラスグレル錠「日新」,3.75mg,錠,プラスグレル錠2.5mg「日新」,c3aa2d87b03e
プラスグレル塩酸塩製剤,プラスグレル錠5mg「DSEP」,3399009F2034,プラスグレル塩酸塩製剤|プラスグレル錠「DSEP」,5.0mg,錠,プラスグレル錠2.5mg「DSEP」,d028fb0a0c36
プラスグレル塩酸塩製剤,プラスグレル錠5mg「トーワ」,3399009F2042,プラスグレル塩酸塩製剤|プラスグレル錠「トーワ」,5.0mg,錠,プラスグレル錠2.5mg「トーワ」,77d82e5c640b
プラバスタチンナトリウム,プラバスタチンNa錠10mg「Me」,2189010F2485,プラバスタチンナトリウム|プラバスタチンNa錠「Me」,10.0mg,錠,プラバスタチンNa錠5mg「Me」,5687c7d94c68
プラバスタチンナトリウム錠,プラバスタチンNa錠10mg「NIG」,2189010F2515,プラバスタチンナトリウム錠|プラバスタチンNa錠「NIG」,10.0mg,錠,プラバスタチンNa錠5mg「NIG」,a64139fc3ebf
プラバスタチンナトリウム,プラバスタチンNa錠10mg「NS」,2189010F2450,プラバスタチンナトリウム|プラバスタチンNa錠「NS」,10.0mg,錠,プラバスタチンNa錠5mg「NS」,46662342388b
プラバスタチンナトリウム錠,プラバスタチンNa錠10mg「TCK」,2189010F2426,プラバスタチンナトリウム錠|プラバスタチンNa錠「TCK」,10.0mg,錠,プラバスタチンNa錠5mg「TCK」,cf7f22b54f7c
プラバスタチンナトリウム錠,プラバスタチンNa錠10mg「オーハラ」,2189010F2396,プラバスタチンナトリウム錠|プラバスタチンNa錠「オーハラ」,10.0mg,錠,プラバスタチンNa錠5mg「オーハラ」,3698e234182d
プラバスタチンナトリウム,プラバスタチンNa錠10mg「ケミファ」,2189010F2361,プラバスタチンナトリウム|プラバスタチンNa錠「ケミファ」,10.0mg,錠,プラバスタチンNa錠5mg「ケミファ」,a7ad8184a8c7
プラバスタチンナトリウム,プラバスタチンNa錠10mg「サワイ」,2189010F2353,プラバスタチンナトリウム|プラバスタチンNa錠「サワイ」,10.0mg,錠,プラバスタチンNa錠5mg「サワイ」,bbfa576a5976
プラバスタチンナトリウム,プラバスタチンNa錠10mg「チョーセイ」,2189010F2272,プラバスタチンナトリウム|プラバスタチンNa錠「チョーセイ」,10.0mg,錠,プラバスタチンNa錠5mg「チョーセイ」,dbf1e8e8dd2e
プラバスタチンナトリウム錠,プラバスタチンNa錠10mg「トーワ」,2189010F2370,プラバスタチンナトリウム錠|プラバスタチンNa錠「トーワ」,10.0mg,錠,プラバスタチンNa錠5mg「トーワ」,67a325a312ba
プラバスタチンナトリウム錠,プラバスタチンナトリウム錠10mg「YD」,2189010F2507,プラバスタチンナトリウム錠|プラバスタチンナトリウム錠「YD」,10.0mg,錠,プラバスタチンナトリウム錠5mg「YD」,894295a9eab8
プラバスタチンナトリウム,プラバスタチンナトリウム錠10mg「ツルハラ」,2189010F2302,プラバスタチンナトリウム|プラバスタチンナトリウム錠「ツルハラ」,10.0mg,錠,プラバスタチンナトリウム錠5mg「ツルハラ」,12022c4f72bb
日本薬局方クロピドグレル硫酸塩錠,プラビックス錠75mg,3399008F2021,日本薬局方クロピドグレル硫酸塩錠|プラビックス錠,75.0mg,錠,プラビックス錠25mg,12c1cf84212e
プラミペキソール塩酸塩水和物徐放錠,プラミペキソール塩酸塩LA錠1.5mgMI「DSEP」,1169012G2032,プラミペキソール塩酸塩水和物徐放錠|プラミペキソール塩酸塩LA錠MI「DSEP」,1.5mg,錠,プラミペキソール塩酸塩LA錠0.375mgMI「DSEP」,55660897dd14
プラミペキソール塩酸塩水和物,プラミペキソール塩酸塩LA錠1.5mgMI「オーハラ」,1169012G2067,プラミペキソール塩酸塩水和物|プラミペキソール塩酸塩LA錠MI「オーハラ」,1.5mg,錠,プラミペキソール塩酸塩LA錠0.375mgMI「オーハラ」,26e1798dd265
プラミペキソール塩酸塩水和物,プラミペキソール塩酸塩LA錠1.5mgMI「サワイ」,1169012G2075,プラミペキソール塩酸塩水和物|プラミペキソール塩酸塩LA錠MI「サワイ」,1.5mg,錠,プラミペキソール塩酸塩LA錠0.375mgMI「サワイ」,a84639a347d7
プラミペキソール塩酸塩水和物徐放錠,プラミペキソール塩酸塩LA錠1.5mgMI「トーワ」,1169012G2083,プラミペキソール塩酸塩水和物徐放錠|プラミペキソール塩酸塩LA錠MI「トーワ」,1.5mg,錠,プラミペキソール塩酸塩LA錠0.375mgMI「トーワ」,0418a1e09d39
プラミペキソール塩酸塩水和物口腔内崩壊錠,プラミペキソール塩酸塩OD錠0.5mg「トーワ」,1169012F4021,プラミペキソール塩酸塩水和物口腔内崩壊錠|プラミペキソール塩酸塩OD錠「トーワ」,0.5mg,OD錠,プラミペキソール塩酸塩OD錠0.125mg「トーワ」,5e78edddf2f0
プラミペキソール塩酸塩水和物錠,プラミペキソール塩酸塩錠0.5mg「DSEP」,1169012F2045,プラミペキソール塩酸塩水和物錠|プラミペキソール塩酸塩錠「DSEP」,0.5mg,錠,プラミペキソール塩酸塩錠0.125mg「DSEP」,8a0b14b47559
プラミペキソール塩酸塩水和物錠,プラミペキソール塩酸塩錠0.5mg「FFP」,1169012F2061,プラミペキソール塩酸塩水和物錠|プラミペキソール塩酸塩錠「FFP」,0.5mg,錠,プラミペキソール塩酸塩錠0.125mg「FFP」,c0098cd3e8ed
プラミペキソール塩酸塩水和物錠,プラミペキソール塩酸塩錠0.5mg「JG」,1169012F2070,プラミペキソール塩酸塩水和物錠|プラミペキソール塩酸塩錠「JG」,0.5mg,錠,プラミペキソール塩酸塩錠0.125mg「JG」,eac372bcbc4d
プラミペキソール塩酸塩水和物錠,プラミペキソール塩酸塩錠0.5mg「YD」,1169012F2126,プラミペキソール塩酸塩水和物錠|プラミペキソール塩酸塩錠「YD」,0.5mg,錠,プラミペキソール塩酸塩錠0.125mg「YD」,93d73f8dae8a
プラミペキソール塩酸塩水和物,プラミペキソール塩酸塩錠0.5mg「日医工」,1169012F2177,プラミペキソール塩酸塩水和物|プラミペキソール塩酸塩錠「日医工」,0.5mg,錠,プラミペキソール塩酸塩錠0.125mg「日医工」,11531222eee8
プラミペキソール塩酸塩水和物,プラミペキソール塩酸塩錠0.5mg「日新」,1169012F2185,プラミペキソール塩酸塩水和物|プラミペキソール塩酸塩錠「日新」,0.5mg,錠,プラミペキソール塩酸塩錠0.125mg「日新」,09144c0c1cb8
プランルカスト水和物,プランルカストカプセル225mg「日医工」,4490017M2024,プランルカスト水和物|プランルカストカプセル「日医工」,225.0mg,カプセル,プランルカストカプセル112.5mg「日医工」,728094ac43ef
プランルカスト水和物,プランルカスト錠225mg「AFP」,4490017F2033,プランルカスト水和物|プランルカスト錠「AFP」,225.0mg,錠,プランルカスト錠112.5mg「AFP」,32a436ba7f68
プランルカスト水和物錠,プランルカスト錠225mg「CEO」,4490017F2050,プランルカスト水和物錠|プランルカスト錠「CEO」,225.0mg,錠,プランルカスト錠112.5mg「CEO」,2e030841ebc1
プランルカスト水和物錠,プランルカスト錠225mg「NIG」,4490017F2076,プランルカスト水和物錠|プランルカスト錠「NIG」,225.0mg,錠,プランルカスト錠112.5mg「NIG」,68ec7b1c97ad
"外用殺菌消毒剤
ベンザルコニウム塩化物液",プリビーシー液0.05％,2616707Q2024,"外用殺菌消毒剤
ベンザルコニウム塩化物液|プリビーシー液",0.05%,液剤,プリビーシー液0.02％,3c5db61faee6
"外用殺菌消毒剤
ベンザルコニウム塩化物液",プリビーシー液0.1％,2616707Q3020,"外用殺菌消毒剤
ベンザルコニウム塩化物液|プリビーシー液",0.1%,液剤,プリビーシー液0.02％,3c5db61faee6
プリミドン,プリミドン細粒99.5%「日医工」,1135002C1059,プリミドン|プリミドン細粒「日医工」,99.5%,(不明),,3fd0b54487b2
-,プリミーフォート経腸用液6,3279109S3020,-|プリミーフォート経腸用液6,,液剤,プリミーフォート経腸用液6,76ceade59c8f
-,プリミーフォート経腸用液8,3279109S4027,-|プリミーフォート経腸用液8,,液剤,,76ceade59c8f
-,プリミーフォート経腸用液CF,3279109S1028,-|プリミーフォート経腸用液CF,,液剤,,76ceade59c8f
プレガバリン口腔内崩壊錠,プレガバリンOD錠150mg「DSEP」,1190017F3030,プレガバリン口腔内崩壊錠|プレガバリンOD錠「DSEP」,150.0mg,OD錠,プレガバリンOD錠25mg「DSEP」,ed6de292ddd2
プレガバリン口腔内崩壊錠,プレガバリンOD錠150mg「JG」,1190017F3048,プレガバリン口腔内崩壊錠|プレガバリンOD錠「JG」,150.0mg,OD錠,プレガバリンOD錠25mg「JG」,0660f8ffc798
プレガバリン,プレガバリンOD錠150mg「KMP」,1190017F3056,プレガバリン|プレガバリンOD錠「KMP」,150.0mg,OD錠,プレガバリンOD錠25mg「KMP」,1f6f71b403b6
プレガバリン口腔内崩壊錠,プレガバリンOD錠150mg「NPI」,1190017F3072,プレガバリン口腔内崩壊錠|プレガバリンOD錠「NPI」,150.0mg,OD錠,プレガバリンOD錠25mg「NPI」,902e13a6f598
プレガバリン口腔内崩壊錠,プレガバリンOD錠150mg「TCK」,1190017F3250,プレガバリン口腔内崩壊錠|プレガバリンOD錠「TCK」,150.0mg,OD錠,プレガバリンOD錠25mg「TCK」,738902cbb2ef
プレガバリン,プレガバリンOD錠150mg「VTRS」,1190017F3269,プレガバリン|プレガバリンOD錠「VTRS」,150.0mg,OD錠,プレガバリンOD錠25mg「VTRS」,0197b2cad944
プレガバリン口腔内崩壊錠,プレガバリンOD錠150mg「YD」,1190017F3080,プレガバリン口腔内崩壊錠|プレガバリンOD錠「YD」,150.0mg,OD錠,プレガバリンOD錠25mg「YD」,020319dc0d40
プレガバリン,プレガバリンOD錠150mg「ZE」,1190017F3099,プレガバリン|プレガバリンOD錠「ZE」,150.0mg,OD錠,プレガバリンOD錠25mg「ZE」,f7d1e8c44678
プレガバリン,プレガバリンOD錠150mg「アメル」,1190017F3102,プレガバリン|プレガバリンOD錠「アメル」,150.0mg,OD錠,プレガバリンOD錠25mg「アメル」,2c334614afca
プレガバリン,プレガバリンOD錠150mg「オーハラ」,1190017F3110,プレガバリン|プレガバリンOD錠「オーハラ」,150.0mg,OD錠,プレガバリンOD錠25mg「オーハラ」,15fba39ae7ab
プレガバリン口腔内崩壊錠,プレガバリンOD錠150mg「ケミファ」,1190017F3145,プレガバリン口腔内崩壊錠|プレガバリンOD錠「ケミファ」,150.0mg,OD錠,プレガバリンOD錠25mg「ケミファ」,3981188ae034
プレガバリン,プレガバリンOD錠150mg「サワイ」,1190017F3153,プレガバリン|プレガバリンOD錠「サワイ」,150.0mg,OD錠,,8566cf680ed1
プレガバリン口腔内崩壊錠,プレガバリンOD錠150mg「サンド」,1190017F3161,プレガバリン口腔内崩壊錠|プレガバリンOD錠「サンド」,150.0mg,OD錠,プレガバリンOD錠25mg「サンド」,aa144effa7da
プレガバリンカプセル/口腔内崩壊錠,プレガバリンOD錠150mg「トーワ」,1190017F3188,プレガバリンカプセル/口腔内崩壊錠|プレガバリンOD錠「トーワ」,150.0mg,OD錠,,4ea967e9b1f2
プレガバリン口腔内崩壊錠,プレガバリンOD錠150mg「ニプロ」,1190017F3200,プレガバリン口腔内崩壊錠|プレガバリンOD錠「ニプロ」,150.0mg,OD錠,プレガバリンOD錠25mg「ニプロ」,581983d28314
プレガバリン,プレガバリンOD錠150mg「フェルゼン」,1190017F3226,プレガバリン|プレガバリンOD錠「フェルゼン」,150.0mg,OD錠,プレガバリンOD錠25mg「フェルゼン」,454091bcca46
プレガバリン口腔内崩壊錠,プレガバリンOD錠150mg「三笠」,1190017F3234,プレガバリン口腔内崩壊錠|プレガバリンOD錠「三笠」,150.0mg,OD錠,プレガバリンOD錠25mg「三笠」,a6b9354cf2f7
プレガバリン,プレガバリンOD錠150mg「日医工」,1190017F3196,プレガバリン|プレガバリンOD錠「日医工」,150.0mg,OD錠,プレガバリンOD錠25mg「日医工」,5c8ad1807461
プレガバリン,プレガバリンOD錠150mg「日医工」（旧製品）,1190017F3196,プレガバリン|プレガバリンOD錠「日医工」(旧製品),150.0mg,OD錠,プレガバリンOD錠25mg「日医工」（旧製品）,8a08eee0d076
プレガバリン口腔内崩壊錠,プレガバリンOD錠150mg「明治」,1190017F3242,プレガバリン口腔内崩壊錠|プレガバリンOD錠「明治」,150.0mg,OD錠,プレガバリンOD錠25mg「明治」,6f361a336511
プレガバリン,プレガバリンOD錠150mg「杏林」,1190017F3137,プレガバリン|プレガバリンOD錠「杏林」,150.0mg,OD錠,プレガバリンOD錠25mg「杏林」,7bd7724615b0
プレガバリン口腔内崩壊錠,プレガバリンOD錠150mg「武田テバ」,1190017F3170,プレガバリン口腔内崩壊錠|プレガバリンOD錠「武田テバ」,150.0mg,OD錠,プレガバリンOD錠25mg「武田テバ」,582026f18f5f
プレガバリン,プレガバリンOD錠150mg「科研」,1190017F3129,プレガバリン|プレガバリンOD錠「科研」,150.0mg,OD錠,プレガバリンOD錠25mg「科研」,dc69a397a955
プレガバリン,プレガバリンOD錠25mg「サワイ」,1190017F1150,プレガバリン|プレガバリンOD錠「サワイ」,25.0mg,OD錠,,8566cf680ed1
プレガバリンカプセル/口腔内崩壊錠,プレガバリンOD錠25mg「トーワ」,1190017F1185,プレガバリンカプセル/口腔内崩壊錠|プレガバリンOD錠「トーワ」,25.0mg,OD錠,,4ea967e9b1f2
プレガバリン口腔内崩壊錠,プレガバリンOD錠50mg「YD」,1190017F4036,プレガバリン口腔内崩壊錠|プレガバリンOD錠「YD」,50.0mg,OD錠,プレガバリンOD錠25mg「YD」,020319dc0d40
プレガバリン口腔内崩壊錠,プレガバリンOD錠50mg「三笠」,1190017F4060,プレガバリン口腔内崩壊錠|プレガバリンOD錠「三笠」,50.0mg,OD錠,プレガバリンOD錠25mg「三笠」,a6b9354cf2f7
プレガバリン,プレガバリンOD錠50mg「日医工」,1190017F4052,プレガバリン|プレガバリンOD錠「日医工」,50.0mg,OD錠,プレガバリンOD錠25mg「日医工」,8a08eee0d076
プレガバリン口腔内崩壊錠,プレガバリンOD錠50mg「武田テバ」,1190017F4044,プレガバリン口腔内崩壊錠|プレガバリンOD錠「武田テバ」,50.0mg,OD錠,プレガバリンOD錠25mg「武田テバ」,582026f18f5f
プレガバリン口腔内崩壊錠,プレガバリンOD錠75mg「DSEP」,1190017F2033,プレガバリン口腔内崩壊錠|プレガバリンOD錠「DSEP」,75.0mg,OD錠,プレガバリンOD錠25mg「DSEP」,ed6de292ddd2
プレガバリン口腔内崩壊錠,プレガバリンOD錠75mg「JG」,1190017F2041,プレガバリン口腔内崩壊錠|プレガバリンOD錠「JG」,75.0mg,OD錠,プレガバリンOD錠25mg「JG」,0660f8ffc798
プレガバリン,プレガバリンOD錠75mg「KMP」,1190017F2050,プレガバリン|プレガバリンOD錠「KMP」,75.0mg,OD錠,プレガバリンOD錠25mg「KMP」,1f6f71b403b6
プレガバリン口腔内崩壊錠,プレガバリンOD錠75mg「NPI」,1190017F2076,プレガバリン口腔内崩壊錠|プレガバリンOD錠「NPI」,75.0mg,OD錠,プレガバリンOD錠25mg「NPI」,902e13a6f598
プレガバリン口腔内崩壊錠,プレガバリンOD錠75mg「TCK」,1190017F2254,プレガバリン口腔内崩壊錠|プレガバリンOD錠「TCK」,75.0mg,OD錠,プレガバリンOD錠25mg「TCK」,738902cbb2ef
プレガバリン,プレガバリンOD錠75mg「VTRS」,1190017F2262,プレガバリン|プレガバリンOD錠「VTRS」,75.0mg,OD錠,プレガバリンOD錠25mg「VTRS」,0197b2cad944
プレガバリン口腔内崩壊錠,プレガバリンOD錠75mg「YD」,1190017F2084,プレガバリン口腔内崩壊錠|プレガバリンOD錠「YD」,75.0mg,OD錠,プレガバリンOD錠25mg「YD」,020319dc0d40
プレガバリン,プレガバリンOD錠75mg「ZE」,1190017F2092,プレガバリン|プレガバリンOD錠「ZE」,75.0mg,OD錠,プレガバリンOD錠25mg「ZE」,f7d1e8c44678
プレガバリン,プレガバリンOD錠75mg「アメル」,1190017F2106,プレガバリン|プレガバリンOD錠「アメル」,75.0mg,OD錠,プレガバリンOD錠25mg「アメル」,2c334614afca
プレガバリン,プレガバリンOD錠75mg「オーハラ」,1190017F2114,プレガバリン|プレガバリンOD錠「オーハラ」,75.0mg,OD錠,プレガバリンOD錠25mg「オーハラ」,15fba39ae7ab
プレガバリン口腔内崩壊錠,プレガバリンOD錠75mg「ケミファ」,1190017F2149,プレガバリン口腔内崩壊錠|プレガバリンOD錠「ケミファ」,75.0mg,OD錠,プレガバリンOD錠25mg「ケミファ」,3981188ae034
プレガバリン,プレガバリンOD錠75mg「サワイ」,1190017F2157,プレガバリン|プレガバリンOD錠「サワイ」,75.0mg,OD錠,,8566cf680ed1
プレガバリン口腔内崩壊錠,プレガバリンOD錠75mg「サンド」,1190017F2165,プレガバリン口腔内崩壊錠|プレガバリンOD錠「サンド」,75.0mg,OD錠,プレガバリンOD錠25mg「サンド」,aa144effa7da
プレガバリンカプセル/口腔内崩壊錠,プレガバリンOD錠75mg「トーワ」,1190017F2181,プレガバリンカプセル/口腔内崩壊錠|プレガバリンOD錠「トーワ」,75.0mg,OD錠,,4ea967e9b1f2
プレガバリン口腔内崩壊錠,プレガバリンOD錠75mg「ニプロ」,1190017F2203,プレガバリン口腔内崩壊錠|プレガバリンOD錠「ニプロ」,75.0mg,OD錠,プレガバリンOD錠25mg「ニプロ」,581983d28314
プレガバリン,プレガバリンOD錠75mg「フェルゼン」,1190017F2220,プレガバリン|プレガバリンOD錠「フェルゼン」,75.0mg,OD錠,プレガバリンOD錠25mg「フェルゼン」,454091bcca46
プレガバリン口腔内崩壊錠,プレガバリンOD錠75mg「三笠」,1190017F2238,プレガバリン口腔内崩壊錠|プレガバリンOD錠「三笠」,75.0mg,OD錠,プレガバリンOD錠25mg「三笠」,a6b9354cf2f7
プレガバリン,プレガバリンOD錠75mg「日医工」,1190017F2190,プレガバリン|プレガバリンOD錠「日医工」,75.0mg,OD錠,プレガバリンOD錠25mg「日医工」,5c8ad1807461
プレガバリン,プレガバリンOD錠75mg「日医工」（旧製品）,1190017F2190,プレガバリン|プレガバリンOD錠「日医工」(旧製品),75.0mg,OD錠,プレガバリンOD錠25mg「日医工」（旧製品）,8a08eee0d076
プレガバリン口腔内崩壊錠,プレガバリンOD錠75mg「明治」,1190017F2246,プレガバリン口腔内崩壊錠|プレガバリンOD錠「明治」,75.0mg,OD錠,プレガバリンOD錠25mg「明治」,6f361a336511
プレガバリン,プレガバリンOD錠75mg「杏林」,1190017F2130,プレガバリン|プレガバリンOD錠「杏林」,75.0mg,OD錠,プレガバリンOD錠25mg「杏林」,7bd7724615b0
プレガバリン口腔内崩壊錠,プレガバリンOD錠75mg「武田テバ」,1190017F2173,プレガバリン口腔内崩壊錠|プレガバリンOD錠「武田テバ」,75.0mg,OD錠,プレガバリンOD錠25mg「武田テバ」,582026f18f5f
プレガバリン,プレガバリンOD錠75mg「科研」,1190017F2122,プレガバリン|プレガバリンOD錠「科研」,75.0mg,OD錠,プレガバリンOD錠25mg「科研」,dc69a397a955
プレガバリン,プレガバリンカプセル150mg「サワイ」,1190017M3039,プレガバリン|プレガバリンカプセル「サワイ」,150.0mg,カプセル,プレガバリンカプセル25mg「サワイ」,8566cf680ed1
プレガバリンカプセル/口腔内崩壊錠,プレガバリンカプセル150mg「トーワ」,1190017M3047,プレガバリンカプセル/口腔内崩壊錠|プレガバリンカプセル「トーワ」,150.0mg,カプセル,プレガバリンカプセル25mg「トーワ」,4ea967e9b1f2
プレガバリン,プレガバリンカプセル150mg「日医工」,1190017M3055,プレガバリン|プレガバリンカプセル「日医工」,150.0mg,カプセル,プレガバリンカプセル25mg「日医工」,ee03ded33f90
プレガバリン,プレガバリンカプセル75mg「サワイ」,1190017M2032,プレガバリン|プレガバリンカプセル「サワイ」,75.0mg,カプセル,プレガバリンカプセル25mg「サワイ」,8566cf680ed1
プレガバリンカプセル/口腔内崩壊錠,プレガバリンカプセル75mg「トーワ」,1190017M2040,プレガバリンカプセル/口腔内崩壊錠|プレガバリンカプセル「トーワ」,75.0mg,カプセル,プレガバリンカプセル25mg「トーワ」,4ea967e9b1f2
プレガバリン,プレガバリンカプセル75mg「日医工」,1190017M2059,プレガバリン|プレガバリンカプセル「日医工」,75.0mg,カプセル,プレガバリンカプセル25mg「日医工」,ee03ded33f90
デクスメデトミジン塩酸塩,プレセデックス静注液200μg/50mLシリンジ「ファイザー」,1129400G1022,デクスメデトミジン塩酸塩|プレセデックス静注液/シリンジ「ファイザー」,200.0μg/50.0ml,注射剤,,e30ead5c5a6f
シロスタゾール,プレタールOD錠100mg,3399002F4027,シロスタゾール|プレタールOD錠,100.0mg,OD錠,プレタールOD錠50mg,d2573919f2ab
プレドニゾロン吉草酸エステル酢酸エステル製剤,プレドニゾロン吉草酸エステル酢酸エステルクリーム0.3%「YD」,2646720N1107,プレドニゾロン吉草酸エステル酢酸エステル製剤|プレドニゾロン吉草酸エステル酢酸エステルクリーム「YD」,0.3%,クリーム,,29aab7a251a1
プレドニゾロン吉草酸エステル酢酸エステル軟膏・クリーム,プレドニゾロン吉草酸エステル酢酸エステルクリーム0.3％「TCK」,2646720N1115,プレドニゾロン吉草酸エステル酢酸エステル軟膏・クリーム|プレドニゾロン吉草酸エステル酢酸エステルクリーム「TCK」,0.3%,クリーム,,abcda2db56e8
プレドニゾロン錠・散,プレドニゾロン散「タケダ」1％,2456002B1062,プレドニゾロン錠・散|プレドニゾロン散「タケダ」,1.0%,散剤,,9ed69780c43c
プレドニゾロン錠,プレドニゾロン錠5mg「NP」,2456001F1361,プレドニゾロン錠|プレドニゾロン錠「NP」,5.0mg,錠,プレドニゾロン錠2.5mg「NP」,fd624be724b4
プレドニゾロン,プレドニゾロン錠5mg「VTRS」,2456001F1434,プレドニゾロン|プレドニゾロン錠「VTRS」,5.0mg,錠,プレドニゾロン錠1mg「VTRS」,a0a375e4d852
プレドニゾロン,プレドニゾロン錠5mg（旭化成）,2456001F1345,プレドニゾロン|プレドニゾロン錠(旭化成),5.0mg,錠,プレドニゾロン錠1mg（旭化成）,53e7b0183a2e
レテルモビル,プレバイミス顆粒分包120mg,6250048D2022,レテルモビル|プレバイミス顆粒分包,120.0mg,顆粒,,8f2bff6ec3b2
レテルモビル,プレバイミス顆粒分包20mg,6250048D1026,レテルモビル|プレバイミス顆粒分包,20.0mg,顆粒,,8f2bff6ec3b2
ロサルタンカリウム・ヒドロクロロチアジド錠,プレミネント配合錠HD,2149110F2020,ロサルタンカリウム・ヒドロクロロチアジド錠|プレミネント配合錠HD,,錠,,bba1a691e3e9
プロカイン塩酸塩,プロカイン塩酸塩注2％「日新」,1211401A9093,プロカイン塩酸塩|プロカイン塩酸塩注「日新」,2.0%,注射剤,プロカイン塩酸塩注1％「日新」,9d65a16e4acc
プロカイン塩酸塩注射液,プロカイン塩酸塩注射液0.5%「日医工」（10mL）,1211401H3042,プロカイン塩酸塩注射液|プロカイン塩酸塩注射液「日医工」(),0.5%/10.0ml,注射剤,プロカイン塩酸塩注射液0.5%「日医工」（5mL）,3a23ba8eb5b5
プロカイン塩酸塩注射液,プロカニン注1％,1211401A6086,プロカイン塩酸塩注射液|プロカニン注,1.0%,注射剤,プロカニン注0.5％,b310845ee84e
"タクロリムス水和物
Tacrolimus　Hydrate",プログラフカプセル1mg,3999014M1022,"タクロリムス水和物
Tacrolimus　Hydrate|プログラフカプセル",1.0mg,カプセル,プログラフカプセル0.5mg; プログラフカプセル5mg,61f9e6d7ab44
"タクロリムス水和物注射液
Tacrolimus　Hydrate",プログラフ注射液5mg,3999416A1028,"タクロリムス水和物注射液
Tacrolimus　Hydrate|プログラフ注射液",5.0mg,注射剤,プログラフ注射液2mg,03bbd5649843
"タクロリムス水和物顆粒
Tacrolimus　Hydrate",プログラフ顆粒1mg,3999014D2029,"タクロリムス水和物顆粒
Tacrolimus　Hydrate|プログラフ顆粒",1.0mg,顆粒,プログラフ顆粒0.2mg,e1b4f6ab8b5f
ホスフルコナゾール,プロジフ静注液200,6290402A2022,ホスフルコナゾール|プロジフ静注液200,,注射剤,,9cd05824ff1f
ホスフルコナゾール,プロジフ静注液400,6290402A3029,ホスフルコナゾール|プロジフ静注液400,,注射剤,,9cd05824ff1f
"l
-イソプレナリン塩酸塩",プロタノールL注1mg,2119400A2032,"l
-イソプレナリン塩酸塩|プロタノールL注",1.0mg,注射剤,プロタノールL注0.2mg,c4054d47755e
ラフチジン,プロテカジンOD錠10,2325006F4027,ラフチジン|プロテカジンOD錠10,,OD錠,,30d6bdd66ffe
ラフチジン,プロテカジン錠10,2325006F2032,ラフチジン|プロテカジン錠10,,錠,,b39f19bdaae7
プロパフェノン塩酸塩,プロノン錠150mg,2129006F1026,プロパフェノン塩酸塩|プロノン錠,150.0mg,錠,プロノン錠100mg,5d94b546f1be
ガドテリドール注射液,プロハンス静注10mL,7290407A4030,ガドテリドール注射液|プロハンス静注,10.0ml,注射剤,プロハンス静注5mL,ca5d3cb944c5
ガドテリドール注射液,プロハンス静注15mL,7290407A2038,ガドテリドール注射液|プロハンス静注,15.0ml,注射剤,プロハンス静注5mL,ca5d3cb944c5
ガドテリドール注射液,プロハンス静注20mL,7290407A3034,ガドテリドール注射液|プロハンス静注,20.0ml,注射剤,プロハンス静注5mL,ca5d3cb944c5
ガドテリドール注射液,プロハンス静注シリンジ13mL,7290407G1034,ガドテリドール注射液|プロハンス静注シリンジ,13.0ml,注射剤,,ca5d3cb944c5
ガドテリドール注射液,プロハンス静注シリンジ17mL,7290407G2030,ガドテリドール注射液|プロハンス静注シリンジ,17.0ml,注射剤,,ca5d3cb944c5
プロパフェノン塩酸塩,プロパフェノン塩酸塩錠150mg「オーハラ」,2129006F1050,プロパフェノン塩酸塩|プロパフェノン塩酸塩錠「オーハラ」,150.0mg,錠,プロパフェノン塩酸塩錠100mg「オーハラ」,3e35dc58c2d5
プロピベリン塩酸塩,プロピベリン塩酸塩錠20mg「JG」,2590007F2265,プロピベリン塩酸塩|プロピベリン塩酸塩錠「JG」,20.0mg,錠,プロピベリン塩酸塩錠10mg「JG」,54956b60bd47
プロピベリン塩酸塩錠,プロピベリン塩酸塩錠20mg「NIG」,2590007F2346,プロピベリン塩酸塩錠|プロピベリン塩酸塩錠「NIG」,20.0mg,錠,プロピベリン塩酸塩錠10mg「NIG」,6c58c25bc607
プロピベリン塩酸塩,プロピベリン塩酸塩錠20mg「NS」,2590007F2273,プロピベリン塩酸塩|プロピベリン塩酸塩錠「NS」,20.0mg,錠,プロピベリン塩酸塩錠10mg「NS」,4b253861ea2e
プロピベリン塩酸塩錠,プロピベリン塩酸塩錠20mg「TCK」,2590007F2338,プロピベリン塩酸塩錠|プロピベリン塩酸塩錠「TCK」,20.0mg,錠,プロピベリン塩酸塩錠10mg「TCK」,7f358f423be5
プロピベリン塩酸塩錠,プロピベリン塩酸塩錠20mg「YD」,2590007F2257,プロピベリン塩酸塩錠|プロピベリン塩酸塩錠「YD」,20.0mg,錠,プロピベリン塩酸塩錠10mg「YD」,d4852b7a6369
プロピベリン塩酸塩,プロピベリン塩酸塩錠20mg「あすか」,2590007F2311,プロピベリン塩酸塩|プロピベリン塩酸塩錠「あすか」,20.0mg,錠,プロピベリン塩酸塩錠10mg「あすか」,c18858dc4a1b
プロピベリン塩酸塩,プロピベリン塩酸塩錠20mg「サワイ」,2590007F2362,プロピベリン塩酸塩|プロピベリン塩酸塩錠「サワイ」,20.0mg,錠,プロピベリン塩酸塩錠10mg「サワイ」,1e43a0fe5b1b
プロピベリン塩酸塩錠,プロピベリン塩酸塩錠20mg「トーワ」,2590007F2290,プロピベリン塩酸塩錠|プロピベリン塩酸塩錠「トーワ」,20.0mg,錠,プロピベリン塩酸塩錠10mg「トーワ」,8902a453d66c
プロピベリン塩酸塩,プロピベリン塩酸塩錠20mg「杏林」,2590007F2303,プロピベリン塩酸塩|プロピベリン塩酸塩錠「杏林」,20.0mg,錠,プロピベリン塩酸塩錠10mg「杏林」,c4e4b6e498ae
フィナステリド,プロペシア錠1mg,249900XF2028,フィナステリド|プロペシア錠,1.0mg,錠,プロペシア錠0.2mg,c60ebd5a82da
プロポフォール,プロポフォール1%静注100mL「日医工」,1119402A3050,プロポフォール|プロポフォール静注「日医工」,1.0%/100.0ml,注射剤,プロポフォール1%静注20mL「日医工」,7e65399bb918
プロポフォール,プロポフォール1%静注50mL「日医工」,1119402A2100,プロポフォール|プロポフォール静注「日医工」,1.0%/50.0ml,注射剤,プロポフォール1%静注20mL「日医工」,7e65399bb918
プロポフォール,プロポフォール1％静注100mL「VTRS」,1119402A3114,プロポフォール|プロポフォール静注「VTRS」,1.0%/100.0ml,注射剤,プロポフォール1％静注20mL「VTRS」,39ed45533186
プロポフォール,プロポフォール1％静注50mL「VTRS」,1119402A2169,プロポフォール|プロポフォール静注「VTRS」,1.0%/50.0ml,注射剤,プロポフォール1％静注20mL「VTRS」,39ed45533186
プロポフォール,プロポフォール静注1%100mL「FK」,1119402A3084,プロポフォール|プロポフォール静注「FK」,1.0%/100.0ml,注射剤,プロポフォール静注1%20mL「FK」,98d7f9dc1d82
プロポフォール,プロポフォール静注1%50mL「FK」,1119402A2134,プロポフォール|プロポフォール静注「FK」,1.0%/50.0ml,注射剤,プロポフォール静注1%20mL「FK」,98d7f9dc1d82
プロポフォール注射剤,プロポフォール静注1％100mL「マルイシ」,1119402A3106,プロポフォール注射剤|プロポフォール静注「マルイシ」,1.0%/100.0ml,注射剤,プロポフォール静注1％20mL「マルイシ」; プロポフォール静注2％50mL「マルイシ」,21e801288756
プロポフォール注射剤,プロポフォール静注1％50mL「マルイシ」,1119402A2150,プロポフォール注射剤|プロポフォール静注「マルイシ」,1.0%/50.0ml,注射剤,プロポフォール静注1％20mL「マルイシ」; プロポフォール静注2％50mL「マルイシ」,21e801288756
ヘパリンナトリウム,ヘパフィルド透析用200単位/mLシリンジ20mL,3334402P1048,ヘパリンナトリウム|ヘパフィルド透析用/mLシリンジ,200.0単位/20.0ml,(不明),ヘパフィルド透析用150単位/mLシリンジ20mL,6a81e82a9dc3
ヘパリンナトリウム,ヘパフィルド透析用250単位/mLシリンジ20mL,3334402P2028,ヘパリンナトリウム|ヘパフィルド透析用/mLシリンジ,250.0単位/20.0ml,(不明),ヘパフィルド透析用150単位/mLシリンジ20mL,6a81e82a9dc3
ヘパリンナトリウム,ヘパフラッシュ100単位/mLシリンジ10mL,3334402G4055,ヘパリンナトリウム|ヘパフラッシュ/mLシリンジ,100.0単位/10.0ml,(不明),ヘパフラッシュ10単位/mLシリンジ5mL,49bf787a6369
ヘパリンナトリウム,ヘパフラッシュ100単位/mLシリンジ5mL,3334402G3040,ヘパリンナトリウム|ヘパフラッシュ/mLシリンジ,100.0単位/5.0ml,(不明),ヘパフラッシュ10単位/mLシリンジ5mL,49bf787a6369
ヘパリンナトリウム,ヘパフラッシュ10単位/mLシリンジ10mL,3334402G2052,ヘパリンナトリウム|ヘパフラッシュ/mLシリンジ,10.0単位/10.0ml,(不明),ヘパフラッシュ10単位/mLシリンジ5mL,49bf787a6369
ヘパリンカルシウム,ヘパリンCa注射液10万単位/100mL「サワイ」,3334400A7044,ヘパリンカルシウム|ヘパリンCa注射液10万単位/「サワイ」,100.0ml,注射剤,,f7b87175606b
ヘパリンカルシウム,ヘパリンCa注射液5万単位/50mL「サワイ」,3334400A6072,ヘパリンカルシウム|ヘパリンCa注射液5万単位/「サワイ」,50.0ml,注射剤,,f7b87175606b
ヘパリンナトリウム,ヘパリンNaロック用100単位/mLシリンジ10mL「NIG」,3334402G4144,ヘパリンナトリウム|ヘパリンNaロック用/mLシリンジ「NIG」,100.0単位/10.0ml,(不明),ヘパリンNaロック用10単位/mLシリンジ5mL「NIG」,cba5a61cbc0f
ヘパリンロック液,ヘパリンNaロック用100単位/mLシリンジ10mL「ニプロ」,3334402G4110,ヘパリンロック液|ヘパリンNaロック用/mLシリンジ「ニプロ」,100.0単位/10.0ml,(不明),ヘパリンNaロック用10単位/mLシリンジ5mL「ニプロ」,c449c6d138ec
ヘパリンナトリウム,ヘパリンNaロック用100単位/mLシリンジ5mL「NIG」,3334402G3130,ヘパリンナトリウム|ヘパリンNaロック用/mLシリンジ「NIG」,100.0単位/5.0ml,(不明),ヘパリンNaロック用10単位/mLシリンジ5mL「NIG」,cba5a61cbc0f
ヘパリンロック液,ヘパリンNaロック用100単位/mLシリンジ5mL「ニプロ」,3334402G3105,ヘパリンロック液|ヘパリンNaロック用/mLシリンジ「ニプロ」,100.0単位/5.0ml,(不明),ヘパリンNaロック用10単位/mLシリンジ5mL「ニプロ」,c449c6d138ec
ヘパリンナトリウム,ヘパリンNaロック用100単位/mLシリンジ「オーツカ」10mL,3334402G4071,ヘパリンナトリウム|ヘパリンNaロック用/mLシリンジ「オーツカ」,100.0単位/10.0ml,(不明),ヘパリンNaロック用10単位/mLシリンジ「オーツカ」5mL,fbccfa424103
ヘパリンナトリウム,ヘパリンNaロック用100単位/mLシリンジ「オーツカ」5mL,3334402G3067,ヘパリンナトリウム|ヘパリンNaロック用/mLシリンジ「オーツカ」,100.0単位/5.0ml,(不明),ヘパリンNaロック用10単位/mLシリンジ「オーツカ」5mL,fbccfa424103
ヘパリンナトリウム,ヘパリンNaロック用10単位/mLシリンジ10mL「NIG」,3334402G2141,ヘパリンナトリウム|ヘパリンNaロック用/mLシリンジ「NIG」,10.0単位/10.0ml,(不明),ヘパリンNaロック用10単位/mLシリンジ5mL「NIG」,cba5a61cbc0f
ヘパリンロック液,ヘパリンNaロック用10単位/mLシリンジ10mL「ニプロ」,3334402G2117,ヘパリンロック液|ヘパリンNaロック用/mLシリンジ「ニプロ」,10.0単位/10.0ml,(不明),ヘパリンNaロック用10単位/mLシリンジ5mL「ニプロ」,c449c6d138ec
ヘパリンナトリウム,ヘパリンNaロック用10単位/mLシリンジ「オーツカ」10mL,3334402G2079,ヘパリンナトリウム|ヘパリンNaロック用/mLシリンジ「オーツカ」,10.0単位/10.0ml,(不明),ヘパリンNaロック用10単位/mLシリンジ「オーツカ」5mL,fbccfa424103
ヘパリンナトリウム,ヘパリンNa注1万単位/10mL「モチダ」,3334401A6158,ヘパリンナトリウム|ヘパリンNa注1万単位/「モチダ」,10.0ml,注射剤,,07ad7c0cdb0f
ヘパリンナトリウム,ヘパリンNa透析用200単位/mL「フソー」20mL,3334402A3021,ヘパリンナトリウム|ヘパリンNa透析用/mL「フソー」,200.0単位/20.0ml,(不明),ヘパリンNa透析用150単位/mL「フソー」20mL; ヘパリンNa透析用250単位/mL「フソー」20mL,8a3869cacf1d
ヘパリンナトリウム,ヘパリンNa透析用200単位/mLシリンジ20mL「NIG」,3334402P1056,ヘパリンナトリウム|ヘパリンNa透析用/mLシリンジ「NIG」,200.0単位/20.0ml,(不明),ヘパリンNa透析用150単位/mLシリンジ20mL「NIG」,1bda78abd354
ヘパリンナトリウム,ヘパリンNa透析用200単位/mLシリンジ20mL「フソー」,3334402P1030,ヘパリンナトリウム|ヘパリンNa透析用/mLシリンジ「フソー」,200.0単位/20.0ml,(不明),ヘパリンNa透析用150単位/mLシリンジ20mL「フソー」,cc4c7e983cec
ヘパリンナトリウム,ヘパリンNa透析用250単位/mLシリンジ16mL「ニプロ」,3334402P5027,ヘパリンナトリウム|ヘパリンNa透析用/mLシリンジ「ニプロ」,250.0単位/16.0ml,(不明),ヘパリンNa透析用250単位/mLシリンジ12mL「ニプロ」,4bb3c9b12a3c
ヘパリンナトリウム,ヘパリンNa透析用250単位/mLシリンジ20mL「NIG」,3334402P2060,ヘパリンナトリウム|ヘパリンNa透析用/mLシリンジ「NIG」,250.0単位/20.0ml,(不明),ヘパリンNa透析用150単位/mLシリンジ20mL「NIG」,1bda78abd354
ヘパリンナトリウム,ヘパリンNa透析用250単位/mLシリンジ20mL「ニプロ」,3334402P2052,ヘパリンナトリウム|ヘパリンNa透析用/mLシリンジ「ニプロ」,250.0単位/20.0ml,(不明),ヘパリンNa透析用250単位/mLシリンジ12mL「ニプロ」,4bb3c9b12a3c
ヘパリンナトリウム,ヘパリンNa透析用250単位/mLシリンジ20mL「フソー」,3334402P2044,ヘパリンナトリウム|ヘパリンNa透析用/mLシリンジ「フソー」,250.0単位/20.0ml,(不明),ヘパリンNa透析用150単位/mLシリンジ20mL「フソー」,cc4c7e983cec
ヘパリンナトリウム,ヘパリンNa透析用350単位/mLシリンジ20mL「フソー」,3334402P3024,ヘパリンナトリウム|ヘパリンNa透析用/mLシリンジ「フソー」,350.0単位/20.0ml,(不明),ヘパリンNa透析用150単位/mLシリンジ20mL「フソー」,cc4c7e983cec
ヘパリンナトリウム,ヘパリンNa透析用500単位/mLシリンジ10mL「NP」,3334402G5043,ヘパリンナトリウム|ヘパリンNa透析用/mLシリンジ「NP」,500.0単位/10.0ml,(不明),,4bb3c9b12a3c
ヘパリンナトリウム,ヘパリンNa透析用500単位/mLシリンジ20mL「NP」,3334402G6031,ヘパリンナトリウム|ヘパリンNa透析用/mLシリンジ「NP」,500.0単位/20.0ml,(不明),,4bb3c9b12a3c
ヘパリンカルシウム注射液,ヘパリンカルシウム注5万単位/50mL「YD」,3334400A6080,ヘパリンカルシウム注射液|ヘパリンカルシウム注5万単位/「YD」,50.0ml,注射剤,,a6a98ea1af37
ヘパリンナトリウム注射液,ヘパリンナトリウム注10万単位/100mL「YD」,3334401A8096,ヘパリンナトリウム注射液|ヘパリンナトリウム注10万単位/「YD」,100.0ml,注射剤,,8a4997f4dfc3
ヘパリンナトリウム注射液,ヘパリンナトリウム注1万単位/10mL「YD」,3334401A6166,ヘパリンナトリウム注射液|ヘパリンナトリウム注1万単位/「YD」,10.0ml,注射剤,,8a4997f4dfc3
ヘパリンナトリウム注射液,ヘパリンナトリウム注5万単位/50mL「YD」,3334401A7120,ヘパリンナトリウム注射液|ヘパリンナトリウム注5万単位/「YD」,50.0ml,注射剤,,8a4997f4dfc3
ヘパリンナトリウム液,ヘパリンナトリウム注5万単位/50mL「ニプロ」,3334401A7111,ヘパリンナトリウム液|ヘパリンナトリウム注5万単位/「ニプロ」,50.0ml,注射剤,,2b3d6315276f
ヘパリン類似物質製剤,ヘパリン類似物質ローション0.3%「YD」,3339950Q1090,ヘパリン類似物質製剤|ヘパリン類似物質ローション「YD」,0.3%,ローション,,46c3ad21c4d3
ヘパリン類似物質クリーム・ローション,ヘパリン類似物質ローション0.3%「ラクール」,3339950Q1120,ヘパリン類似物質クリーム・ローション|ヘパリン類似物質ローション「ラクール」,0.3%,ローション,,676941ef6178
ヘパリン類似物質製剤,ヘパリン類似物質ローション0.3%「日医工」,3339950Q1139,ヘパリン類似物質製剤|ヘパリン類似物質ローション「日医工」,0.3%,ローション,,075d1e3d3e6d
ヘパリン類似物質製剤,ヘパリン類似物質ローション0.3％「ニプロ」,3339950Q1104,ヘパリン類似物質製剤|ヘパリン類似物質ローション「ニプロ」,0.3%,ローション,,9139019654f8
乾燥抗HBs人免疫グロブリン,ヘブスブリン筋注用1000単位,6343423X2049,乾燥抗HBs人免疫グロブリン|ヘブスブリン筋注用,1000.0単位,注射剤,ヘブスブリン筋注用200単位,bbacfde4a10d
生物学的製剤基準,ヘプタバックス−II水性懸濁注シリンジ0.5mL,6313402G2021,生物学的製剤基準|ヘプタバックス−II水性懸濁注シリンジ,0.5ml,注射剤,ヘプタバックス−II水性懸濁注シリンジ0.25mL,9101ca637a29
エミシズマブ（遺伝子組換え）,ヘムライブラ皮下注105mg,6343451A4024,エミシズマブ（遺伝子組換え）|ヘムライブラ皮下注,105.0mg,注射剤,ヘムライブラ皮下注12mg,093793527254
エミシズマブ（遺伝子組換え）,ヘムライブラ皮下注150mg,6343451A5020,エミシズマブ（遺伝子組換え）|ヘムライブラ皮下注,150.0mg,注射剤,ヘムライブラ皮下注12mg,093793527254
エミシズマブ（遺伝子組換え）,ヘムライブラ皮下注30mg,6343451A1025,エミシズマブ（遺伝子組換え）|ヘムライブラ皮下注,30.0mg,注射剤,ヘムライブラ皮下注12mg,093793527254
エミシズマブ（遺伝子組換え）,ヘムライブラ皮下注60mg,6343451A2021,エミシズマブ（遺伝子組換え）|ヘムライブラ皮下注,60.0mg,注射剤,ヘムライブラ皮下注12mg,093793527254
エミシズマブ（遺伝子組換え）,ヘムライブラ皮下注90mg,6343451A3028,エミシズマブ（遺伝子組換え）|ヘムライブラ皮下注,90.0mg,注射剤,ヘムライブラ皮下注12mg,093793527254
ジルチアゼム塩酸塩徐放カプセル,ヘルベッサーRカプセル200mg,2171006N2039,ジルチアゼム塩酸塩徐放カプセル|ヘルベッサーRカプセル,200.0mg,カプセル,ヘルベッサーRカプセル100mg,d7a50f3f7f4e
ジルチアゼム塩酸塩製剤,ヘルベッサー注射用50,2171405D5057,ジルチアゼム塩酸塩製剤|ヘルベッサー注射用50,,注射剤,,f2d2378d943a
ジルチアゼム塩酸塩錠,ヘルベッサー錠60,2171006F2026,ジルチアゼム塩酸塩錠|ヘルベッサー錠60,,錠,,a71dadddc985
ボグリボース口腔内崩壊錠,ベイスンOD錠0.3,3969004F4020,ボグリボース口腔内崩壊錠|ベイスンOD錠0.3,,OD錠,,711afa3d8ab0
ボグリボース錠,ベイスン錠0.3,3969004F2027,ボグリボース錠|ベイスン錠0.3,,錠,,a0a12448fa54
筋肉内注射用ニルセビマブ（遺伝子組換え）製剤,ベイフォータス筋注100mgシリンジ,6250411G2029,筋肉内注射用ニルセビマブ（遺伝子組換え）製剤|ベイフォータス筋注シリンジ,100.0mg,注射剤,ベイフォータス筋注50mgシリンジ,0339c439fbaf
パニツムマブ（遺伝子組換え）注,ベクティビックス点滴静注400mg,4291417A2027,パニツムマブ（遺伝子組換え）注|ベクティビックス点滴静注,400.0mg,注射剤,ベクティビックス点滴静注100mg,b3ec61e15035
日本薬局方ベザフィブラート徐放錠,ベザトールSR錠200mg,2183005G1234,日本薬局方ベザフィブラート徐放錠|ベザトールSR錠,200.0mg,錠,ベザトールSR錠100mg,0d9318b53173
ベザフィブラート,ベザフィブラートSR錠200mg「日医工」,2183005G1269,ベザフィブラート|ベザフィブラートSR錠「日医工」,200.0mg,錠,ベザフィブラートSR錠100mg「日医工」,6552da5cf178
ベザフィブラート,ベザフィブラート徐放錠200mg「JG」,2183005G1293,ベザフィブラート|ベザフィブラート徐放錠「JG」,200.0mg,錠,ベザフィブラート徐放錠100mg「JG」,807dd6345b73
ベザフィブラート徐放錠,ベザフィブラート徐放錠200mg「NIG」,2183005G1340,ベザフィブラート徐放錠|ベザフィブラート徐放錠「NIG」,200.0mg,錠,ベザフィブラート徐放錠100mg「NIG」,1e81cc17a5d9
ベザフィブラート徐放錠,ベザフィブラート徐放錠200mg「トーワ」,2183005G1307,ベザフィブラート徐放錠|ベザフィブラート徐放錠「トーワ」,200.0mg,錠,ベザフィブラート徐放錠100mg「トーワ」,db4e0700c998
"日本薬局方イブプロフェンピコノール軟膏
日本薬局方イブプロフェンピコノールクリーム",ベシカムクリーム5%,2649728N1067,"日本薬局方イブプロフェンピコノール軟膏
日本薬局方イブプロフェンピコノールクリーム|ベシカムクリーム",5.0%,クリーム,,c49c8240cf68
"コハク酸ソリフェナシン口腔内崩壊錠
Solifenacin　Succinate",ベシケアOD錠5mg,2590011F4027,"コハク酸ソリフェナシン口腔内崩壊錠
Solifenacin　Succinate|ベシケアOD錠",5.0mg,OD錠,ベシケアOD錠2.5mg,f8bf3ea9891b
"コハク酸ソリフェナシン錠
Solifenacin　Succinate",ベシケア錠5mg,2590011F2024,"コハク酸ソリフェナシン錠
Solifenacin　Succinate|ベシケア錠",5.0mg,錠,ベシケア錠2.5mg,685941f42ff7
ウベニメクス,ベスタチンカプセル30mg,4299002M2030,ウベニメクス|ベスタチンカプセル,30.0mg,カプセル,ベスタチンカプセル10mg,8b6922fee75d
ロペグインターフェロン　アルファ-2b（遺伝子組換え）,ベスレミ皮下注500μgシリンジ,4291467G2028,ロペグインターフェロン　アルファ-2b（遺伝子組換え）|ベスレミ皮下注シリンジ,500.0μg,注射剤,ベスレミ皮下注250μgシリンジ,d7d08827492e
ベタキソロール塩酸塩錠,ベタキソロール塩酸塩錠10mg「NIG」,2149031F2112,ベタキソロール塩酸塩錠|ベタキソロール塩酸塩錠「NIG」,10.0mg,錠,ベタキソロール塩酸塩錠5mg「NIG」,3d3fa2c47406
ベタキソロール塩酸塩,ベタキソロール塩酸塩錠10mg「サワイ」,2149031F2090,ベタキソロール塩酸塩|ベタキソロール塩酸塩錠「サワイ」,10.0mg,錠,ベタキソロール塩酸塩錠5mg「サワイ」,05ea49f9b33f
ベタキソロール塩酸塩錠,ベタキソロール塩酸塩錠10mg「トーワ」,2149031F2104,ベタキソロール塩酸塩錠|ベタキソロール塩酸塩錠「トーワ」,10.0mg,錠,ベタキソロール塩酸塩錠5mg「トーワ」,da5faac3013b
ペモリン錠,ベタナミン錠25mg,1179023F2023,ペモリン錠|ベタナミン錠,25.0mg,錠,ベタナミン錠10mg,939cc2622efa
ペモリン錠,ベタナミン錠50mg,1179023F3020,ペモリン錠|ベタナミン錠,50.0mg,錠,ベタナミン錠10mg,939cc2622efa
"ミラベグロン錠
Mirabegron",ベタニス錠50mg,2590014F2028,"ミラベグロン錠
Mirabegron|ベタニス錠",50.0mg,錠,ベタニス錠25mg,f56d0e51dea0
ベタヒスチンメシル酸塩,ベタヒスチンメシル酸塩錠12mg「CEO」,1339005F2217,ベタヒスチンメシル酸塩|ベタヒスチンメシル酸塩錠「CEO」,12.0mg,錠,ベタヒスチンメシル酸塩錠6mg「CEO」,8db964885cd3
ベタヒスチンメシル酸塩錠,ベタヒスチンメシル酸塩錠12mg「TCK」,1339005F2160,ベタヒスチンメシル酸塩錠|ベタヒスチンメシル酸塩錠「TCK」,12.0mg,錠,ベタヒスチンメシル酸塩錠6mg「TCK」,6df3b840d09a
ベタヒスチンメシル酸塩,ベタヒスチンメシル酸塩錠12mg「TSU」,1339005F2179,ベタヒスチンメシル酸塩|ベタヒスチンメシル酸塩錠「TSU」,12.0mg,錠,ベタヒスチンメシル酸塩錠6mg「TSU」,7e08742e35ec
ベタヒスチンメシル酸塩錠,ベタヒスチンメシル酸塩錠12mg「トーワ」,1339005F2268,ベタヒスチンメシル酸塩錠|ベタヒスチンメシル酸塩錠「トーワ」,12.0mg,錠,ベタヒスチンメシル酸塩錠6mg「トーワ」,dfa80fc331d9
ベタヒスチンメシル酸塩錠,ベタヒスチンメシル酸塩錠12mg「日医工P」,1339005F2250,ベタヒスチンメシル酸塩錠|ベタヒスチンメシル酸塩錠「日医工P」,12.0mg,錠,ベタヒスチンメシル酸塩錠6mg「日医工P」,868b8840f5a8
ベタメタゾンジプロピオン酸エステル製剤,ベタメタゾンジプロピオン酸エステルクリーム0.064%「テイコク」,2646703N1154,ベタメタゾンジプロピオン酸エステル製剤|ベタメタゾンジプロピオン酸エステルクリーム「テイコク」,0.064%,クリーム,,f46be45e166b
ベタメタゾンジプロピオン酸エステル,ベタメタゾンジプロピオン酸エステルクリーム0.064％「サトウ」,2646703N1162,ベタメタゾンジプロピオン酸エステル|ベタメタゾンジプロピオン酸エステルクリーム「サトウ」,0.064%,クリーム,,f3bcfce2bac9
ベタメタゾン酪酸エステルプロピオン酸エステル,ベタメタゾン酪酸エステルプロピオン酸エステルクリーム0.05%「MYK」,2646730N1062,ベタメタゾン酪酸エステルプロピオン酸エステル|ベタメタゾン酪酸エステルプロピオン酸エステルクリーム「MYK」,0.05%,クリーム,,da6068e38546
ベタメタゾン酪酸エステルプロピオン酸エステル,ベタメタゾン酪酸エステルプロピオン酸エステルローション0.05%「MYK」,2646730Q1050,ベタメタゾン酪酸エステルプロピオン酸エステル|ベタメタゾン酪酸エステルプロピオン酸エステルローション「MYK」,0.05%,ローション,,044d35b54da4
"ベタメタゾン酪酸エステルプロピオン酸エステル軟膏
ベタメタゾン酪酸エステルプロピオン酸エステルローション",ベタメタゾン酪酸エステルプロピオン酸エステルローション0.05％「JG」,2646730Q1042,"ベタメタゾン酪酸エステルプロピオン酸エステル軟膏
ベタメタゾン酪酸エステルプロピオン酸エステルローション|ベタメタゾン酪酸エステルプロピオン酸エステルローション「JG」",0.05%,ローション,,5a230626da1c
"ベタメタゾン吉草酸エステル
フラジオマイシン硫酸塩",ベトネベートNクリーム,2647708N1022,"ベタメタゾン吉草酸エステル
フラジオマイシン硫酸塩|ベトネベートNクリーム",,クリーム,,bc0b3dcdec32
ベタメタゾン吉草酸エステル,ベトネベートクリーム0.12%,2646701N2160,ベタメタゾン吉草酸エステル|ベトネベートクリーム,0.12%,クリーム,,65b90234bd65
ベタメタゾン吉草酸エステル・ゲンタマイシン硫酸塩,ベトノバールGクリーム0.12％,2647709N1078,ベタメタゾン吉草酸エステル・ゲンタマイシン硫酸塩|ベトノバールGクリーム,0.12%,クリーム,,4475cd0ef159
ベナゼプリル塩酸塩,ベナゼプリル塩酸塩錠10mg「サワイ」,2144007F3054,ベナゼプリル塩酸塩|ベナゼプリル塩酸塩錠「サワイ」,10.0mg,錠,ベナゼプリル塩酸塩錠2.5mg「サワイ」,de13fcb222f5
ベナゼプリル塩酸塩,ベナゼプリル塩酸塩錠5mg「サワイ」,2144007F2066,ベナゼプリル塩酸塩|ベナゼプリル塩酸塩錠「サワイ」,5.0mg,錠,ベナゼプリル塩酸塩錠2.5mg「サワイ」,de13fcb222f5
ベニジピン塩酸塩,ベニジピン塩酸塩錠4mg「CH」,2171021F2225,ベニジピン塩酸塩|ベニジピン塩酸塩錠「CH」,4.0mg,錠,ベニジピン塩酸塩錠2mg「CH」,2443133dc863
ベニジピン塩酸塩錠,ベニジピン塩酸塩錠4mg「NIG」,2171021F2322,ベニジピン塩酸塩錠|ベニジピン塩酸塩錠「NIG」,4.0mg,錠,ベニジピン塩酸塩錠2mg「NIG」,1dd4378e1327
ベニジピン塩酸塩,ベニジピン塩酸塩錠4mg「NPI」,2171021F2101,ベニジピン塩酸塩|ベニジピン塩酸塩錠「NPI」,4.0mg,錠,ベニジピン塩酸塩錠2mg「NPI」,343b4e42be53
ベニジピン塩酸塩,ベニジピン塩酸塩錠4mg「NS」,2171021F2284,ベニジピン塩酸塩|ベニジピン塩酸塩錠「NS」,4.0mg,錠,ベニジピン塩酸塩錠2mg「NS」,6cfa68a9494d
ベニジピン塩酸塩錠,ベニジピン塩酸塩錠4mg「OME」,2171021F2110,ベニジピン塩酸塩錠|ベニジピン塩酸塩錠「OME」,4.0mg,錠,ベニジピン塩酸塩錠2mg「OME」,2d5d725ab95f
ベニジピン塩酸塩錠,ベニジピン塩酸塩錠4mg「TCK」,2171021F2314,ベニジピン塩酸塩錠|ベニジピン塩酸塩錠「TCK」,4.0mg,錠,ベニジピン塩酸塩錠2mg「TCK」,358a67d55aea
ベニジピン塩酸塩錠,ベニジピン塩酸塩錠4mg「YD」,2171021F2144,ベニジピン塩酸塩錠|ベニジピン塩酸塩錠「YD」,4.0mg,錠,ベニジピン塩酸塩錠2mg「YD」,3e6de15ac6c0
ベニジピン塩酸塩,ベニジピン塩酸塩錠4mg「サワイ」,2171021F2152,ベニジピン塩酸塩|ベニジピン塩酸塩錠「サワイ」,4.0mg,錠,ベニジピン塩酸塩錠2mg「サワイ」,3fc33f0c6482
ベニジピン塩酸塩,ベニジピン塩酸塩錠4mg「ツルハラ」,2171021F2233,ベニジピン塩酸塩|ベニジピン塩酸塩錠「ツルハラ」,4.0mg,錠,ベニジピン塩酸塩錠2mg「ツルハラ」,57b5fcc4b24a
ベニジピン塩酸塩錠,ベニジピン塩酸塩錠4mg「トーワ」,2171021F2276,ベニジピン塩酸塩錠|ベニジピン塩酸塩錠「トーワ」,4.0mg,錠,ベニジピン塩酸塩錠2mg「トーワ」,b71bc152df0a
ベニジピン塩酸塩,ベニジピン塩酸塩錠8mg「CH」,2171021F3108,ベニジピン塩酸塩|ベニジピン塩酸塩錠「CH」,8.0mg,錠,ベニジピン塩酸塩錠2mg「CH」,2443133dc863
ベニジピン塩酸塩錠,ベニジピン塩酸塩錠8mg「NIG」,2171021F3299,ベニジピン塩酸塩錠|ベニジピン塩酸塩錠「NIG」,8.0mg,錠,ベニジピン塩酸塩錠2mg「NIG」,1dd4378e1327
ベニジピン塩酸塩,ベニジピン塩酸塩錠8mg「NPI」,2171021F3116,ベニジピン塩酸塩|ベニジピン塩酸塩錠「NPI」,8.0mg,錠,ベニジピン塩酸塩錠2mg「NPI」,343b4e42be53
ベニジピン塩酸塩,ベニジピン塩酸塩錠8mg「NS」,2171021F3264,ベニジピン塩酸塩|ベニジピン塩酸塩錠「NS」,8.0mg,錠,ベニジピン塩酸塩錠2mg「NS」,6cfa68a9494d
ベニジピン塩酸塩錠,ベニジピン塩酸塩錠8mg「OME」,2171021F3124,ベニジピン塩酸塩錠|ベニジピン塩酸塩錠「OME」,8.0mg,錠,ベニジピン塩酸塩錠2mg「OME」,2d5d725ab95f
ベニジピン塩酸塩錠,ベニジピン塩酸塩錠8mg「TCK」,2171021F3280,ベニジピン塩酸塩錠|ベニジピン塩酸塩錠「TCK」,8.0mg,錠,ベニジピン塩酸塩錠2mg「TCK」,358a67d55aea
ベニジピン塩酸塩錠,ベニジピン塩酸塩錠8mg「YD」,2171021F3159,ベニジピン塩酸塩錠|ベニジピン塩酸塩錠「YD」,8.0mg,錠,ベニジピン塩酸塩錠2mg「YD」,3e6de15ac6c0
ベニジピン塩酸塩,ベニジピン塩酸塩錠8mg「サワイ」,2171021F3043,ベニジピン塩酸塩|ベニジピン塩酸塩錠「サワイ」,8.0mg,錠,ベニジピン塩酸塩錠2mg「サワイ」,3fc33f0c6482
ベニジピン塩酸塩,ベニジピン塩酸塩錠8mg「ツルハラ」,2171021F3213,ベニジピン塩酸塩|ベニジピン塩酸塩錠「ツルハラ」,8.0mg,錠,ベニジピン塩酸塩錠2mg「ツルハラ」,57b5fcc4b24a
ベニジピン塩酸塩錠,ベニジピン塩酸塩錠8mg「トーワ」,2171021F3248,ベニジピン塩酸塩錠|ベニジピン塩酸塩錠「トーワ」,8.0mg,錠,ベニジピン塩酸塩錠2mg「トーワ」,b71bc152df0a
ベネトクラクス,ベネクレクスタ錠100mg,4291062F3023,ベネトクラクス|ベネクレクスタ錠,100.0mg,錠,ベネクレクスタ錠10mg,cc51548a5cfe
ベネトクラクス,ベネクレクスタ錠50mg,4291062F2027,ベネトクラクス|ベネクレクスタ錠,50.0mg,錠,ベネクレクスタ錠10mg,cc51548a5cfe
ノナコグアルファ（遺伝子組換え）,ベネフィクス静注用1000,6343438D2022,ノナコグアルファ（遺伝子組換え）|ベネフィクス静注用1000,,注射剤,,e6e493fea0d5
ノナコグアルファ（遺伝子組換え）,ベネフィクス静注用2000,6343438D3029,ノナコグアルファ（遺伝子組換え）|ベネフィクス静注用2000,,注射剤,,e6e493fea0d5
ノナコグアルファ（遺伝子組換え）,ベネフィクス静注用3000,6343438D4025,ノナコグアルファ（遺伝子組換え）|ベネフィクス静注用3000,,注射剤,,e6e493fea0d5
ベバシズマブ（遺伝子組換え）［ベバシズマブ後続4］,ベバシズマブBS点滴静注400mg「CTNK」,4291463A2027,ベバシズマブ（遺伝子組換え）［ベバシズマブ後続4］|ベバシズマブBS点滴静注「CTNK」,400.0mg,注射剤,ベバシズマブBS点滴静注100mg「CTNK」,7134a7f78231
ベバシズマブ（遺伝子組換え）［ベバシズマブ後続2］注,ベバシズマブBS点滴静注400mg「アムジェン」,4291450A2038,ベバシズマブ（遺伝子組換え）［ベバシズマブ後続2］注|ベバシズマブBS点滴静注「アムジェン」,400.0mg,注射剤,ベバシズマブBS点滴静注100mg「アムジェン」,f054eb177283
ベバシズマブ（遺伝子組換え）［ベバシズマブ後続1］,ベバシズマブBS点滴静注400mg「ファイザー」,4291449A2027,ベバシズマブ（遺伝子組換え）［ベバシズマブ後続1］|ベバシズマブBS点滴静注「ファイザー」,400.0mg,注射剤,ベバシズマブBS点滴静注100mg「ファイザー」,94f4887d6d2f
ベバシズマブ（遺伝子組換え）［ベバシズマブ後続3］注,ベバシズマブBS点滴静注400mg「日医工」,4291461A2028,ベバシズマブ（遺伝子組換え）［ベバシズマブ後続3］注|ベバシズマブBS点滴静注「日医工」,400.0mg,注射剤,ベバシズマブBS点滴静注100mg「日医工」,de7346b8e356
過酸化ベンゾイル　製剤,ベピオローション2.5%,2699712Q2028,過酸化ベンゾイル　製剤|ベピオローション,2.5%,ローション,,d4426d80989c
エトポシド,ベプシドカプセル25mg,4240001M1075,エトポシド|ベプシドカプセル,25.0mg,カプセル,ベプシドカプセル50mg,8f5f122fa126
ベプリジル塩酸塩水和物,ベプリコール錠100mg,2129011F2031,ベプリジル塩酸塩水和物|ベプリコール錠,100.0mg,錠,ベプリコール錠50mg,d375ca6a70d4
ベプリジル塩酸塩水和物錠,ベプリジル塩酸塩錠100mg「TE」,2129011F2040,ベプリジル塩酸塩水和物錠|ベプリジル塩酸塩錠「TE」,100.0mg,錠,ベプリジル塩酸塩錠50mg「TE」,d11a99cb2c80
ベポタスチンベシル酸塩,ベポタスチンベシル酸塩OD錠10mg「サワイ」,4490022F4053,ベポタスチンベシル酸塩|ベポタスチンベシル酸塩OD錠「サワイ」,10.0mg,OD錠,,5da561270155
ベポタスチンベシル酸塩製剤,ベポタスチンベシル酸塩OD錠10mg「タナベ」,4490022F4037,ベポタスチンベシル酸塩製剤|ベポタスチンベシル酸塩OD錠「タナベ」,10.0mg,OD錠,,a7bae74467e0
ベポタスチンベシル酸塩錠/口腔内崩壊錠,ベポタスチンベシル酸塩OD錠10mg「トーワ」,4490022F4061,ベポタスチンベシル酸塩錠/口腔内崩壊錠|ベポタスチンベシル酸塩OD錠「トーワ」,10.0mg,OD錠,,58061d7f25c6
ベポタスチンベシル酸塩錠／ベポタスチンベシル酸塩口腔内崩壊錠,ベポタスチンベシル酸塩OD錠10mg「日医工」,4490022F4070,ベポタスチンベシル酸塩錠／ベポタスチンベシル酸塩口腔内崩壊錠|ベポタスチンベシル酸塩OD錠「日医工」,10.0mg,OD錠,,c76d82912f6a
ベポタスチンベシル酸塩,ベポタスチンベシル酸塩OD錠5mg「サワイ」,4490022F3057,ベポタスチンベシル酸塩|ベポタスチンベシル酸塩OD錠「サワイ」,5.0mg,OD錠,,5da561270155
ベポタスチンベシル酸塩製剤,ベポタスチンベシル酸塩OD錠5mg「タナベ」,4490022F3030,ベポタスチンベシル酸塩製剤|ベポタスチンベシル酸塩OD錠「タナベ」,5.0mg,OD錠,,a7bae74467e0
ベポタスチンベシル酸塩錠/口腔内崩壊錠,ベポタスチンベシル酸塩OD錠5mg「トーワ」,4490022F3065,ベポタスチンベシル酸塩錠/口腔内崩壊錠|ベポタスチンベシル酸塩OD錠「トーワ」,5.0mg,OD錠,,58061d7f25c6
ベポタスチンベシル酸塩錠／ベポタスチンベシル酸塩口腔内崩壊錠,ベポタスチンベシル酸塩OD錠5mg「日医工」,4490022F3073,ベポタスチンベシル酸塩錠／ベポタスチンベシル酸塩口腔内崩壊錠|ベポタスチンベシル酸塩OD錠「日医工」,5.0mg,OD錠,,c76d82912f6a
ベポタスチンベシル酸塩錠,ベポタスチンベシル酸塩錠10mg「JG」,4490022F2069,ベポタスチンベシル酸塩錠|ベポタスチンベシル酸塩錠「JG」,10.0mg,錠,ベポタスチンベシル酸塩錠5mg「JG」,dfd2be5ffce3
ベポタスチンベシル酸塩,ベポタスチンベシル酸塩錠10mg「サワイ」,4490022F2093,ベポタスチンベシル酸塩|ベポタスチンベシル酸塩錠「サワイ」,10.0mg,錠,ベポタスチンベシル酸塩錠5mg「サワイ」,5da561270155
ベポタスチンベシル酸塩製剤,ベポタスチンベシル酸塩錠10mg「タナベ」,4490022F2042,ベポタスチンベシル酸塩製剤|ベポタスチンベシル酸塩錠「タナベ」,10.0mg,錠,ベポタスチンベシル酸塩錠5mg「タナベ」,a7bae74467e0
ベポタスチンベシル酸塩錠/口腔内崩壊錠,ベポタスチンベシル酸塩錠10mg「トーワ」,4490022F2107,ベポタスチンベシル酸塩錠/口腔内崩壊錠|ベポタスチンベシル酸塩錠「トーワ」,10.0mg,錠,ベポタスチンベシル酸塩錠5mg「トーワ」,58061d7f25c6
ベポタスチンベシル酸塩錠／ベポタスチンベシル酸塩口腔内崩壊錠,ベポタスチンベシル酸塩錠10mg「日医工」,4490022F2115,ベポタスチンベシル酸塩錠／ベポタスチンベシル酸塩口腔内崩壊錠|ベポタスチンベシル酸塩錠「日医工」,10.0mg,錠,ベポタスチンベシル酸塩錠5mg「日医工」,c76d82912f6a
ベラプロストナトリウム錠,ベラプロストNa錠40μg「NIG」,3399005F2109,ベラプロストナトリウム錠|ベラプロストNa錠「NIG」,40.0μg,錠,ベラプロストNa錠20μg「NIG」,daa75097a3ee
ベラプロストナトリウム錠,ベラプロストNa錠40μg「YD」,3399005F2060,ベラプロストナトリウム錠|ベラプロストNa錠「YD」,40.0μg,錠,ベラプロストNa錠20μg「YD」,138864059661
ベラプロストナトリウム錠,ベラプロストNa錠40μg「トーワ」,3399005F2079,ベラプロストナトリウム錠|ベラプロストNa錠「トーワ」,40.0μg,錠,ベラプロストNa錠20μg「トーワ」,e70ad3d869e1
ベルイシグアト,ベリキューボ錠10mg,2190042F3024,ベルイシグアト|ベリキューボ錠,10.0mg,錠,ベリキューボ錠2.5mg,9dbef7aae1dd
ベルイシグアト,ベリキューボ錠5mg,2190042F2028,ベルイシグアト|ベリキューボ錠,5.0mg,錠,ベリキューボ錠2.5mg,9dbef7aae1dd
フィブリノゲン加第XIII因子,ベリプラストPコンビセット組織接着用　1mL製剤,6349800X2028,フィブリノゲン加第XIII因子|ベリプラストPコンビセット組織接着用製剤,1.0ml,(不明),ベリプラストPコンビセット組織接着用　0.5mL製剤,53ac8f6200ac
フィブリノゲン加第XIII因子,ベリプラストPコンビセット組織接着用　3mL製剤,6349800X3024,フィブリノゲン加第XIII因子|ベリプラストPコンビセット組織接着用製剤,3.0ml,(不明),ベリプラストPコンビセット組織接着用　0.5mL製剤,53ac8f6200ac
フィブリノゲン加第XIII因子,ベリプラストPコンビセット組織接着用　5mL製剤,6349800X4020,フィブリノゲン加第XIII因子|ベリプラストPコンビセット組織接着用製剤,5.0ml,(不明),ベリプラストPコンビセット組織接着用　0.5mL製剤,53ac8f6200ac
スボレキサント,ベルソムラ錠15mg,1190023F1024,スボレキサント|ベルソムラ錠,15.0mg,錠,ベルソムラ錠10mg,81e7eeda77dc
スボレキサント,ベルソムラ錠20mg,1190023F2020,スボレキサント|ベルソムラ錠,20.0mg,錠,ベルソムラ錠10mg,81e7eeda77dc
ニトラゼパム,ベンザリン細粒1％,1124003C1092,ニトラゼパム|ベンザリン細粒,1.0%,(不明),,2e3a64882f83
ニトラゼパム,ベンザリン錠10,1124003F3121,ニトラゼパム|ベンザリン錠10,,錠,,2e3a64882f83
ニトラゼパム,ベンザリン錠5,1124003F2222,ニトラゼパム|ベンザリン錠5,,錠,,2e3a64882f83
ベンズブロマロン錠,ベンズブロマロン錠50mg「NIG」,3949002F2246,ベンズブロマロン錠|ベンズブロマロン錠「NIG」,50.0mg,錠,ベンズブロマロン錠25mg「NIG」,e160999ee1ce
ベンズブロマロン錠,ベンズブロマロン錠50mg「トーワ」,3949002F2203,ベンズブロマロン錠|ベンズブロマロン錠「トーワ」,50.0mg,錠,ベンズブロマロン錠25mg「トーワ」,94c3f940df83
ベンダムスチン塩酸塩水和物注射剤,ベンダムスチン塩酸塩点滴静注液100mg/4mL「イセイ」,4219405A1050,ベンダムスチン塩酸塩水和物注射剤|ベンダムスチン塩酸塩点滴静注液/「イセイ」,100.0mg/4.0ml,注射剤,ベンダムスチン塩酸塩点滴静注液25mg/1mL「イセイ」,d2d336fba31b
ベンダムスチン塩酸塩水和物注射液,ベンダムスチン塩酸塩点滴静注液100mg/4mL「トーワ」,4219405A1033,ベンダムスチン塩酸塩水和物注射液|ベンダムスチン塩酸塩点滴静注液/「トーワ」,100.0mg/4.0ml,注射剤,ベンダムスチン塩酸塩点滴静注液25mg/1mL「トーワ」,21ef9c7d7da4
ベンダムスチン塩酸塩水和物,ベンダムスチン塩酸塩点滴静注液100mg/4mL「ファイザー」,4219405A1041,ベンダムスチン塩酸塩水和物|ベンダムスチン塩酸塩点滴静注液/「ファイザー」,100.0mg/4.0ml,注射剤,ベンダムスチン塩酸塩点滴静注液25mg/1mL「ファイザー」,6c11cbad5545
ベリムマブ（遺伝子組換え）,ベンリスタ点滴静注用400mg,3999445D2027,ベリムマブ（遺伝子組換え）|ベンリスタ点滴静注用,400.0mg,注射剤,ベンリスタ点滴静注用120mg,665f665c2013
ベリムマブ（遺伝子組換え）,ベンリスタ皮下注200mgシリンジ,3999445G1027,ベリムマブ（遺伝子組換え）|ベンリスタ皮下注シリンジ,200.0mg,注射剤,,cf65f80d4a35
アベマシクリブ錠,ベージニオ錠100mg,4291054F2022,アベマシクリブ錠|ベージニオ錠,100.0mg,錠,ベージニオ錠50mg,ad030205c3df
アベマシクリブ錠,ベージニオ錠150mg,4291054F3029,アベマシクリブ錠|ベージニオ錠,150.0mg,錠,ベージニオ錠50mg,ad030205c3df
ペグインターフェロン アルファ-2a（遺伝子組換え）,ペガシス皮下注180μg,6399419A2029,ペグインターフェロン アルファ-2a（遺伝子組換え）|ペガシス皮下注,180.0μg,注射剤,ペガシス皮下注90μg,cd1eb076e878
ペチジン塩酸塩,ペチジン塩酸塩注射液50mg「タケダ」,8211400A2045,ペチジン塩酸塩|ペチジン塩酸塩注射液「タケダ」,50.0mg,注射剤,ペチジン塩酸塩注射液35mg「タケダ」,7dd2c5bbede2
ペチジン塩酸塩/レバロルファン酒石酸塩配合注,ペチロルファン配合注LD,8219502A1036,ペチジン塩酸塩/レバロルファン酒石酸塩配合注|ペチロルファン配合注LD,,注射剤,,88d006268647
ペミロラストカリウム錠,ペミラストン錠10mg,4490011F1030,ペミロラストカリウム錠|ペミラストン錠,10.0mg,錠,ペミラストン錠5mg,61ec194204c5
ぺミロラストカリウム,ペミロラストK錠10mg「NIG」,4490011F1129,ぺミロラストカリウム|ペミロラストK錠「NIG」,10.0mg,錠,ペミロラストK錠5mg「NIG」,a32d2a5e3123
ペメトレキセドナトリウムヘミペンタ水和物注射液,ペメトレキセド点滴静注液500mg「NK」,4229401A2020,ペメトレキセドナトリウムヘミペンタ水和物注射液|ペメトレキセド点滴静注液「NK」,500.0mg,注射剤,ペメトレキセド点滴静注液100mg「NK」,3c884e101e28
ペメトレキセドナトリウムヘミペンタ水和物,ペメトレキセド点滴静注液500mg「サワイ」,4229401A2038,ペメトレキセドナトリウムヘミペンタ水和物|ペメトレキセド点滴静注液「サワイ」,500.0mg,注射剤,ペメトレキセド点滴静注液100mg「サワイ」,18351502fede
ペメトレキセドナトリウムヘミペンタ水和物,ペメトレキセド点滴静注液500mg「トーワ」,4229401A2046,ペメトレキセドナトリウムヘミペンタ水和物|ペメトレキセド点滴静注液「トーワ」,500.0mg,注射剤,ペメトレキセド点滴静注液100mg「トーワ」,84f7363f23d2
ペメトレキセドナトリウムヘミペンタ水和物注射液,ペメトレキセド点滴静注液800mg「NK」,4229401A3026,ペメトレキセドナトリウムヘミペンタ水和物注射液|ペメトレキセド点滴静注液「NK」,800.0mg,注射剤,ペメトレキセド点滴静注液100mg「NK」,3c884e101e28
ペメトレキセドナトリウムヘミペンタ水和物,ペメトレキセド点滴静注液800mg「サワイ」,4229401A3034,ペメトレキセドナトリウムヘミペンタ水和物|ペメトレキセド点滴静注液「サワイ」,800.0mg,注射剤,ペメトレキセド点滴静注液100mg「サワイ」,18351502fede
ペメトレキセドナトリウムヘミペンタ水和物,ペメトレキセド点滴静注液800mg「トーワ」,4229401A3042,ペメトレキセドナトリウムヘミペンタ水和物|ペメトレキセド点滴静注液「トーワ」,800.0mg,注射剤,ペメトレキセド点滴静注液100mg「トーワ」,84f7363f23d2
ペメトレキセドナトリウムヘミペンタ水和物,ペメトレキセド点滴静注用500mg「F」,4229401D1038,ペメトレキセドナトリウムヘミペンタ水和物|ペメトレキセド点滴静注用「F」,500.0mg,注射剤,ペメトレキセド点滴静注用100mg「F」,d68cf6d42d8c
注射用ペメトレキセドナトリウムヘミペンタ水和物,ペメトレキセド点滴静注用500mg「NK」,4229401D1046,注射用ペメトレキセドナトリウムヘミペンタ水和物|ペメトレキセド点滴静注用「NK」,500.0mg,注射剤,ペメトレキセド点滴静注用100mg「NK」,7f9968381677
ペメトレキセドナトリウムヘミペンタ水和物,ペメトレキセド点滴静注用500mg「サワイ」,4229401D1054,ペメトレキセドナトリウムヘミペンタ水和物|ペメトレキセド点滴静注用「サワイ」,500.0mg,注射剤,ペメトレキセド点滴静注用100mg「サワイ」,657a0ca76191
注射用ペメトレキセドナトリウムへミペンタ水和物,ペメトレキセド点滴静注用500mg「ニプロ」,4229401D1062,注射用ペメトレキセドナトリウムへミペンタ水和物|ペメトレキセド点滴静注用「ニプロ」,500.0mg,注射剤,ペメトレキセド点滴静注用100mg「ニプロ」,19041c264e31
ペメトレキセドナトリウムヘミペンタ水和物,ペメトレキセド点滴静注用500mg「ヤクルト」,4229401D1070,ペメトレキセドナトリウムヘミペンタ水和物|ペメトレキセド点滴静注用「ヤクルト」,500.0mg,注射剤,ペメトレキセド点滴静注用100mg「ヤクルト」,11e9b5424a0c
注射用ペメトレキセドナトリウムヘミペンタ水和物,ペメトレキセド点滴静注用500mg「日医工G」,4229401D1089,注射用ペメトレキセドナトリウムヘミペンタ水和物|ペメトレキセド点滴静注用「日医工G」,500.0mg,注射剤,ペメトレキセド点滴静注用100mg「日医工G」,d6068433d7e4
ペメトレキセドナトリウムヘミペンタ水和物,ペメトレキセド点滴静注用800mg「F」,4229401D3022,ペメトレキセドナトリウムヘミペンタ水和物|ペメトレキセド点滴静注用「F」,800.0mg,注射剤,ペメトレキセド点滴静注用100mg「F」,d68cf6d42d8c
注射用ペメトレキセドナトリウムヘミペンタ水和物,ペメトレキセド点滴静注用800mg「NK」,4229401D3030,注射用ペメトレキセドナトリウムヘミペンタ水和物|ペメトレキセド点滴静注用「NK」,800.0mg,注射剤,ペメトレキセド点滴静注用100mg「NK」,7f9968381677
ペメトレキセドナトリウムヘミペンタ水和物,ペメトレキセド点滴静注用800mg「サワイ」,4229401D3049,ペメトレキセドナトリウムヘミペンタ水和物|ペメトレキセド点滴静注用「サワイ」,800.0mg,注射剤,ペメトレキセド点滴静注用100mg「サワイ」,657a0ca76191
ソブゾキサン製剤,ペラゾリン細粒800mg,4291004C2036,ソブゾキサン製剤|ペラゾリン細粒,800.0mg,(不明),ペラゾリン細粒400mg,e165ba113b8c
ペランパネル製剤,ペランパネルDS1%「トーワ」,11390A2R1020,ペランパネル製剤|ペランパネルDS「トーワ」,1.0%,(不明),,53e9846f053d
ペランパネル,ペランパネルOD錠4mg「タカタ」,1139014F4021,ペランパネル|ペランパネルOD錠「タカタ」,4.0mg,OD錠,ペランパネルOD錠2mg「タカタ」,5b0415de5338
ペランパネル,ペランパネル細粒1%「アメル」,1139014C1034,ペランパネル|ペランパネル細粒「アメル」,1.0%,(不明),,49e5346c5450
ペランパネル,ペランパネル細粒1%「タカタ」,1139014C1042,ペランパネル|ペランパネル細粒「タカタ」,1.0%,(不明),,5b0415de5338
ペランパネル,ペランパネル細粒1％「サワイ」,11390A2C1051,ペランパネル|ペランパネル細粒「サワイ」,1.0%,(不明),,6ad1e0beee2a
ペランパネル,ペランパネル錠4mg「アメル」,1139014F2037,ペランパネル|ペランパネル錠「アメル」,4.0mg,錠,ペランパネル錠2mg「アメル」,49e5346c5450
ペランパネル,ペランパネル錠4mg「サワイ」,11390A2F2046,ペランパネル|ペランパネル錠「サワイ」,4.0mg,錠,ペランパネル錠2mg「サワイ」,6ad1e0beee2a
ペランパネル製剤,ペランパネル錠4mg「トーワ」,11390A2F2054,ペランパネル製剤|ペランパネル錠「トーワ」,4.0mg,錠,ペランパネル錠2mg「トーワ」,53e9846f053d
シプロヘプタジン塩酸塩水和物錠・散,ペリアクチン散1%,4419005B1045,シプロヘプタジン塩酸塩水和物錠・散|ペリアクチン散,1.0%,散剤,,a21638337bde
-,ペリセート360NL腹膜透析液（1.5L1袋（排液用バッグ付））,3420426A5046,-|ペリセート360NL腹膜透析液(1袋(排液用バッグ付)),1.5l,液剤,,fac16fa53995
-,ペリセート360NL腹膜透析液（1.5L1袋）,3420426A4040,-|ペリセート360NL腹膜透析液(1袋),1.5l,液剤,ペリセート360NL腹膜透析液（1L1袋）,fac16fa53995
-,ペリセート360NL腹膜透析液（1L1袋（排液用バッグ付））,3420426A3043,-|ペリセート360NL腹膜透析液(1袋(排液用バッグ付)),1.0l,液剤,,fac16fa53995
-,ペリセート360NL腹膜透析液（2.5L1袋（排液用バッグ付））,3420426H1030,-|ペリセート360NL腹膜透析液(1袋(排液用バッグ付)),2.5l,液剤,,fac16fa53995
-,ペリセート360NL腹膜透析液（2L1袋（排液用バッグ付））,3420426A7049,-|ペリセート360NL腹膜透析液(1袋(排液用バッグ付)),2.0l,液剤,,fac16fa53995
-,ペリセート360NL腹膜透析液（2L1袋）,3420426A6042,-|ペリセート360NL腹膜透析液(1袋),2.0l,液剤,ペリセート360NL腹膜透析液（1L1袋）,fac16fa53995
-,ペリセート360NL腹膜透析液（3L1袋）,3420426A8045,-|ペリセート360NL腹膜透析液(1袋),3.0l,液剤,ペリセート360NL腹膜透析液（1L1袋）,fac16fa53995
-,ペリセート360N腹膜透析液（1.5L1袋（排液用バッグ付））,3420415A7040,-|ペリセート360N腹膜透析液(1袋(排液用バッグ付)),1.5l,液剤,,331846a58b22
-,ペリセート360N腹膜透析液（1.5L1袋）,3420415A3045,-|ペリセート360N腹膜透析液(1袋),1.5l,液剤,ペリセート360N腹膜透析液（1L1袋）,331846a58b22
-,ペリセート360N腹膜透析液（1L1袋（排液用バッグ付））,3420415A6044,-|ペリセート360N腹膜透析液(1袋(排液用バッグ付)),1.0l,液剤,,331846a58b22
-,ペリセート360N腹膜透析液（2.5L1袋（排液用バッグ付））,3420415H6034,-|ペリセート360N腹膜透析液(1袋(排液用バッグ付)),2.5l,液剤,,331846a58b22
-,ペリセート360N腹膜透析液（2L1袋（排液用バッグ付））,3420415A8047,-|ペリセート360N腹膜透析液(1袋(排液用バッグ付)),2.0l,液剤,,331846a58b22
-,ペリセート360N腹膜透析液（2L1袋）,3420415A4041,-|ペリセート360N腹膜透析液(1袋),2.0l,液剤,ペリセート360N腹膜透析液（1L1袋）,331846a58b22
-,ペリセート360N腹膜透析液（3L1袋）,3420415H1040,-|ペリセート360N腹膜透析液(1袋),3.0l,液剤,ペリセート360N腹膜透析液（1L1袋）,331846a58b22
-,ペリセート400NL腹膜透析液（1.5L1袋（排液用バッグ付））,3420427A5040,-|ペリセート400NL腹膜透析液(1袋(排液用バッグ付)),1.5l,液剤,,fac16fa53995
-,ペリセート400NL腹膜透析液（1.5L1袋）,3420427A4044,-|ペリセート400NL腹膜透析液(1袋),1.5l,液剤,,fac16fa53995
-,ペリセート400NL腹膜透析液（1L1袋（排液用バッグ付））,3420427A3048,-|ペリセート400NL腹膜透析液(1袋(排液用バッグ付)),1.0l,液剤,,fac16fa53995
-,ペリセート400NL腹膜透析液（1L1袋）,3420427A2041,-|ペリセート400NL腹膜透析液(1袋),1.0l,液剤,,fac16fa53995
-,ペリセート400NL腹膜透析液（2.5L1袋（排液用バッグ付））,3420427H1035,-|ペリセート400NL腹膜透析液(1袋(排液用バッグ付)),2.5l,液剤,,fac16fa53995
-,ペリセート400NL腹膜透析液（2L1袋（排液用バッグ付））,3420427A7043,-|ペリセート400NL腹膜透析液(1袋(排液用バッグ付)),2.0l,液剤,,fac16fa53995
-,ペリセート400NL腹膜透析液（2L1袋）,3420427A6047,-|ペリセート400NL腹膜透析液(1袋),2.0l,液剤,,fac16fa53995
-,ペリセート400NL腹膜透析液（3L1袋）,3420427A8040,-|ペリセート400NL腹膜透析液(1袋),3.0l,液剤,,fac16fa53995
-,ペリセート400N腹膜透析液（1.5L1袋（排液用バッグ付））,3420416A7045,-|ペリセート400N腹膜透析液(1袋(排液用バッグ付)),1.5l,液剤,,331846a58b22
-,ペリセート400N腹膜透析液（1.5L1袋）,3420416A3040,-|ペリセート400N腹膜透析液(1袋),1.5l,液剤,,331846a58b22
-,ペリセート400N腹膜透析液（1L1袋（排液用バッグ付））,3420416A6049,-|ペリセート400N腹膜透析液(1袋(排液用バッグ付)),1.0l,液剤,,331846a58b22
-,ペリセート400N腹膜透析液（1L1袋）,3420416A2043,-|ペリセート400N腹膜透析液(1袋),1.0l,液剤,,331846a58b22
-,ペリセート400N腹膜透析液（2.5L1袋（排液用バッグ付））,3420416H3030,-|ペリセート400N腹膜透析液(1袋(排液用バッグ付)),2.5l,液剤,,331846a58b22
-,ペリセート400N腹膜透析液（2L1袋（排液用バッグ付））,3420416A8041,-|ペリセート400N腹膜透析液(1袋(排液用バッグ付)),2.0l,液剤,,331846a58b22
-,ペリセート400N腹膜透析液（2L1袋）,3420416A4046,-|ペリセート400N腹膜透析液(1袋),2.0l,液剤,,331846a58b22
-,ペリセート400N腹膜透析液（3L1袋）,3420416H1045,-|ペリセート400N腹膜透析液(1袋),3.0l,液剤,,331846a58b22
ペリンドプリルエルブミン,ペリンドプリルエルブミン錠4mg「サワイ」,2144012F2083,ペリンドプリルエルブミン|ペリンドプリルエルブミン錠「サワイ」,4.0mg,錠,ペリンドプリルエルブミン錠2mg「サワイ」,ac42033160f3
ペリンドプリルエルブミン錠,ペリンドプリルエルブミン錠4mg「トーワ」,2144012F2091,ペリンドプリルエルブミン錠|ペリンドプリルエルブミン錠「トーワ」,4.0mg,錠,ペリンドプリルエルブミン錠2mg「トーワ」,198d5db61ffa
ペルゴリドメシル酸塩,ペルゴリド錠250μg「サワイ」,1169008F2065,ペルゴリドメシル酸塩|ペルゴリド錠「サワイ」,250.0μg,錠,ペルゴリド錠50μg「サワイ」,852f990c88ef
日局 ニカルジピン塩酸塩,ペルジピンLAカプセル40mg,2149019N2175,日局 ニカルジピン塩酸塩|ペルジピンLAカプセル,40.0mg,カプセル,ペルジピンLAカプセル20mg,fa7a098320b6
日局 ニカルジピン塩酸塩,ペルジピン散10%,2149019B1059,日局 ニカルジピン塩酸塩|ペルジピン散,10.0%,散剤,,1100f82cf369
日局 ニカルジピン塩酸塩,ペルジピン注射液10mg,2149400A2023,日局 ニカルジピン塩酸塩|ペルジピン注射液,10.0mg,注射剤,ペルジピン注射液2mg,404592762ae0
日局 ニカルジピン塩酸塩,ペルジピン注射液25mg,2149400A3020,日局 ニカルジピン塩酸塩|ペルジピン注射液,25.0mg,注射剤,ペルジピン注射液2mg,404592762ae0
日局 ニカルジピン塩酸塩,ペルジピン錠20mg,2149019F2170,日局 ニカルジピン塩酸塩|ペルジピン錠,20.0mg,錠,ペルジピン錠10mg,1100f82cf369
ペルゴリドメシル酸塩,ペルマックス錠250μg,1169008F2022,ペルゴリドメシル酸塩|ペルマックス錠,250.0μg,錠,ペルマックス錠50μg,db9b1f3d12ad
ペロスピロン塩酸塩水和物,ペロスピロン塩酸塩錠16mg「アメル」,1179043F3035,ペロスピロン塩酸塩水和物|ペロスピロン塩酸塩錠「アメル」,16.0mg,錠,ペロスピロン塩酸塩錠4mg「アメル」,6213435ecde7
ペロスピロン塩酸塩水和物,ペロスピロン塩酸塩錠8mg「アメル」,1179043F2047,ペロスピロン塩酸塩水和物|ペロスピロン塩酸塩錠「アメル」,8.0mg,錠,ペロスピロン塩酸塩錠4mg「アメル」,6213435ecde7
5%ブドウ糖加酢酸リンゲル液,ペロール注（500mL）,3319551A2055,5%ブドウ糖加酢酸リンゲル液|ペロール注(),500.0ml,注射剤,ペロール注（300mL）,b8fc159b33a3
メサラジン,ペンタサ錠500mg,2399009F2030,メサラジン|ペンタサ錠,500.0mg,錠,ペンタサ錠250mg,7dc4d33b2a7f
ピペラシリンナトリウム,ペントシリン注射用2g,6131403D2043,ピペラシリンナトリウム|ペントシリン注射用,2.0g,注射剤,ペントシリン注射用1g,e01cc9e1e7db
ピペラシリンナトリウム,ペントシリン静注用2gバッグ,6131403P2023,ピペラシリンナトリウム|ペントシリン静注用バッグ,2.0g,注射剤,ペントシリン静注用1gバッグ,41667706c643
5％マルトース加酢酸維持液,ペンライブ注 (300mL),3319550A2026,5％マルトース加酢酸維持液|ペンライブ注(),300.0ml,注射剤,ペンライブ注 (200mL),014f19bb65bb
5％マルトース加酢酸維持液,ペンライブ注 (500mL),3319550A3065,5％マルトース加酢酸維持液|ペンライブ注(),500.0ml,注射剤,ペンライブ注 (200mL),014f19bb65bb
ツロブテロール,ホクナリンテープ1mg,2259707S2027,ツロブテロール|ホクナリンテープ,1.0mg,貼付剤,ホクナリンテープ0.5mg,7056b55ce5c6
ツロブテロール,ホクナリンテープ2mg,2259707S3023,ツロブテロール|ホクナリンテープ,2.0mg,貼付剤,ホクナリンテープ0.5mg,7056b55ce5c6
ツロブテロール塩酸塩,ホクナリンドライシロップ0.1％小児用,2259002R1061,ツロブテロール塩酸塩|ホクナリンドライシロップ小児用,0.1%,ドライシロップ,,2d15bbe68605
ウイテプゾール,ホスコE-75,7190700X1023,ウイテプゾール|ホスコE-75,,(不明),,1ac3a93fe1a1
リボフラビンリン酸エステルナトリウム注射液,ホスフラン注−20mg,3131401A4039,リボフラビンリン酸エステルナトリウム注射液|ホスフラン注−,20.0mg,注射剤,ホスフラン注−10mg; ホスフラン注−5mg,5453a9eff249
注射用ホスホマイシンナトリウム,ホスホマイシンNa静注用1g「NP」,6135400F2198,注射用ホスホマイシンナトリウム|ホスホマイシンNa静注用「NP」,1.0g,注射剤,ホスホマイシンNa静注用0.5g「NP」,d41252abcc7b
ホスホマイシンナトリウム,ホスホマイシンNa静注用1g「タカタ」,6135400F2228,ホスホマイシンナトリウム|ホスホマイシンNa静注用「タカタ」,1.0g,注射剤,ホスホマイシンNa静注用0.5g「タカタ」,fcc70585d563
注射用ホスホマイシンナトリウム,ホスホマイシンNa静注用2g「NP」,6135400F3208,注射用ホスホマイシンナトリウム|ホスホマイシンNa静注用「NP」,2.0g,注射剤,ホスホマイシンNa静注用0.5g「NP」,d41252abcc7b
ホスホマイシンナトリウム,ホスホマイシンNa静注用2g「タカタ」,6135400F3232,ホスホマイシンナトリウム|ホスホマイシンNa静注用「タカタ」,2.0g,注射剤,ホスホマイシンNa静注用0.5g「タカタ」,fcc70585d563
ホスホマイシンナトリウム,ホスホマイシンナトリウム静注用1g「日医工」,6135400F2210,ホスホマイシンナトリウム|ホスホマイシンナトリウム静注用「日医工」,1.0g,注射剤,ホスホマイシンナトリウム静注用0.5g「日医工」,5d7c0bc13a2d
ホスホマイシンナトリウム,ホスホマイシンナトリウム静注用2g「日医工」,6135400F3224,ホスホマイシンナトリウム|ホスホマイシンナトリウム静注用「日医工」,2.0g,注射剤,ホスホマイシンナトリウム静注用0.5g「日医工」,5d7c0bc13a2d
ホスホマイシンナトリウム,ホスミシンS静注用1g,6135400F2163,ホスホマイシンナトリウム|ホスミシンS静注用,1.0g,注射剤,ホスミシンS静注用0.5g,cb6ca273cdcd
ホスホマイシンナトリウム,ホスミシンS静注用2g,6135400F3178,ホスホマイシンナトリウム|ホスミシンS静注用,2.0g,注射剤,ホスミシンS静注用0.5g,cb6ca273cdcd
ホスホマイシンカルシウム水和物,ホスミシンドライシロップ400,6135001R2110,ホスホマイシンカルシウム水和物|ホスミシンドライシロップ400,,ドライシロップ,,28b000a5ba60
ホスホマイシンカルシウム水和物,ホスミシン錠500,6135001F2025,ホスホマイシンカルシウム水和物|ホスミシン錠500,,錠,,3bd176d84ca5
炭酸ランタン水和物,ホスレノールOD錠500mg,2190029F4025,炭酸ランタン水和物|ホスレノールOD錠,500.0mg,OD錠,ホスレノールOD錠250mg,1ff4b4fafab0
炭酸ランタン水和物,ホスレノールチュアブル錠500mg,2190029F2022,炭酸ランタン水和物|ホスレノールチュアブル錠,500.0mg,錠,ホスレノールチュアブル錠250mg,cd1f7ace6aab
炭酸ランタン水和物,ホスレノール顆粒分包500mg,2190029D2021,炭酸ランタン水和物|ホスレノール顆粒分包,500.0mg,顆粒,ホスレノール顆粒分包250mg,41f8941e3f02
ジアゼパム錠、ジアゼパム散,ホリゾン散1%,1124017B1145,ジアゼパム錠、ジアゼパム散|ホリゾン散,1.0%,散剤,,117f11c6684d
ジアゼパム錠、ジアゼパム散,ホリゾン錠5mg,1124017F4162,ジアゼパム錠、ジアゼパム散|ホリゾン錠,5.0mg,錠,ホリゾン錠2mg,117f11c6684d
ファレカルシトリオール製剤,ホーネル錠0.3,3112005F2033,ファレカルシトリオール製剤|ホーネル錠0.3,,錠,,cb2d77a15fd2
デキサメタゾン吉草酸エステル　製剤,ボアラクリーム0.12％,2646724N1040,デキサメタゾン吉草酸エステル　製剤|ボアラクリーム,0.12%,クリーム,,f44e163450de
カボテグラビル,ボカブリア水懸筋注600mg,6250408A2024,カボテグラビル|ボカブリア水懸筋注,600.0mg,注射剤,ボカブリア水懸筋注400mg,2b0df56c6270
ボグリボース口腔内崩壊フィルム,ボグリボースODフィルム0.3「QQ」,3969004F4038,ボグリボース口腔内崩壊フィルム|ボグリボースODフィルム0.3「QQ」,,(不明),,1e80aeef369e
ボグリボース口腔内崩壊錠,ボグリボースOD錠0.3mg「ケミファ」,3969004F4054,ボグリボース口腔内崩壊錠|ボグリボースOD錠「ケミファ」,0.3mg,OD錠,ボグリボースOD錠0.2mg「ケミファ」,6780f883ed70
ボグリボース,ボグリボースOD錠0.3mg「サワイ」,3969004F4062,ボグリボース|ボグリボースOD錠「サワイ」,0.3mg,OD錠,ボグリボースOD錠0.2mg「サワイ」,97b44ef0e433
ボグリボース口腔内崩壊錠,ボグリボースOD錠0.3mg「トーワ」,3969004F4089,ボグリボース口腔内崩壊錠|ボグリボースOD錠「トーワ」,0.3mg,OD錠,ボグリボースOD錠0.2mg「トーワ」,c072ef4e135e
ボグリボース口腔内崩壊錠,ボグリボースOD錠0.3mg「日医工」,3969004F4119,ボグリボース口腔内崩壊錠|ボグリボースOD錠「日医工」,0.3mg,OD錠,ボグリボースOD錠0.2mg「日医工」,ccdb6aa3b8c5
ボグリボース,ボグリボースOD錠0.3mg「杏林」,3969004F4151,ボグリボース|ボグリボースOD錠「杏林」,0.3mg,OD錠,ボグリボースOD錠0.2mg「杏林」,6237c465a599
ボグリボース口腔内崩壊錠,ボグリボースOD錠0.3mg「武田テバ」,3969004F4143,ボグリボース口腔内崩壊錠|ボグリボースOD錠「武田テバ」,0.3mg,OD錠,ボグリボースOD錠0.2mg「武田テバ」,27b175b6576b
ボグリボース,ボグリボース錠0.3mg「NS」,3969004F2280,ボグリボース|ボグリボース錠「NS」,0.3mg,錠,ボグリボース錠0.2mg「NS」,8476e7c74657
ボグリボース錠,ボグリボース錠0.3mg「YD」,3969004F2299,ボグリボース錠|ボグリボース錠「YD」,0.3mg,錠,ボグリボース錠0.2mg「YD」,b2a91691f520
ボグリボース,ボグリボース錠0.3mg「サワイ」,3969004F2264,ボグリボース|ボグリボース錠「サワイ」,0.3mg,錠,ボグリボース錠0.2mg「サワイ」,b51298add402
ボグリボース錠,ボグリボース錠0.3mg「トーワ」,3969004F2159,ボグリボース錠|ボグリボース錠「トーワ」,0.3mg,錠,ボグリボース錠0.2mg「トーワ」,718fe515b1fe
ボグリボース,ボグリボース錠0.3mg「日医工」,3969004F2256,ボグリボース|ボグリボース錠「日医工」,0.3mg,錠,ボグリボース錠0.2mg「日医工」,a5409e3b5d03
ボグリボース,ボグリボース錠0.3mg「杏林」,3969004F2302,ボグリボース|ボグリボース錠「杏林」,0.3mg,錠,ボグリボース錠0.2mg「杏林」,071817992945
ボグリボース錠,ボグリボース錠0.3mg「武田テバ」,3969004F2337,ボグリボース錠|ボグリボース錠「武田テバ」,0.3mg,錠,ボグリボース錠0.2mg「武田テバ」,357531b12727
ボソリチド（遺伝子組換え）,ボックスゾゴ皮下注用0.56mg,3999465D2024,ボソリチド（遺伝子組換え）|ボックスゾゴ皮下注用,0.56mg,注射剤,ボックスゾゴ皮下注用0.4mg,71b1bfa08330
ボソリチド（遺伝子組換え）,ボックスゾゴ皮下注用1.2mg,3999465D3020,ボソリチド（遺伝子組換え）|ボックスゾゴ皮下注用,1.2mg,注射剤,ボックスゾゴ皮下注用0.4mg,71b1bfa08330
A型ボツリヌス毒素,ボトックスビスタ注用100単位,122940AD2022,A型ボツリヌス毒素|ボトックスビスタ注用,100.0単位,注射剤,ボトックスビスタ注用50単位,c3a827a309c6
A型ボツリヌス毒素,ボトックス注用100単位,1229404D2026,A型ボツリヌス毒素|ボトックス注用,100.0単位,注射剤,ボトックス注用50単位,2dcf6fa95e9b
"ボノプラザンフマル酸
アモキシシリン水和物
クラリスロマイシン",ボノサップパック800,6199104X2020,"ボノプラザンフマル酸
アモキシシリン水和物
クラリスロマイシン|ボノサップパック800",,(不明),,d517a37de841
ボラシデニブ　クエン酸水和物,ボラニゴ錠40mg,42910J1F2024,ボラシデニブ　クエン酸水和物|ボラニゴ錠,40.0mg,錠,ボラニゴ錠10mg,8cd9c899a233
ボリコナゾール錠,ボリコナゾール錠100mg「JG」,6179001F3026,ボリコナゾール錠|ボリコナゾール錠「JG」,100.0mg,錠,ボリコナゾール錠50mg「JG」,8255f2095faa
ボリコナゾール,ボリコナゾール錠100mg「アメル」,6179001F3034,ボリコナゾール|ボリコナゾール錠「アメル」,100.0mg,錠,ボリコナゾール錠50mg「アメル」,20e80716e1b7
ボリコナゾール,ボリコナゾール錠200mg「DSEP」,6179001F2038,ボリコナゾール|ボリコナゾール錠「DSEP」,200.0mg,錠,ボリコナゾール錠50mg「DSEP」,b145cbaad2d7
ボリコナゾール錠,ボリコナゾール錠200mg「JG」,6179001F2046,ボリコナゾール錠|ボリコナゾール錠「JG」,200.0mg,錠,ボリコナゾール錠50mg「JG」,8255f2095faa
ボリコナゾール錠,ボリコナゾール錠200mg「NIG」,6179001F2119,ボリコナゾール錠|ボリコナゾール錠「NIG」,200.0mg,錠,ボリコナゾール錠50mg「NIG」,3ae7df198869
ボリコナゾール,ボリコナゾール錠200mg「アメル」,6179001F2054,ボリコナゾール|ボリコナゾール錠「アメル」,200.0mg,錠,ボリコナゾール錠50mg「アメル」,20e80716e1b7
ボリコナゾール,ボリコナゾール錠200mg「タカタ」,6179001F2062,ボリコナゾール|ボリコナゾール錠「タカタ」,200.0mg,錠,ボリコナゾール錠50mg「タカタ」,33a2bb611bee
ボリコナゾール錠,ボリコナゾール錠200mg「トーワ」,6179001F2089,ボリコナゾール錠|ボリコナゾール錠「トーワ」,200.0mg,錠,ボリコナゾール錠50mg「トーワ」,2d910065f6e2
ボルノレキサント水和物製剤,ボルズィ錠10mg,1190034F3025,ボルノレキサント水和物製剤|ボルズィ錠,10.0mg,錠,ボルズィ錠2.5mg,46edf27fd64b
ボルノレキサント水和物製剤,ボルズィ錠5mg,1190034F2029,ボルノレキサント水和物製剤|ボルズィ錠,5.0mg,錠,ボルズィ錠2.5mg,46edf27fd64b
ジクロフェナクナトリウム,ボルタレンサポ25mg,1147700J2061,ジクロフェナクナトリウム|ボルタレンサポ,25.0mg,(不明),ボルタレンサポ12.5mg,220359c47bfb
ジクロフェナクナトリウム,ボルタレンサポ50mg,1147700J3084,ジクロフェナクナトリウム|ボルタレンサポ,50.0mg,(不明),ボルタレンサポ12.5mg,220359c47bfb
ジクロフェナクナトリウムテープ,ボルタレンテープ30mg,2649734S2070,ジクロフェナクナトリウムテープ|ボルタレンテープ,30.0mg,貼付剤,ボルタレンテープ15mg,a1218eb809eb
注射用ボルテゾミブ,ボルテゾミブ注射用3mg「トーワ」,4291412D1067,注射用ボルテゾミブ|ボルテゾミブ注射用「トーワ」,3.0mg,注射剤,ボルテゾミブ注射用2mg「トーワ」,2814f01bf76e
ボルテゾミブ水和物,ボルテゾミブ注射用3mg「ファイザー」,4291412D1075,ボルテゾミブ水和物|ボルテゾミブ注射用「ファイザー」,3.0mg,注射剤,ボルテゾミブ注射用1mg「ファイザー」,0f94a8989ab1
-,ボルヒール組織接着用（1mL）,6349801X2022,-|ボルヒール組織接着用(),1.0ml,(不明),ボルヒール組織接着用（0.5mL）,ad7199072119
-,ボルヒール組織接着用（2mL）,6349801X3029,-|ボルヒール組織接着用(),2.0ml,(不明),ボルヒール組織接着用（0.5mL）,ad7199072119
-,ボルヒール組織接着用（3mL）,6349801X4025,-|ボルヒール組織接着用(),3.0ml,(不明),ボルヒール組織接着用（0.5mL）,ad7199072119
-,ボルヒール組織接着用（5mL）,6349801X5021,-|ボルヒール組織接着用(),5.0ml,(不明),ボルヒール組織接着用（0.5mL）,ad7199072119
"日本薬局方ブテナフィン塩酸塩クリーム
日本薬局方ブテナフィン塩酸塩液",ボレー外用液1%,2659708Q1054,"日本薬局方ブテナフィン塩酸塩クリーム
日本薬局方ブテナフィン塩酸塩液|ボレー外用液",1.0%,液剤,,dad63751ae8d
タカルシトール水和物,ボンアルファクリーム2μg/g,2691700N1059,タカルシトール水和物|ボンアルファクリーム/g,2.0μg,クリーム,,32e8233708d5
タカルシトール水和物,ボンアルファハイローション20μg/g,2691700Q2027,タカルシトール水和物|ボンアルファハイローション/g,20.0μg,ローション,,6c4a30b2cc72
タカルシトール水和物,ボンアルファローション2μg/g,2691700Q1047,タカルシトール水和物|ボンアルファローション/g,2.0μg,ローション,,32e8233708d5
5％マルトース加乳酸リンゲル液,ポタコールR輸液（500mL）,3319538A4109,5％マルトース加乳酸リンゲル液|ポタコールR輸液(),500.0ml,液剤,ポタコールR輸液（250mL）,9aa629770577
ポビドンヨード液含浸綿棒,ポビドンヨード液10%綿棒16「ケンエー」,261270AX3037,ポビドンヨード液含浸綿棒|ポビドンヨード液綿棒16「ケンエー」,10.0%,液剤,,9537c808b857
ポビドンヨード液含浸綿棒,ポビドンヨード液10%綿棒27「ケンエー」,261270AX7032,ポビドンヨード液含浸綿棒|ポビドンヨード液綿棒27「ケンエー」,10.0%,液剤,,9537c808b857
ポビドンヨード液含浸綿球,ポビドンヨード液10%綿球20「ケンエー」,261270AY6031,ポビドンヨード液含浸綿球|ポビドンヨード液綿球20「ケンエー」,10.0%,液剤,,239670985499
ポビドンヨード液含浸綿球,ポビドンヨード液10%綿球30「ケンエー」,261270AY7038,ポビドンヨード液含浸綿球|ポビドンヨード液綿球30「ケンエー」,10.0%,液剤,,239670985499
ポビドンヨード液含浸綿球,ポビドンヨード液10%綿球40「ケンエー」,261270AY9030,ポビドンヨード液含浸綿球|ポビドンヨード液綿球40「ケンエー」,10.0%,液剤,,239670985499
ポビドンヨード,ポビドンヨード液10％消毒用アプリケータ「オーツカ」25mL,2612701Q6023,ポビドンヨード|ポビドンヨード液消毒用アプリケータ「オーツカ」,10.0%/25.0ml,液剤,ポビドンヨード液10％消毒用アプリケータ「オーツカ」10mL,4562d7f75ac2
ポビドンヨード液含浸綿棒,ポピヨドン10％綿棒16,261270AX5021,ポビドンヨード液含浸綿棒|ポピヨドン綿棒16,10.0%,(不明),,4b2b81dfdebe
レボブピバカイン塩酸塩注射剤,ポプスカイン0.75%注150mg/20mL,1214407A3027,レボブピバカイン塩酸塩注射剤|ポプスカイン注/,0.75%/150.0mg/20.0ml,注射剤,ポプスカイン0.25%注25mg/10mL; ポプスカイン0.5%注50mg/10mL; ポプスカイン0.75%注75mg/10mL,3184658f552f
ポマリドミド,ポマリストカプセル2mg,4291038M2022,ポマリドミド|ポマリストカプセル,2.0mg,カプセル,ポマリストカプセル1mg,5c5de2558945
ポマリドミド,ポマリストカプセル3mg,4291038M3029,ポマリドミド|ポマリストカプセル,3.0mg,カプセル,ポマリストカプセル1mg,5c5de2558945
ポマリドミド,ポマリストカプセル4mg,4291038M4025,ポマリドミド|ポマリストカプセル,4.0mg,カプセル,ポマリストカプセル1mg,5c5de2558945
ポマリドミド,ポマリドミドカプセル2mg「F」,42910A4M2051,ポマリドミド|ポマリドミドカプセル「F」,2.0mg,カプセル,ポマリドミドカプセル1mg「F」,7f72194ebeb0
ポマリドミドカプセル,ポマリドミドカプセル2mg「トーワ」,42910A4M2035,ポマリドミドカプセル|ポマリドミドカプセル「トーワ」,2.0mg,カプセル,ポマリドミドカプセル1mg「トーワ」,f5a5f9476aef
ポマリドミド,ポマリドミドカプセル3mg「F」,42910A4M3058,ポマリドミド|ポマリドミドカプセル「F」,3.0mg,カプセル,ポマリドミドカプセル1mg「F」,7f72194ebeb0
ポマリドミドカプセル,ポマリドミドカプセル3mg「トーワ」,42910A4M3031,ポマリドミドカプセル|ポマリドミドカプセル「トーワ」,3.0mg,カプセル,ポマリドミドカプセル1mg「トーワ」,f5a5f9476aef
ポマリドミド,ポマリドミドカプセル4mg「F」,42910A4M4054,ポマリドミド|ポマリドミドカプセル「F」,4.0mg,カプセル,ポマリドミドカプセル1mg「F」,7f72194ebeb0
ポマリドミドカプセル,ポマリドミドカプセル4mg「トーワ」,42910A4M4038,ポマリドミドカプセル|ポマリドミドカプセル「トーワ」,4.0mg,カプセル,ポマリドミドカプセル1mg「トーワ」,f5a5f9476aef
ポラツズマブ　ベドチン（遺伝子組換え）,ポライビー点滴静注用140mg,4291455D2029,ポラツズマブ　ベドチン（遺伝子組換え）|ポライビー点滴静注用,140.0mg,注射剤,ポライビー点滴静注用30mg,878cf1a3ba24
オキシブチニン,ポラキス錠2,2590005F1022,オキシブチニン|ポラキス錠2,,錠,,f908f04294b4
オキシブチニン,ポラキス錠3,2590005F2029,オキシブチニン|ポラキス錠3,,錠,,f908f04294b4
"d-
クロルフェニラミンマレイン酸塩製剤",ポララミン錠2mg,4419002F1027,"d-
クロルフェニラミンマレイン酸塩製剤|ポララミン錠",2.0mg,錠,,4e03eb21131a
ポリドカノール,ポリドカスクレロール1%注2mL,3329405A3025,ポリドカノール|ポリドカスクレロール注,1.0%/2.0ml,注射剤,ポリドカスクレロール0.5%注2mL,640b5c3da514
ポリドカノール,ポリドカスクレロール3%注2mL,3329405A4021,ポリドカノール|ポリドカスクレロール注,3.0%/2.0ml,注射剤,ポリドカスクレロール0.5%注2mL,640b5c3da514
ポリカルボフィルカルシウム,ポリフル細粒83.3%,2399011C1050,ポリカルボフィルカルシウム|ポリフル細粒,83.3%,(不明),,1804db963257
ポリミキシンB硫酸塩,ポリミキシンB硫酸塩散300万単位「ファイザー」,2634712X2109,ポリミキシンB硫酸塩|ポリミキシンB硫酸塩散300万単位「ファイザー」,,散剤,,e3878b6fab43
メフェナム酸,ポンタール細粒98.5%,1141005C2030,メフェナム酸|ポンタール細粒,98.5%,(不明),,88128231e3f9
ジフルプレドナート軟膏・クリーム,マイザークリーム0.05%,2646725N1150,ジフルプレドナート軟膏・クリーム|マイザークリーム,0.05%,クリーム,,6faff6641a0a
クロバザム,マイスタン細粒1%,1139006C1030,クロバザム|マイスタン細粒,1.0%,(不明),,2d5d6efaad3d
クロバザム,マイスタン錠10mg,1139006F2024,クロバザム|マイスタン錠,10.0mg,錠,マイスタン錠5mg,2d5d6efaad3d
"ゾルピデム酒石酸塩錠
Zolpidem　Tartrate",マイスリー錠10mg,1129009F2021,"ゾルピデム酒石酸塩錠
Zolpidem　Tartrate|マイスリー錠",10.0mg,錠,マイスリー錠5mg,8a3768a832e4
マキサカルシトール製剤,マキサカルシトール静注透析用10μg「NIG」,3112401A3096,マキサカルシトール製剤|マキサカルシトール静注透析用「NIG」,10.0μg,注射剤,マキサカルシトール静注透析用2.5μg「NIG」,a03be36b2a1c
マキサカルシトール製剤,マキサカルシトール静注透析用10μg「トーワ」,3112401A3070,マキサカルシトール製剤|マキサカルシトール静注透析用「トーワ」,10.0μg,注射剤,マキサカルシトール静注透析用2.5μg「トーワ」,667bc383f0b4
マキサカルシトール,マキサカルシトール静注透析用10μg「ニプロ」,3112401A3053,マキサカルシトール|マキサカルシトール静注透析用「ニプロ」,10.0μg,注射剤,マキサカルシトール静注透析用2.5μg「ニプロ」,867dd6040a2b
マキサカルシトール製剤,マキサカルシトール静注透析用5μg「NIG」,3112401A2090,マキサカルシトール製剤|マキサカルシトール静注透析用「NIG」,5.0μg,注射剤,マキサカルシトール静注透析用2.5μg「NIG」,a03be36b2a1c
マキサカルシトール製剤,マキサカルシトール静注透析用5μg「トーワ」,3112401A2073,マキサカルシトール製剤|マキサカルシトール静注透析用「トーワ」,5.0μg,注射剤,マキサカルシトール静注透析用2.5μg「トーワ」,667bc383f0b4
マキサカルシトール,マキサカルシトール静注透析用5μg「ニプロ」,3112401A2057,マキサカルシトール|マキサカルシトール静注透析用「ニプロ」,5.0μg,注射剤,マキサカルシトール静注透析用2.5μg「ニプロ」,867dd6040a2b
マキサカルシトールシリンジ,マキサカルシトール静注透析用シリンジ10μg「イセイ」,3112401G3021,マキサカルシトールシリンジ|マキサカルシトール静注透析用シリンジ「イセイ」,10.0μg,注射剤,マキサカルシトール静注透析用シリンジ2.5μg「イセイ」,0f04c7b3a1ac
マキサカルシトールシリンジ,マキサカルシトール静注透析用シリンジ10μg「フソー」,3112401G3030,マキサカルシトールシリンジ|マキサカルシトール静注透析用シリンジ「フソー」,10.0μg,注射剤,マキサカルシトール静注透析用シリンジ2.5μg「フソー」,9e118ea5c82f
マキサカルシトールシリンジ,マキサカルシトール静注透析用シリンジ5μg「イセイ」,3112401G2025,マキサカルシトールシリンジ|マキサカルシトール静注透析用シリンジ「イセイ」,5.0μg,注射剤,マキサカルシトール静注透析用シリンジ2.5μg「イセイ」,0f04c7b3a1ac
マキサカルシトールシリンジ,マキサカルシトール静注透析用シリンジ5μg「フソー」,3112401G2033,マキサカルシトールシリンジ|マキサカルシトール静注透析用シリンジ「フソー」,5.0μg,注射剤,マキサカルシトール静注透析用シリンジ2.5μg「フソー」,9e118ea5c82f
リザトリプタン安息香酸塩錠・口腔内崩壊錠,マクサルトRPD錠10mg,2160006F2022,リザトリプタン安息香酸塩錠・口腔内崩壊錠|マクサルトRPD錠,10.0mg,錠,,0386f84368b7
クエン酸マグネシウム散,マグコロール散68％分包100g,7213005B2024,クエン酸マグネシウム散|マグコロール散分包,68.0%/100.0g,散剤,マグコロール散68％分包50g,b2cfb8a73455
ガドテル酸メグルミン,マグネスコープ静注38%シリンジ11mL,7290411G4021,ガドテル酸メグルミン|マグネスコープ静注シリンジ,38.0%/11.0ml,注射剤,マグネスコープ静注38%シリンジ10mL,31dd293849d5
ガドテル酸メグルミン,マグネスコープ静注38%シリンジ13mL,7290411G5028,ガドテル酸メグルミン|マグネスコープ静注シリンジ,38.0%/13.0ml,注射剤,マグネスコープ静注38%シリンジ10mL,31dd293849d5
ガドテル酸メグルミン,マグネスコープ静注38%シリンジ15mL,7290411G2037,ガドテル酸メグルミン|マグネスコープ静注シリンジ,38.0%/15.0ml,注射剤,マグネスコープ静注38%シリンジ10mL,31dd293849d5
ガドテル酸メグルミン,マグネスコープ静注38%シリンジ20mL,7290411G3033,ガドテル酸メグルミン|マグネスコープ静注シリンジ,38.0%/20.0ml,注射剤,マグネスコープ静注38%シリンジ10mL,31dd293849d5
酸化マグネシウム製剤,マグミット錠200mg,2344009F3038,酸化マグネシウム製剤|マグミット錠,200.0mg,錠,マグミット錠100mg,844fb103f65a
酸化マグネシウム製剤,マグミット錠250mg,2344009F1035,酸化マグネシウム製剤|マグミット錠,250.0mg,錠,マグミット錠100mg,844fb103f65a
酸化マグネシウム製剤,マグミット錠330mg,2344009F2031,酸化マグネシウム製剤|マグミット錠,330.0mg,錠,マグミット錠100mg,844fb103f65a
酸化マグネシウム製剤,マグミット錠500mg,2344009F4034,酸化マグネシウム製剤|マグミット錠,500.0mg,錠,マグミット錠100mg,844fb103f65a
モリデュスタットナトリウム,マスーレッド錠12.5mg,3999055F2029,モリデュスタットナトリウム|マスーレッド錠,12.5mg,錠,マスーレッド錠5mg,43158a273502
モリデュスタットナトリウム,マスーレッド錠25mg,3999055F3025,モリデュスタットナトリウム|マスーレッド錠,25.0mg,錠,マスーレッド錠5mg,43158a273502
モリデュスタットナトリウム,マスーレッド錠75mg,3999055F4021,モリデュスタットナトリウム|マスーレッド錠,75.0mg,錠,マスーレッド錠5mg,43158a273502
レボドパ・ベンセラジド塩酸塩,マドパー配合錠L100,1169100F1087,レボドパ・ベンセラジド塩酸塩|マドパー配合錠L100,,錠,,a5105b15c5a9
マニジピン塩酸塩錠,マニジピン塩酸塩錠10mg「NIG」,2149027F2213,マニジピン塩酸塩錠|マニジピン塩酸塩錠「NIG」,10.0mg,錠,マニジピン塩酸塩錠5mg「NIG」,03acc301a617
マニジピン塩酸塩,マニジピン塩酸塩錠10mg「サワイ」,2149027F2183,マニジピン塩酸塩|マニジピン塩酸塩錠「サワイ」,10.0mg,錠,マニジピン塩酸塩錠5mg「サワイ」,a2299de63f71
マニジピン塩酸塩錠,マニジピン塩酸塩錠10mg「日医工」,2149027F2159,マニジピン塩酸塩錠|マニジピン塩酸塩錠「日医工」,10.0mg,錠,マニジピン塩酸塩錠5mg「日医工」,38d6f00e44a0
マニジピン塩酸塩錠,マニジピン塩酸塩錠20mg「NIG」,2149027F3210,マニジピン塩酸塩錠|マニジピン塩酸塩錠「NIG」,20.0mg,錠,マニジピン塩酸塩錠5mg「NIG」,03acc301a617
マニジピン塩酸塩,マニジピン塩酸塩錠20mg「サワイ」,2149027F3180,マニジピン塩酸塩|マニジピン塩酸塩錠「サワイ」,20.0mg,錠,マニジピン塩酸塩錠5mg「サワイ」,a2299de63f71
マニジピン塩酸塩錠,マニジピン塩酸塩錠20mg「日医工」,2149027F3155,マニジピン塩酸塩錠|マニジピン塩酸塩錠「日医工」,20.0mg,錠,マニジピン塩酸塩錠5mg「日医工」,38d6f00e44a0
マプロチリン塩酸塩,マプロチリン塩酸塩錠25mg「アメル」,1179008F2070,マプロチリン塩酸塩|マプロチリン塩酸塩錠「アメル」,25.0mg,錠,マプロチリン塩酸塩錠10mg「アメル」,b036190b61d6
アトバコン・プログアニル塩酸塩,マラロン配合錠,6419101F1020,アトバコン・プログアニル塩酸塩|マラロン配合錠,,錠,,8d09261915a8
オマリグリプチン錠,マリゼブ錠25mg,3969025F2029,オマリグリプチン錠|マリゼブ錠,25.0mg,錠,マリゼブ錠12.5mg,79fd279e8160
二糖類・糖質補給剤（10％マルトース注射液）,マルトス輸液10％（500mL）,3233400A4077,二糖類・糖質補給剤（10％マルトース注射液）|マルトス輸液(),10.0%/500.0ml,液剤,マルトス輸液10％（250mL）,2b700027e2f8
マルトース注射液,マルトース輸液10%「フソー」,3233400A4085,マルトース注射液|マルトース輸液「フソー」,10.0%,液剤,マルトース輸液10%「フソー」,c17e1cde0ebd
チルゼパチド注射液,マンジャロ皮下注10mgアテオス,2499422G4023,チルゼパチド注射液|マンジャロ皮下注アテオス,10.0mg,注射剤,マンジャロ皮下注2.5mgアテオス,060eeca5cf87
チルゼパチド注射液,マンジャロ皮下注12.5mgアテオス,2499422G5020,チルゼパチド注射液|マンジャロ皮下注アテオス,12.5mg,注射剤,マンジャロ皮下注2.5mgアテオス,060eeca5cf87
チルゼパチド注射液,マンジャロ皮下注15mgアテオス,2499422G6026,チルゼパチド注射液|マンジャロ皮下注アテオス,15.0mg,注射剤,マンジャロ皮下注2.5mgアテオス,060eeca5cf87
チルゼパチド注射液,マンジャロ皮下注5mgアテオス,2499422G2020,チルゼパチド注射液|マンジャロ皮下注アテオス,5.0mg,注射剤,マンジャロ皮下注2.5mgアテオス,060eeca5cf87
チルゼパチド注射液,マンジャロ皮下注7.5mgアテオス,2499422G3027,チルゼパチド注射液|マンジャロ皮下注アテオス,7.5mg,注射剤,マンジャロ皮下注2.5mgアテオス,060eeca5cf87
ブピバカイン塩酸塩水和物,マーカイン注0.25%,1214403A2022,ブピバカイン塩酸塩水和物|マーカイン注,0.25%,注射剤,マーカイン注0.125%,b173ace28982
ブピバカイン塩酸塩水和物,マーカイン注0.5%,1214403A3029,ブピバカイン塩酸塩水和物|マーカイン注,0.5%,注射剤,マーカイン注0.125%,b173ace28982
ブピバカイン塩酸塩水和物,マーカイン注脊麻用0.5%高比重,1214403A4025,ブピバカイン塩酸塩水和物|マーカイン注脊麻用高比重,0.5%,注射剤,,01f7c6683f2f
アズレンスルホン酸ナトリウム/L-グルタミン配合錠,マーズレン配合錠0.5ES,2329122F2020,アズレンスルホン酸ナトリウム/L-グルタミン配合錠|マーズレン配合錠0.5ES,,錠,,98a52e7f299b
アズレンスルホン酸ナトリウム/L-グルタミン配合錠,マーズレン配合錠1.0ES,2329122F1032,アズレンスルホン酸ナトリウム/L-グルタミン配合錠|マーズレン配合錠1.0ES,,錠,,98a52e7f299b
"デソゲストレル
エチニルエストラジオール",マーベロン28,254910CF2021,"デソゲストレル
エチニルエストラジオール|マーベロン28",,(不明),,2fe2d2ae0c7f
エペリゾン塩酸塩製剤,ミオナール顆粒10%,1249009D1030,エペリゾン塩酸塩製剤|ミオナール顆粒,10.0%,顆粒,,75e57abd95ed
ミカファンギンナトリウム水和物,ミカファンギンNa点滴静注用75mg「サワイ」,6179400D2035,ミカファンギンナトリウム水和物|ミカファンギンNa点滴静注用「サワイ」,75.0mg,注射剤,ミカファンギンNa点滴静注用50mg「サワイ」,e86be6377a6d
注射用ミカファンギンナトリウム,ミカファンギンNa点滴静注用75mg「トーワ」,6179400D2078,注射用ミカファンギンナトリウム|ミカファンギンNa点滴静注用「トーワ」,75.0mg,注射剤,ミカファンギンNa点滴静注用50mg「トーワ」,00ee7fea9d34
注射用ミカファンギンナトリウム,ミカファンギンNa点滴静注用75mg「ニプロ」,6179400D2043,注射用ミカファンギンナトリウム|ミカファンギンNa点滴静注用「ニプロ」,75.0mg,注射剤,ミカファンギンNa点滴静注用50mg「ニプロ」,7dfbf1f197bc
ミカファンギンナトリウム,ミカファンギンNa点滴静注用75mg「明治」,6179400D2051,ミカファンギンナトリウム|ミカファンギンNa点滴静注用「明治」,75.0mg,注射剤,ミカファンギンNa点滴静注用50mg「明治」,1ade5793f91a
"テルミサルタン
アムロジピンベシル酸塩",ミカムロ配合錠BP,2149117F2021,"テルミサルタン
アムロジピンベシル酸塩|ミカムロ配合錠BP",,錠,,1114a48c8061
テルミサルタン,ミカルディス錠40mg,2149042F2021,テルミサルタン|ミカルディス錠,40.0mg,錠,ミカルディス錠20mg,9ce56c992e08
テルミサルタン,ミカルディス錠80mg,2149042F3028,テルミサルタン|ミカルディス錠,80.0mg,錠,ミカルディス錠20mg,9ce56c992e08
高カロリー輸液用アミノ酸・糖・脂肪・電解質液,ミキシッドH輸液,3259522G1039,高カロリー輸液用アミノ酸・糖・脂肪・電解質液|ミキシッドH輸液,,液剤,,2a2f4e5cc677
ミグリトール,ミグリトールOD錠50mg「サワイ」,3969009F4030,ミグリトール|ミグリトールOD錠「サワイ」,50.0mg,OD錠,ミグリトールOD錠25mg「サワイ」,b2d7afe75976
ミグリトール口腔内崩壊錠,ミグリトールOD錠50mg「トーワ」,3969009F4049,ミグリトール口腔内崩壊錠|ミグリトールOD錠「トーワ」,50.0mg,OD錠,ミグリトールOD錠25mg「トーワ」,278364ad0ea8
ミグリトール,ミグリトールOD錠75mg「サワイ」,3969009F5037,ミグリトール|ミグリトールOD錠「サワイ」,75.0mg,OD錠,ミグリトールOD錠25mg「サワイ」,b2d7afe75976
ミグリトール口腔内崩壊錠,ミグリトールOD錠75mg「トーワ」,3969009F5045,ミグリトール口腔内崩壊錠|ミグリトールOD錠「トーワ」,75.0mg,OD錠,ミグリトールOD錠25mg「トーワ」,278364ad0ea8
ミグリトール錠,ミグリトール錠50mg「JG」,3969009F2046,ミグリトール錠|ミグリトール錠「JG」,50.0mg,錠,ミグリトール錠25mg「JG」,20e72d867951
ミグリトール錠,ミグリトール錠50mg「トーワ」,3969009F2038,ミグリトール錠|ミグリトール錠「トーワ」,50.0mg,錠,ミグリトール錠25mg「トーワ」,dd411abbd349
ミグリトール錠,ミグリトール錠75mg「JG」,3969009F3042,ミグリトール錠|ミグリトール錠「JG」,75.0mg,錠,ミグリトール錠25mg「JG」,20e72d867951
ミグリトール錠,ミグリトール錠75mg「トーワ」,3969009F3034,ミグリトール錠|ミグリトール錠「トーワ」,75.0mg,錠,ミグリトール錠25mg「トーワ」,dd411abbd349
カルテオロール塩酸塩持続性点眼液,ミケランLA点眼液2％,1319701Q4020,カルテオロール塩酸塩持続性点眼液|ミケランLA点眼液,2.0%,点眼剤,ミケランLA点眼液1％,f64763b5b742
カルテオロール塩酸塩点眼液,ミケラン点眼液2％,1319701Q2028,カルテオロール塩酸塩点眼液|ミケラン点眼液,2.0%,点眼剤,ミケラン点眼液1％,af18f059ac47
テルミサルタンヒドロクロロチアジド,ミコンビ配合錠BP,2149113F2023,テルミサルタンヒドロクロロチアジド|ミコンビ配合錠BP,,錠,,a83b4892137f
ミゾリビン,ミゾリビン錠50mg「サワイ」,3999002F2035,ミゾリビン|ミゾリビン錠「サワイ」,50.0mg,錠,ミゾリビン錠25mg「サワイ」,51a04804cc3f
ミチグリニドカルシウム水和物口腔内崩壊錠,ミチグリニドCa・OD錠10mg「JG」,3969008F4044,ミチグリニドカルシウム水和物口腔内崩壊錠|ミチグリニドCa・OD錠「JG」,10.0mg,OD錠,ミチグリニドCa・OD錠5mg「JG」,3d17a004eefc
ミチグリニドカルシウム水和物,ミチグリニドCa・OD錠10mg「SN」,3969008F4087,ミチグリニドカルシウム水和物|ミチグリニドCa・OD錠「SN」,10.0mg,OD錠,ミチグリニドCa・OD錠5mg「SN」,6d5c641a95fc
ミチグリニドカルシウム水和物口腔内崩壊錠,ミチグリニドCa・OD錠10mg「TCK」,3969008F4052,ミチグリニドカルシウム水和物口腔内崩壊錠|ミチグリニドCa・OD錠「TCK」,10.0mg,OD錠,ミチグリニドCa・OD錠5mg「TCK」,fe0a70c5a862
ミチグリニドカルシウム水和物,ミチグリニドCa・OD錠10mg「フソー」,3969008F4079,ミチグリニドカルシウム水和物|ミチグリニドCa・OD錠「フソー」,10.0mg,OD錠,ミチグリニドCa・OD錠5mg「フソー」,80624ebc3d8c
ミチグリニドカルシウム水和物,ミチグリニドCa・OD錠10mg「三和」,3969008F4060,ミチグリニドカルシウム水和物|ミチグリニドCa・OD錠「三和」,10.0mg,OD錠,ミチグリニドCa・OD錠5mg「三和」,ceaa2ce3507a
-,ミッドペリック135腹膜透析液1.5L,3420412A1049,-|ミッドペリック135腹膜透析液,1.5l,液剤,ミッドペリック135腹膜透析液1L,b46134134206
-,ミッドペリック135腹膜透析液1.5L（排液用バッグ付）,3420412A6040,-|ミッドペリック135腹膜透析液(排液用バッグ付),1.5l,液剤,,b46134134206
-,ミッドペリック135腹膜透析液1L（排液用バッグ付）,3420412A5044,-|ミッドペリック135腹膜透析液(排液用バッグ付),1.0l,液剤,,b46134134206
-,ミッドペリック135腹膜透析液2L,3420412A2045,-|ミッドペリック135腹膜透析液,2.0l,液剤,ミッドペリック135腹膜透析液1L,b46134134206
-,ミッドペリック135腹膜透析液2L（排液用バッグ付）,3420412A7047,-|ミッドペリック135腹膜透析液(排液用バッグ付),2.0l,液剤,,b46134134206
-,ミッドペリック250腹膜透析液1.5L,3420413A1043,-|ミッドペリック250腹膜透析液,1.5l,液剤,,b46134134206
-,ミッドペリック250腹膜透析液1.5L（排液用バッグ付）,3420413A6045,-|ミッドペリック250腹膜透析液(排液用バッグ付),1.5l,液剤,,b46134134206
-,ミッドペリック250腹膜透析液1L（排液用バッグ付）,3420413A5049,-|ミッドペリック250腹膜透析液(排液用バッグ付),1.0l,液剤,,b46134134206
-,ミッドペリック250腹膜透析液2L,3420413A2040,-|ミッドペリック250腹膜透析液,2.0l,液剤,,b46134134206
-,ミッドペリック250腹膜透析液2L（排液用バッグ付）,3420413A7041,-|ミッドペリック250腹膜透析液(排液用バッグ付),2.0l,液剤,,b46134134206
-,ミッドペリック400腹膜透析液2L,3420414A2044,-|ミッドペリック400腹膜透析液,2.0l,液剤,,b46134134206
-,ミッドペリック400腹膜透析液2L（排液用バッグ付）,3420414A7046,-|ミッドペリック400腹膜透析液(排液用バッグ付),2.0l,液剤,,b46134134206
-,ミッドペリックL135腹膜透析液1.5L,3420429A3047,-|ミッドペリックL135腹膜透析液,1.5l,液剤,ミッドペリックL135腹膜透析液1L,4d7fe87cfaab
-,ミッドペリックL135腹膜透析液1.5L（排液用バッグ付）,3420429A4043,-|ミッドペリックL135腹膜透析液(排液用バッグ付),1.5l,液剤,,4d7fe87cfaab
-,ミッドペリックL135腹膜透析液1L（排液用バッグ付）,3420429A2040,-|ミッドペリックL135腹膜透析液(排液用バッグ付),1.0l,液剤,,4d7fe87cfaab
-,ミッドペリックL135腹膜透析液2.5L,3420429H1034,-|ミッドペリックL135腹膜透析液,2.5l,液剤,ミッドペリックL135腹膜透析液1L,4d7fe87cfaab
-,ミッドペリックL135腹膜透析液2.5L（排液用バッグ付）,3420429A7042,-|ミッドペリックL135腹膜透析液(排液用バッグ付),2.5l,液剤,,4d7fe87cfaab
-,ミッドペリックL135腹膜透析液2L,3420429A5040,-|ミッドペリックL135腹膜透析液,2.0l,液剤,ミッドペリックL135腹膜透析液1L,4d7fe87cfaab
-,ミッドペリックL135腹膜透析液2L（排液用バッグ付）,3420429A6046,-|ミッドペリックL135腹膜透析液(排液用バッグ付),2.0l,液剤,,4d7fe87cfaab
-,ミッドペリックL250腹膜透析液1.5L,3420430A3040,-|ミッドペリックL250腹膜透析液,1.5l,液剤,,4d7fe87cfaab
-,ミッドペリックL250腹膜透析液1.5L（排液用バッグ付）,3420430A4046,-|ミッドペリックL250腹膜透析液(排液用バッグ付),1.5l,液剤,,4d7fe87cfaab
-,ミッドペリックL250腹膜透析液1L,3420430A1047,-|ミッドペリックL250腹膜透析液,1.0l,液剤,,4d7fe87cfaab
-,ミッドペリックL250腹膜透析液1L（排液用バッグ付）,3420430A2043,-|ミッドペリックL250腹膜透析液(排液用バッグ付),1.0l,液剤,,4d7fe87cfaab
-,ミッドペリックL250腹膜透析液2.5L,3420430H1037,-|ミッドペリックL250腹膜透析液,2.5l,液剤,,4d7fe87cfaab
-,ミッドペリックL250腹膜透析液2.5L（排液用バッグ付）,3420430A7045,-|ミッドペリックL250腹膜透析液(排液用バッグ付),2.5l,液剤,,4d7fe87cfaab
-,ミッドペリックL250腹膜透析液2L,3420430A5042,-|ミッドペリックL250腹膜透析液,2.0l,液剤,,4d7fe87cfaab
-,ミッドペリックL250腹膜透析液2L（排液用バッグ付）,3420430A6049,-|ミッドペリックL250腹膜透析液(排液用バッグ付),2.0l,液剤,,4d7fe87cfaab
-,ミッドペリックL400腹膜透析液1L（排液用バッグ付）,3420431A2048,-|ミッドペリックL400腹膜透析液(排液用バッグ付),1.0l,液剤,,4d7fe87cfaab
-,ミッドペリックL400腹膜透析液2L,3420431A5047,-|ミッドペリックL400腹膜透析液,2.0l,液剤,,4d7fe87cfaab
-,ミッドペリックL400腹膜透析液2L（排液用バッグ付）,3420431A6043,-|ミッドペリックL400腹膜透析液(排液用バッグ付),2.0l,液剤,,4d7fe87cfaab
-,"ミティキュアダニ舌下錠10,000JAU",4490031F2025,"-|ミティキュアダニ舌下錠10,000JAU",,錠,,3026a79d3004
プラゾシン塩酸塩,ミニプレス錠1mg,2149002F2159,プラゾシン塩酸塩|ミニプレス錠,1.0mg,錠,ミニプレス錠0.5mg,b1dfd6aa6c9f
デスモプレシン酢酸塩水和物,ミニリンメルトOD錠120µg,2419001F1023,デスモプレシン酢酸塩水和物|ミニリンメルトOD錠,120.0μg,OD錠,ミニリンメルトOD錠25µg; ミニリンメルトOD錠60µg,ef995aee06ff
デスモプレシン酢酸塩水和物,ミニリンメルトOD錠240µg,2419001F2020,デスモプレシン酢酸塩水和物|ミニリンメルトOD錠,240.0μg,OD錠,ミニリンメルトOD錠25µg; ミニリンメルトOD錠60µg,ef995aee06ff
デスモプレシン酢酸塩水和物,ミニリンメルトOD錠50µg,2419001F5029,デスモプレシン酢酸塩水和物|ミニリンメルトOD錠,50.0μg,OD錠,ミニリンメルトOD錠25µg; ミニリンメルトOD錠60µg,6686181abd97
エサキセレノン製剤,ミネブロOD錠1.25mg,2149049F4026,エサキセレノン製剤|ミネブロOD錠,1.25mg,OD錠,,d24ec7b28103
エサキセレノン製剤,ミネブロOD錠2.5mg,2149049F5022,エサキセレノン製剤|ミネブロOD錠,2.5mg,OD錠,,d24ec7b28103
エサキセレノン製剤,ミネブロOD錠5mg,2149049F6029,エサキセレノン製剤|ミネブロOD錠,5.0mg,OD錠,,d24ec7b28103
エサキセレノン製剤,ミネブロ錠2.5mg,2149049F2023,エサキセレノン製剤|ミネブロ錠,2.5mg,錠,ミネブロ錠1.25mg,d24ec7b28103
エサキセレノン製剤,ミネブロ錠5mg,2149049F3020,エサキセレノン製剤|ミネブロ錠,5.0mg,錠,ミネブロ錠1.25mg,d24ec7b28103
ミノサイクリン塩酸塩,ミノサイクリン塩酸塩錠100mg「サワイ」,6152005F2113,ミノサイクリン塩酸塩|ミノサイクリン塩酸塩錠「サワイ」,100.0mg,錠,ミノサイクリン塩酸塩錠50mg「サワイ」,04c66a5ffb02
ミノサイクリン塩酸塩錠,ミノサイクリン塩酸塩錠100mg「トーワ」,6152005F2121,ミノサイクリン塩酸塩錠|ミノサイクリン塩酸塩錠「トーワ」,100.0mg,錠,ミノサイクリン塩酸塩錠50mg「トーワ」,c55c9d5d6a84
ミノサイクリン塩酸塩,ミノマイシンカプセル100mg,6152005M2074,ミノサイクリン塩酸塩|ミノマイシンカプセル,100.0mg,カプセル,ミノマイシンカプセル50mg,f57e8abfbc0d
酪酸菌,ミヤBM錠,2316009F1022,酪酸菌|ミヤBM錠,,錠,,fc1d91c2a07d
ウリナスタチン,ミラクリッド注射液10万単位,3999405A3073,ウリナスタチン|ミラクリッド注射液10万単位,,注射剤,,a176a22f85d0
プラミペキソール塩酸塩水和物,ミラペックスLA錠1.5mg,1169012G2024,プラミペキソール塩酸塩水和物|ミラペックスLA錠,1.5mg,錠,ミラペックスLA錠0.375mg,d8f66bcadae1
ニトログリセリン注射液,ミリスロール注25mg/50mL,2171403A3040,ニトログリセリン注射液|ミリスロール注/,25.0mg/50.0ml,注射剤,ミリスロール注1mg/2mL,354db6176107
ニトログリセリン注射液,ミリスロール注50mg/100mL,2171403A4055,ニトログリセリン注射液|ミリスロール注/,50.0mg/100.0ml,注射剤,ミリスロール注1mg/2mL,354db6176107
ニトログリセリン注射液,ミリスロール注5mg/10mL,2171403A2052,ニトログリセリン注射液|ミリスロール注/,5.0mg/10.0ml,注射剤,ミリスロール注1mg/2mL,354db6176107
エポエチン　ベータ　ペゴル（遺伝子組換え）,ミルセラ注シリンジ100μg,3999432G4029,エポエチン　ベータ　ペゴル（遺伝子組換え）|ミルセラ注シリンジ,100.0μg,注射剤,ミルセラ注シリンジ12.5μg,60d1c489ce2b
エポエチン　ベータ　ペゴル（遺伝子組換え）,ミルセラ注シリンジ150μg,3999432G5025,エポエチン　ベータ　ペゴル（遺伝子組換え）|ミルセラ注シリンジ,150.0μg,注射剤,ミルセラ注シリンジ12.5μg,60d1c489ce2b
エポエチン　ベータ　ペゴル（遺伝子組換え）,ミルセラ注シリンジ200μg,3999432G6021,エポエチン　ベータ　ペゴル（遺伝子組換え）|ミルセラ注シリンジ,200.0μg,注射剤,ミルセラ注シリンジ12.5μg,60d1c489ce2b
エポエチン　ベータ　ペゴル（遺伝子組換え）,ミルセラ注シリンジ250μg,3999432G7028,エポエチン　ベータ　ペゴル（遺伝子組換え）|ミルセラ注シリンジ,250.0μg,注射剤,ミルセラ注シリンジ12.5μg,60d1c489ce2b
エポエチン　ベータ　ペゴル（遺伝子組換え）,ミルセラ注シリンジ25μg,3999432G1020,エポエチン　ベータ　ペゴル（遺伝子組換え）|ミルセラ注シリンジ,25.0μg,注射剤,ミルセラ注シリンジ12.5μg,60d1c489ce2b
エポエチン　ベータ　ペゴル（遺伝子組換え）,ミルセラ注シリンジ50μg,3999432G2026,エポエチン　ベータ　ペゴル（遺伝子組換え）|ミルセラ注シリンジ,50.0μg,注射剤,ミルセラ注シリンジ12.5μg,60d1c489ce2b
エポエチン　ベータ　ペゴル（遺伝子組換え）,ミルセラ注シリンジ75μg,3999432G3022,エポエチン　ベータ　ペゴル（遺伝子組換え）|ミルセラ注シリンジ,75.0μg,注射剤,ミルセラ注シリンジ12.5μg,60d1c489ce2b
ミルタザピン,ミルタザピンOD錠15mg「サワイ」,1179051F3048,ミルタザピン|ミルタザピンOD錠「サワイ」,15.0mg,OD錠,,764acd136681
ミルタザピン錠/口腔内崩壊錠,ミルタザピンOD錠15mg「トーワ」,1179051F3056,ミルタザピン錠/口腔内崩壊錠|ミルタザピンOD錠「トーワ」,15.0mg,OD錠,,389e939a8b92
ミルタザピン口腔内崩壊錠,ミルタザピンOD錠30mg「DSEP」,1179051F4028,ミルタザピン口腔内崩壊錠|ミルタザピンOD錠「DSEP」,30.0mg,OD錠,ミルタザピンOD錠15mg「DSEP」,23da1e181172
ミルタザピン,ミルタザピンOD錠30mg「アメル」,1179051F4036,ミルタザピン|ミルタザピンOD錠「アメル」,30.0mg,OD錠,ミルタザピンOD錠15mg「アメル」,991d7038eab7
ミルタザピン,ミルタザピンOD錠30mg「サワイ」,1179051F4044,ミルタザピン|ミルタザピンOD錠「サワイ」,30.0mg,OD錠,,764acd136681
ミルタザピン錠/口腔内崩壊錠,ミルタザピンOD錠30mg「トーワ」,1179051F4052,ミルタザピン錠/口腔内崩壊錠|ミルタザピンOD錠「トーワ」,30.0mg,OD錠,,389e939a8b92
ミルタザピン口腔内崩壊錠,ミルタザピンOD錠30mg「ニプロ」,1179051F4060,ミルタザピン口腔内崩壊錠|ミルタザピンOD錠「ニプロ」,30.0mg,OD錠,ミルタザピンOD錠15mg「ニプロ」,64a14c2707a3
ミルタザピン,ミルタザピン錠30mg「EE」,1179051F2041,ミルタザピン|ミルタザピン錠「EE」,30.0mg,錠,ミルタザピン錠15mg「EE」,f7408f11a8a2
ミルタザピン,ミルタザピン錠30mg「JG」,1179051F2050,ミルタザピン|ミルタザピン錠「JG」,30.0mg,錠,ミルタザピン錠15mg「JG」,4aa4aec6bdee
ミルタザピン,ミルタザピン錠30mg「KMP」,1179051F2220,ミルタザピン|ミルタザピン錠「KMP」,30.0mg,錠,ミルタザピン錠15mg「KMP」,2c05b72f18ff
ミルタザピン錠,ミルタザピン錠30mg「TCK」,1179051F2068,ミルタザピン錠|ミルタザピン錠「TCK」,30.0mg,錠,ミルタザピン錠15mg「TCK」,a8be9296178a
ミルタザピン,ミルタザピン錠30mg「VTRS」,1179051F2211,ミルタザピン|ミルタザピン錠「VTRS」,30.0mg,錠,ミルタザピン錠15mg「VTRS」,0b58526d3f80
ミルタザピン錠,ミルタザピン錠30mg「YD」,1179051F2076,ミルタザピン錠|ミルタザピン錠「YD」,30.0mg,錠,ミルタザピン錠15mg「YD」,25d13ecea7e8
ミルタザピン,ミルタザピン錠30mg「ケミファ」,1179051F2114,ミルタザピン|ミルタザピン錠「ケミファ」,30.0mg,錠,ミルタザピン錠15mg「ケミファ」,cb23f1b3b0a2
ミルタザピン,ミルタザピン錠30mg「サワイ」,1179051F2122,ミルタザピン|ミルタザピン錠「サワイ」,30.0mg,錠,ミルタザピン錠15mg「サワイ」,764acd136681
ミルタザピン錠/口腔内崩壊錠,ミルタザピン錠30mg「トーワ」,1179051F2149,ミルタザピン錠/口腔内崩壊錠|ミルタザピン錠「トーワ」,30.0mg,錠,ミルタザピン錠15mg「トーワ」,389e939a8b92
ミルタザピン錠,ミルタザピン錠30mg「ニプロ」,1179051F2173,ミルタザピン錠|ミルタザピン錠「ニプロ」,30.0mg,錠,ミルタザピン錠15mg「ニプロ」,c83f7a3fa210
ミルタザピン,ミルタザピン錠30mg「フェルゼン」,1179051F2190,ミルタザピン|ミルタザピン錠「フェルゼン」,30.0mg,錠,ミルタザピン錠15mg「フェルゼン」,10074f4e8559
ミルタザピン,ミルタザピン錠30mg「共創未来」,1179051F2092,ミルタザピン|ミルタザピン錠「共創未来」,30.0mg,錠,ミルタザピン錠15mg「共創未来」,8ca552f54481
ミルタザピン,ミルタザピン錠30mg「日新」,1179051F2165,ミルタザピン|ミルタザピン錠「日新」,30.0mg,錠,ミルタザピン錠15mg「日新」,f04901f09a45
ミルタザピン,ミルタザピン錠30mg「明治」,1179051F2203,ミルタザピン|ミルタザピン錠「明治」,30.0mg,錠,ミルタザピン錠15mg「明治」,fbe97fea079e
ミルタザピン,ミルタザピン錠30mg「杏林」,1179051F2106,ミルタザピン|ミルタザピン錠「杏林」,30.0mg,錠,ミルタザピン錠15mg「杏林」,9fd888eebef9
ミルナシプラン塩酸塩錠,ミルナシプラン塩酸塩錠15mg「NP」,1179040F1055,ミルナシプラン塩酸塩錠|ミルナシプラン塩酸塩錠「NP」,15.0mg,錠,ミルナシプラン塩酸塩錠12.5mg「NP」,3c7d11d4ff59
ミルナシプラン塩酸塩,ミルナシプラン塩酸塩錠15mg「アメル」,1179040F1080,ミルナシプラン塩酸塩|ミルナシプラン塩酸塩錠「アメル」,15.0mg,錠,ミルナシプラン塩酸塩錠12.5mg「アメル」,7689962529f4
ミルナシプラン塩酸塩,ミルナシプラン塩酸塩錠15mg「サワイ」,1179040F1098,ミルナシプラン塩酸塩|ミルナシプラン塩酸塩錠「サワイ」,15.0mg,錠,ミルナシプラン塩酸塩錠12.5mg「サワイ」,a398a2ea2852
ミルナシプラン塩酸塩錠,ミルナシプラン塩酸塩錠25mg「NP」,1179040F2051,ミルナシプラン塩酸塩錠|ミルナシプラン塩酸塩錠「NP」,25.0mg,錠,ミルナシプラン塩酸塩錠12.5mg「NP」,3c7d11d4ff59
ミルナシプラン塩酸塩,ミルナシプラン塩酸塩錠25mg「アメル」,1179040F2086,ミルナシプラン塩酸塩|ミルナシプラン塩酸塩錠「アメル」,25.0mg,錠,ミルナシプラン塩酸塩錠12.5mg「アメル」,7689962529f4
ミルナシプラン塩酸塩,ミルナシプラン塩酸塩錠25mg「サワイ」,1179040F2094,ミルナシプラン塩酸塩|ミルナシプラン塩酸塩錠「サワイ」,25.0mg,錠,ミルナシプラン塩酸塩錠12.5mg「サワイ」,a398a2ea2852
ミルナシプラン塩酸塩錠,ミルナシプラン塩酸塩錠50mg「NP」,1179040F4097,ミルナシプラン塩酸塩錠|ミルナシプラン塩酸塩錠「NP」,50.0mg,錠,ミルナシプラン塩酸塩錠12.5mg「NP」,3c7d11d4ff59
ミルナシプラン塩酸塩,ミルナシプラン塩酸塩錠50mg「アメル」,1179040F4062,ミルナシプラン塩酸塩|ミルナシプラン塩酸塩錠「アメル」,50.0mg,錠,ミルナシプラン塩酸塩錠12.5mg「アメル」,7689962529f4
ミルナシプラン塩酸塩,ミルナシプラン塩酸塩錠50mg「サワイ」,1179040F4038,ミルナシプラン塩酸塩|ミルナシプラン塩酸塩錠「サワイ」,50.0mg,錠,ミルナシプラン塩酸塩錠12.5mg「サワイ」,a398a2ea2852
L-カルボシステイン,ムコダイン錠500mg,2233002F2022,L-カルボシステイン|ムコダイン錠,500.0mg,錠,ムコダイン錠250mg,ce60dbd7a354
ロフラゼプ酸エチル,メイラックス錠2mg,1124029F2022,ロフラゼプ酸エチル|メイラックス錠,2.0mg,錠,メイラックス錠1mg,db58396fdbbd
炭酸水素ナトリウム注射液,メイロン静注7%（250mLバッグ）,3929400H2035,炭酸水素ナトリウム注射液|メイロン静注(バッグ),7.0%/250.0ml,注射剤,,fd0274667ffb
炭酸水素ナトリウム注射液,メイロン静注8.4%（250mLバッグ）,3929400H3031,炭酸水素ナトリウム注射液|メイロン静注(バッグ),8.4%/250.0ml,注射剤,,089c2800e085
ビソプロロールフマル酸塩錠,メインテート錠2.5mg,2123016F1107,ビソプロロールフマル酸塩錠|メインテート錠,2.5mg,錠,メインテート錠0.625mg,15b639911259
ビソプロロールフマル酸塩錠,メインテート錠5mg,2123016F2189,ビソプロロールフマル酸塩錠|メインテート錠,5.0mg,錠,メインテート錠0.625mg,15b639911259
メキシレチン塩酸塩,メキシチールカプセル100mg,2129003M2028,メキシレチン塩酸塩|メキシチールカプセル,100.0mg,カプセル,メキシチールカプセル50mg,65d4e2e7c20f
メキシレチン塩酸塩,メキシレチン塩酸塩カプセル100mg「サワイ」,2129003M2192,メキシレチン塩酸塩|メキシレチン塩酸塩カプセル「サワイ」,100.0mg,カプセル,メキシレチン塩酸塩カプセル50mg「サワイ」,ba86ece92919
メキシレチン塩酸塩カプセル,メキシレチン塩酸塩カプセル100mg「トーワ」,2129003M2222,メキシレチン塩酸塩カプセル|メキシレチン塩酸塩カプセル「トーワ」,100.0mg,カプセル,メキシレチン塩酸塩カプセル50mg「トーワ」,7cf591af21a1
メキシレチン塩酸塩,メキシレチン塩酸塩錠100mg「KCC」,2129003F2053,メキシレチン塩酸塩|メキシレチン塩酸塩錠「KCC」,100.0mg,錠,メキシレチン塩酸塩錠50mg「KCC」,9c863baee9c4
メキシレチン塩酸塩,メキシレチン塩酸塩錠100mg「杏林」,2129003F2045,メキシレチン塩酸塩|メキシレチン塩酸塩錠「杏林」,100.0mg,錠,メキシレチン塩酸塩錠50mg「杏林」,a6bce138f03d
トラメチニブ　ジメチルスルホキシド付加物,メキニスト小児用ドライシロップ4.7mg,4291047R1022,トラメチニブ　ジメチルスルホキシド付加物|メキニスト小児用ドライシロップ,4.7mg,ドライシロップ,,a5aaa4f2a88c
トラメチニブ　ジメチルスルホキシド付加物,メキニスト錠2mg,4291047F2022,トラメチニブ　ジメチルスルホキシド付加物|メキニスト錠,2.0mg,錠,メキニスト錠0.5mg,a5aaa4f2a88c
メコバラミン錠,メコバラミン錠500μg「JG」,3136004F2243,メコバラミン錠|メコバラミン錠「JG」,500.0μg,錠,メコバラミン錠250μg「JG」,7edec842fa99
メコバラミン,メコバラミン錠500μg「日医工」,3136004F2308,メコバラミン|メコバラミン錠「日医工」,500.0μg,錠,メコバラミン錠250μg「日医工」,79ca57b8ebce
デキサメタゾンプロピオン酸エステルクリーム・軟膏・ローション,メサデルムローション0.1％,2646726Q1046,デキサメタゾンプロピオン酸エステルクリーム・軟膏・ローション|メサデルムローション,0.1%,ローション,,3379c944eda1
デキサメタゾンプロピオン酸エステルクリーム・軟膏・ローション,メサデルム軟膏0.1％,2646726M1095,デキサメタゾンプロピオン酸エステルクリーム・軟膏・ローション|メサデルム軟膏,0.1%,軟膏,,3379c944eda1
メサドン塩酸塩錠,メサペイン錠10mg,8219002F2020,メサドン塩酸塩錠|メサペイン錠,10.0mg,錠,メサペイン錠5mg,f27d6b632940
メサラジン徐放錠,メサラジン徐放錠500mg「トーワ」,2399009F2188,メサラジン徐放錠|メサラジン徐放錠「トーワ」,500.0mg,錠,メサラジン徐放錠250mg「トーワ」,1e92cfcd6a96
メサラジン,メサラジン徐放錠500mg「日医工P」,2399009F2170,メサラジン|メサラジン徐放錠「日医工P」,500.0mg,錠,メサラジン徐放錠250mg「日医工P」,cb93069b94b6
メサラジン,メサラジン錠500mg「ケミファ」,2399009F2064,メサラジン|メサラジン錠「ケミファ」,500.0mg,錠,メサラジン錠250mg「ケミファ」,7aec6efa1424
デキストロメトルファン臭化水素酸塩水和物,メジコン散10%,2223001B1210,デキストロメトルファン臭化水素酸塩水和物|メジコン散,10.0%,散剤,,4845a7ee9e32
メトトレキサート,メソトレキセート点滴静注液1000mg,4222400A2024,メトトレキサート|メソトレキセート点滴静注液,1000.0mg,注射剤,メソトレキセート点滴静注液200mg,7a66cf4cb2d6
ピオグリタゾン塩酸塩・メトホルミン塩酸塩錠,メタクト配合錠HD,3969100F2027,ピオグリタゾン塩酸塩・メトホルミン塩酸塩錠|メタクト配合錠HD,,錠,,01f8aac3a119
チアミン塩化物塩酸塩注射液,メタボリンG注射液20mg,3121400A3120,チアミン塩化物塩酸塩注射液|メタボリンG注射液,20.0mg,注射剤,メタボリンG注射液10mg,f6ec6fe45a99
ペニシラミン製剤,メタルカプターゼカプセル100mg,3929001M2035,ペニシラミン製剤|メタルカプターゼカプセル,100.0mg,カプセル,メタルカプターゼカプセル200mg; メタルカプターゼカプセル50mg,a322cb9ea252
メダゼパム,メダゼパム錠5（ツルハラ）,1124021F2123,メダゼパム|メダゼパム錠5(ツルハラ),,錠,,38d085c139f3
メコバラミン,メチコバール細粒0.1%,3136004C1038,メコバラミン|メチコバール細粒,0.1%,(不明),,da1b08e76178
メコバラミン,メチコバール錠500μg,3136004F2138,メコバラミン|メチコバール錠,500.0μg,錠,メチコバール錠250μg,da1b08e76178
メチルジゴキシン錠,メチルジゴキシン錠0.1mg「NIG」,2113005F1056,メチルジゴキシン錠|メチルジゴキシン錠「NIG」,0.1mg,錠,メチルジゴキシン錠0.05mg「NIG」,403373cdaf90
メチルドパ錠,メチルドパ錠（ツルハラ）250,2145001F2210,メチルドパ錠|メチルドパ錠(ツルハラ)250,,錠,,0c8b312bdc02
アナグリプチン/メトホルミン塩酸塩配合錠,メトアナ配合錠HD,3969109F2028,アナグリプチン/メトホルミン塩酸塩配合錠|メトアナ配合錠HD,,錠,,e87f2ab88424
メトホルミン塩酸塩,メトグルコ錠500mg,3962002F3023,メトホルミン塩酸塩|メトグルコ錠,500.0mg,錠,メトグルコ錠250mg,544d151539df
メトトレキサート（Methotrexate）,メトジェクト皮下注10mgシリンジ0.20mL,3999468G2024,メトトレキサート（Methotrexate）|メトジェクト皮下注シリンジ,10.0mg/0.2ml,注射剤,メトジェクト皮下注7.5mgシリンジ0.15mL,8de8d2f0522a
メトトレキサート（Methotrexate）,メトジェクト皮下注10mgペン0.20mL,3999468G6020,メトトレキサート（Methotrexate）|メトジェクト皮下注ペン,10.0mg/0.2ml,注射剤,,8de8d2f0522a
メトトレキサート（Methotrexate）,メトジェクト皮下注12.5mgシリンジ0.25mL,3999468G3020,メトトレキサート（Methotrexate）|メトジェクト皮下注シリンジ,12.5mg/0.25ml,注射剤,メトジェクト皮下注7.5mgシリンジ0.15mL,8de8d2f0522a
メトトレキサート（Methotrexate）,メトジェクト皮下注12.5mgペン0.25mL,3999468G7026,メトトレキサート（Methotrexate）|メトジェクト皮下注ペン,12.5mg/0.25ml,注射剤,,8de8d2f0522a
メトトレキサート（Methotrexate）,メトジェクト皮下注15mgシリンジ0.30mL,3999468G4027,メトトレキサート（Methotrexate）|メトジェクト皮下注シリンジ,15.0mg/0.3ml,注射剤,メトジェクト皮下注7.5mgシリンジ0.15mL,8de8d2f0522a
メトトレキサート（Methotrexate）,メトジェクト皮下注15mgペン0.30mL,3999468G8022,メトトレキサート（Methotrexate）|メトジェクト皮下注ペン,15.0mg/0.3ml,注射剤,,8de8d2f0522a
メトトレキサート（Methotrexate）,メトジェクト皮下注7.5mgペン0.15mL,3999468G5023,メトトレキサート（Methotrexate）|メトジェクト皮下注ペン,7.5mg/0.15ml,注射剤,,8de8d2f0522a
メトトレキサートカプセル/錠,メトトレキサート錠2mg「トーワ」,3999016F1049,メトトレキサートカプセル/錠|メトトレキサート錠「トーワ」,2.0mg,錠,,567f7b73c4b0
メトトレキサート錠,メトトレキサート錠2mg「日本臓器」,3999016F1081,メトトレキサート錠|メトトレキサート錠「日本臓器」,2.0mg,錠,メトトレキサート錠1mg「日本臓器」,b5592812490a
メトプロロール酒石酸塩,メトプロロール酒石酸塩錠40mg「NIG」,2149010F2277,メトプロロール酒石酸塩|メトプロロール酒石酸塩錠「NIG」,40.0mg,錠,メトプロロール酒石酸塩錠20mg「NIG」,5f40461f6c61
メトプロロール酒石酸塩,メトプロロール酒石酸塩錠40mg「サワイ」,2149010F2226,メトプロロール酒石酸塩|メトプロロール酒石酸塩錠「サワイ」,40.0mg,錠,メトプロロール酒石酸塩錠20mg「サワイ」,a93613434c64
メトプロロール酒石酸塩錠,メトプロロール酒石酸塩錠40mg「トーワ」,2149010F2242,メトプロロール酒石酸塩錠|メトプロロール酒石酸塩錠「トーワ」,40.0mg,錠,メトプロロール酒石酸塩錠20mg「トーワ」,4e00a174b724
メトホルミン塩酸塩,メトホルミン塩酸塩錠500mgMT「DSEP」,3962002F3031,メトホルミン塩酸塩|メトホルミン塩酸塩錠MT「DSEP」,500.0mg,錠,メトホルミン塩酸塩錠250mgMT「DSEP」,20c9c2745dcf
メトホルミン塩酸塩,メトホルミン塩酸塩錠500mgMT「DSPB」,3962002F3120,メトホルミン塩酸塩|メトホルミン塩酸塩錠MT「DSPB」,500.0mg,錠,メトホルミン塩酸塩錠250mgMT「DSPB」,5078e280258e
メトホルミン塩酸塩錠,メトホルミン塩酸塩錠500mgMT「JG」,3962002F3040,メトホルミン塩酸塩錠|メトホルミン塩酸塩錠MT「JG」,500.0mg,錠,メトホルミン塩酸塩錠250mgMT「JG」,1223d08cb654
メトホルミン塩酸塩錠,メトホルミン塩酸塩錠500mgMT「TCK」,3962002F3058,メトホルミン塩酸塩錠|メトホルミン塩酸塩錠MT「TCK」,500.0mg,錠,メトホルミン塩酸塩錠250mgMT「TCK」,6beacef27912
メトホルミン塩酸塩,メトホルミン塩酸塩錠500mgMT「TE」,3962002F3066,メトホルミン塩酸塩|メトホルミン塩酸塩錠MT「TE」,500.0mg,錠,メトホルミン塩酸塩錠250mgMT「TE」,530f0c4402c5
メトホルミン塩酸塩錠,メトホルミン塩酸塩錠500mgMT「ニプロ」,3962002F3082,メトホルミン塩酸塩錠|メトホルミン塩酸塩錠MT「ニプロ」,500.0mg,錠,メトホルミン塩酸塩錠250mgMT「ニプロ」,1f940715caca
メトホルミン塩酸塩,メトホルミン塩酸塩錠500mgMT「三和」,3962002F3074,メトホルミン塩酸塩|メトホルミン塩酸塩錠MT「三和」,500.0mg,錠,メトホルミン塩酸塩錠250mgMT「三和」,ed8257a06010
メトホルミン塩酸塩錠,メトホルミン塩酸塩錠500mgMT「日医工」,3962002F3112,メトホルミン塩酸塩錠|メトホルミン塩酸塩錠MT「日医工」,500.0mg,錠,メトホルミン塩酸塩錠250mgMT「日医工」,541b4ba31206
メトホルミン塩酸塩,メトホルミン塩酸塩錠500mgMT「明治」,3962002F3139,メトホルミン塩酸塩|メトホルミン塩酸塩錠MT「明治」,500.0mg,錠,メトホルミン塩酸塩錠250mgMT「明治」,0ffa2507ec59
メチルプレドニゾロン,メドロール錠4mg,2456003F2030,メチルプレドニゾロン|メドロール錠,4.0mg,錠,メドロール錠2mg,ca6e797ed473
レボドパ／カルビドパ水和物配合,メネシット配合錠250,1169101F2053,レボドパ／カルビドパ水和物配合|メネシット配合錠250,,錠,,71b1635059a8
プラバスタチンナトリウム,メバロチン細粒0.5%,2189010C1032,プラバスタチンナトリウム|メバロチン細粒,0.5%,(不明),,ad43ef7f461b
プラバスタチンナトリウム,メバロチン細粒1%,2189010C2020,プラバスタチンナトリウム|メバロチン細粒,1.0%,(不明),,ad43ef7f461b
プラバスタチンナトリウム,メバロチン錠10,2189010F2027,プラバスタチンナトリウム|メバロチン錠10,,錠,,ad43ef7f461b
メピバカイン塩酸塩,メピバカイン塩酸塩注0.5％「日新」,1214406A2034,メピバカイン塩酸塩|メピバカイン塩酸塩注「日新」,0.5%,注射剤,メピバカイン塩酸塩注0.5％「日新」,e57ca2f61233
メピバカイン塩酸塩,メピバカイン塩酸塩注1％「日新」,1214406A4037,メピバカイン塩酸塩|メピバカイン塩酸塩注「日新」,1.0%,注射剤,メピバカイン塩酸塩注0.5％「日新」,e57ca2f61233
メピバカイン塩酸塩,メピバカイン塩酸塩注1％「日新」,1214406A3030,メピバカイン塩酸塩|メピバカイン塩酸塩注「日新」,1.0%,注射剤,メピバカイン塩酸塩注0.5％「日新」,e57ca2f61233
メピバカイン塩酸塩,メピバカイン塩酸塩注2％「日新」,1214406A6030,メピバカイン塩酸塩|メピバカイン塩酸塩注「日新」,2.0%,注射剤,メピバカイン塩酸塩注0.5％「日新」,e57ca2f61233
メピバカイン塩酸塩,メピバカイン塩酸塩注2％「日新」,1214406A5033,メピバカイン塩酸塩|メピバカイン塩酸塩注「日新」,2.0%,注射剤,メピバカイン塩酸塩注0.5％「日新」,e57ca2f61233
メピバカイン塩酸塩,メピバカイン塩酸塩注射液1%「VTRS」,1214402A2044,メピバカイン塩酸塩|メピバカイン塩酸塩注射液「VTRS」,1.0%,注射剤,メピバカイン塩酸塩注射液0.5%「VTRS」,58dff8aecdbe
メピバカイン塩酸塩注射液,メピバカイン塩酸塩注射液1%シリンジ100mg/10mL「NP」,1214406G2037,メピバカイン塩酸塩注射液|メピバカイン塩酸塩注射液シリンジ/「NP」,1.0%/100.0mg/10.0ml,注射剤,メピバカイン塩酸塩注射液0.5%シリンジ50mg/10mL「NP」,ce6e740154ef
メピバカイン塩酸塩,メピバカイン塩酸塩注射液2%「VTRS」,1214402A3040,メピバカイン塩酸塩|メピバカイン塩酸塩注射液「VTRS」,2.0%,注射剤,メピバカイン塩酸塩注射液0.5%「VTRS」,58dff8aecdbe
メピバカイン塩酸塩注射液,メピバカイン塩酸塩注射液2%シリンジ200mg/10mL「NP」,1214406G3033,メピバカイン塩酸塩注射液|メピバカイン塩酸塩注射液シリンジ/「NP」,2.0%/200.0mg/10.0ml,注射剤,メピバカイン塩酸塩注射液0.5%シリンジ50mg/10mL「NP」,ce6e740154ef
プロカテロール塩酸塩水和物吸入液,メプチン吸入液ユニット0.3mL,2259704G5020,プロカテロール塩酸塩水和物吸入液|メプチン吸入液ユニット,0.3ml,吸入剤,,a1d53882f50c
プロカテロール塩酸塩水和物吸入液,メプチン吸入液ユニット0.5mL,2259704G6026,プロカテロール塩酸塩水和物吸入液|メプチン吸入液ユニット,0.5ml,吸入剤,,a1d53882f50c
ビルダグリプチン/メトホルミン塩酸塩配合錠,メホビル配合錠HD「トーワ」,3969104F2033,ビルダグリプチン/メトホルミン塩酸塩配合錠|メホビル配合錠HD「トーワ」,,錠,,08af9ed7e8a5
ビルダグリプチンメトホルミン塩酸塩,メホビル配合錠HD「日新」,3969104F2041,ビルダグリプチンメトホルミン塩酸塩|メホビル配合錠HD「日新」,,錠,,40282d8f4e98
メマンチン塩酸塩製剤,メマリーOD錠10mg,1190018F5029,メマンチン塩酸塩製剤|メマリーOD錠,10.0mg,OD錠,,25a0436e8ae0
メマンチン塩酸塩製剤,メマリーOD錠20mg,1190018F6025,メマンチン塩酸塩製剤|メマリーOD錠,20.0mg,OD錠,,25a0436e8ae0
メマンチン塩酸塩製剤,メマリーOD錠5mg,1190018F4022,メマンチン塩酸塩製剤|メマリーOD錠,5.0mg,OD錠,,25a0436e8ae0
メマンチン塩酸塩製剤,メマリー錠10mg,1190018F2020,メマンチン塩酸塩製剤|メマリー錠,10.0mg,錠,メマリー錠5mg,25a0436e8ae0
メマンチン塩酸塩製剤,メマリー錠20mg,1190018F3026,メマンチン塩酸塩製剤|メマリー錠,20.0mg,錠,メマリー錠5mg,25a0436e8ae0
メマンチン塩酸塩製剤,メマンチン塩酸塩OD錠10mg「DSEP」,1190018F5037,メマンチン塩酸塩製剤|メマンチン塩酸塩OD錠「DSEP」,10.0mg,OD錠,,4a692df213d5
メマンチン塩酸塩口腔内崩壊錠,メマンチン塩酸塩OD錠10mg「JG」,1190018F5045,メマンチン塩酸塩口腔内崩壊錠|メマンチン塩酸塩OD錠「JG」,10.0mg,OD錠,メマンチン塩酸塩OD錠5mg「JG」,64da4581537e
メマンチン塩酸塩口腔内崩壊錠,メマンチン塩酸塩OD錠10mg「NIG」,1190018F5258,メマンチン塩酸塩口腔内崩壊錠|メマンチン塩酸塩OD錠「NIG」,10.0mg,OD錠,メマンチン塩酸塩OD錠5mg「NIG」,b2116c014dff
メマンチン塩酸塩口腔内崩壊錠,メマンチン塩酸塩OD錠10mg「TCK」,1190018F5070,メマンチン塩酸塩口腔内崩壊錠|メマンチン塩酸塩OD錠「TCK」,10.0mg,OD錠,メマンチン塩酸塩OD錠5mg「TCK」,b4312c61b24e
メマンチン塩酸塩口腔内崩壊錠,メマンチン塩酸塩OD錠10mg「YD」,1190018F5088,メマンチン塩酸塩口腔内崩壊錠|メマンチン塩酸塩OD錠「YD」,10.0mg,OD錠,メマンチン塩酸塩OD錠5mg「YD」,a0aefff4f838
メマンチン塩酸塩,メマンチン塩酸塩OD錠10mg「ZE」,1190018F5096,メマンチン塩酸塩|メマンチン塩酸塩OD錠「ZE」,10.0mg,OD錠,メマンチン塩酸塩OD錠5mg「ZE」,72b4ce40128b
メマンチン塩酸塩,メマンチン塩酸塩OD錠10mg「アメル」,1190018F5100,メマンチン塩酸塩|メマンチン塩酸塩OD錠「アメル」,10.0mg,OD錠,,c667e0cc577e
メマンチン塩酸塩製剤,メマンチン塩酸塩OD錠10mg「オーハラ」,1190018F5118,メマンチン塩酸塩製剤|メマンチン塩酸塩OD錠「オーハラ」,10.0mg,OD錠,,c50431a31760
メマンチン塩酸塩口腔内崩壊錠,メマンチン塩酸塩OD錠10mg「クラシエ」,1190018F5134,メマンチン塩酸塩口腔内崩壊錠|メマンチン塩酸塩OD錠「クラシエ」,10.0mg,OD錠,メマンチン塩酸塩OD錠5mg「クラシエ」,48416a2a893e
メマンチン塩酸塩口腔内崩壊錠,メマンチン塩酸塩OD錠10mg「ケミファ」,1190018F5142,メマンチン塩酸塩口腔内崩壊錠|メマンチン塩酸塩OD錠「ケミファ」,10.0mg,OD錠,メマンチン塩酸塩OD錠5mg「ケミファ」,fb7788340f0b
メマンチン塩酸塩,メマンチン塩酸塩OD錠10mg「サワイ」,1190018F5150,メマンチン塩酸塩|メマンチン塩酸塩OD錠「サワイ」,10.0mg,OD錠,,f14377120765
メマンチン塩酸塩口腔内崩壊錠,メマンチン塩酸塩OD錠10mg「サンド」,1190018F5169,メマンチン塩酸塩口腔内崩壊錠|メマンチン塩酸塩OD錠「サンド」,10.0mg,OD錠,メマンチン塩酸塩OD錠5mg「サンド」,242bfd8930a2
メマンチン塩酸塩,メマンチン塩酸塩OD錠10mg「タカタ」,1190018F5177,メマンチン塩酸塩|メマンチン塩酸塩OD錠「タカタ」,10.0mg,OD錠,メマンチン塩酸塩OD錠5mg「タカタ」,57822dd34c1f
メマンチン塩酸塩製剤,メマンチン塩酸塩OD錠10mg「トーワ」,1190018F5193,メマンチン塩酸塩製剤|メマンチン塩酸塩OD錠「トーワ」,10.0mg,OD錠,メマンチン塩酸塩OD錠5mg「トーワ」,de08373834bf
メマンチン塩酸塩製剤,メマンチン塩酸塩OD錠10mg「ニプロ」,1190018F5223,メマンチン塩酸塩製剤|メマンチン塩酸塩OD錠「ニプロ」,10.0mg,OD錠,,59446f0d5928
メマンチン塩酸塩,メマンチン塩酸塩OD錠10mg「フェルゼン」,1190018F5231,メマンチン塩酸塩|メマンチン塩酸塩OD錠「フェルゼン」,10.0mg,OD錠,メマンチン塩酸塩OD錠5mg「フェルゼン」,141f5ddbfc3e
メマンチン塩酸塩,メマンチン塩酸塩OD錠10mg「日医工」,1190018F5207,メマンチン塩酸塩|メマンチン塩酸塩OD錠「日医工」,10.0mg,OD錠,メマンチン塩酸塩OD錠5mg「日医工」,87dac938f160
メマンチン塩酸塩,メマンチン塩酸塩OD錠10mg「日新」,1190018F5215,メマンチン塩酸塩|メマンチン塩酸塩OD錠「日新」,10.0mg,OD錠,メマンチン塩酸塩OD錠5mg「日新」,5a69f2b22da5
メマンチン塩酸塩,メマンチン塩酸塩OD錠10mg「明治」,1190018F5240,メマンチン塩酸塩|メマンチン塩酸塩OD錠「明治」,10.0mg,OD錠,,da0b2b7c1793
メマンチン塩酸塩,メマンチン塩酸塩OD錠10mg「杏林」,1190018F5126,メマンチン塩酸塩|メマンチン塩酸塩OD錠「杏林」,10.0mg,OD錠,メマンチン塩酸塩OD錠5mg「杏林」,4d0364141ec5
メマンチン塩酸塩口腔内崩壊錠,メマンチン塩酸塩OD錠15mg「TCK」,1190018F7021,メマンチン塩酸塩口腔内崩壊錠|メマンチン塩酸塩OD錠「TCK」,15.0mg,OD錠,メマンチン塩酸塩OD錠5mg「TCK」,b4312c61b24e
メマンチン塩酸塩口腔内崩壊錠,メマンチン塩酸塩OD錠15mg「クラシエ」,1190018F7030,メマンチン塩酸塩口腔内崩壊錠|メマンチン塩酸塩OD錠「クラシエ」,15.0mg,OD錠,メマンチン塩酸塩OD錠5mg「クラシエ」,48416a2a893e
メマンチン塩酸塩口腔内崩壊錠,メマンチン塩酸塩OD錠15mg「ケミファ」,1190018F7048,メマンチン塩酸塩口腔内崩壊錠|メマンチン塩酸塩OD錠「ケミファ」,15.0mg,OD錠,メマンチン塩酸塩OD錠5mg「ケミファ」,fb7788340f0b
メマンチン塩酸塩口腔内崩壊錠,メマンチン塩酸塩OD錠15mg「サンド」,1190018F7056,メマンチン塩酸塩口腔内崩壊錠|メマンチン塩酸塩OD錠「サンド」,15.0mg,OD錠,メマンチン塩酸塩OD錠5mg「サンド」,242bfd8930a2
メマンチン塩酸塩,メマンチン塩酸塩OD錠15mg「日新」,1190018F7064,メマンチン塩酸塩|メマンチン塩酸塩OD錠「日新」,15.0mg,OD錠,メマンチン塩酸塩OD錠5mg「日新」,5a69f2b22da5
メマンチン塩酸塩製剤,メマンチン塩酸塩OD錠20mg「DSEP」,1190018F6033,メマンチン塩酸塩製剤|メマンチン塩酸塩OD錠「DSEP」,20.0mg,OD錠,,4a692df213d5
メマンチン塩酸塩口腔内崩壊錠,メマンチン塩酸塩OD錠20mg「JG」,1190018F6041,メマンチン塩酸塩口腔内崩壊錠|メマンチン塩酸塩OD錠「JG」,20.0mg,OD錠,メマンチン塩酸塩OD錠5mg「JG」,64da4581537e
メマンチン塩酸塩口腔内崩壊錠,メマンチン塩酸塩OD錠20mg「NIG」,1190018F6254,メマンチン塩酸塩口腔内崩壊錠|メマンチン塩酸塩OD錠「NIG」,20.0mg,OD錠,メマンチン塩酸塩OD錠5mg「NIG」,b2116c014dff
メマンチン塩酸塩口腔内崩壊錠,メマンチン塩酸塩OD錠20mg「TCK」,1190018F6076,メマンチン塩酸塩口腔内崩壊錠|メマンチン塩酸塩OD錠「TCK」,20.0mg,OD錠,メマンチン塩酸塩OD錠5mg「TCK」,b4312c61b24e
メマンチン塩酸塩口腔内崩壊錠,メマンチン塩酸塩OD錠20mg「YD」,1190018F6084,メマンチン塩酸塩口腔内崩壊錠|メマンチン塩酸塩OD錠「YD」,20.0mg,OD錠,メマンチン塩酸塩OD錠5mg「YD」,a0aefff4f838
メマンチン塩酸塩,メマンチン塩酸塩OD錠20mg「ZE」,1190018F6092,メマンチン塩酸塩|メマンチン塩酸塩OD錠「ZE」,20.0mg,OD錠,メマンチン塩酸塩OD錠5mg「ZE」,72b4ce40128b
メマンチン塩酸塩,メマンチン塩酸塩OD錠20mg「アメル」,1190018F6106,メマンチン塩酸塩|メマンチン塩酸塩OD錠「アメル」,20.0mg,OD錠,,c667e0cc577e
メマンチン塩酸塩製剤,メマンチン塩酸塩OD錠20mg「オーハラ」,1190018F6114,メマンチン塩酸塩製剤|メマンチン塩酸塩OD錠「オーハラ」,20.0mg,OD錠,,c50431a31760
メマンチン塩酸塩口腔内崩壊錠,メマンチン塩酸塩OD錠20mg「クラシエ」,1190018F6130,メマンチン塩酸塩口腔内崩壊錠|メマンチン塩酸塩OD錠「クラシエ」,20.0mg,OD錠,メマンチン塩酸塩OD錠5mg「クラシエ」,48416a2a893e
メマンチン塩酸塩口腔内崩壊錠,メマンチン塩酸塩OD錠20mg「ケミファ」,1190018F6149,メマンチン塩酸塩口腔内崩壊錠|メマンチン塩酸塩OD錠「ケミファ」,20.0mg,OD錠,メマンチン塩酸塩OD錠5mg「ケミファ」,fb7788340f0b
メマンチン塩酸塩,メマンチン塩酸塩OD錠20mg「サワイ」,1190018F6157,メマンチン塩酸塩|メマンチン塩酸塩OD錠「サワイ」,20.0mg,OD錠,,f14377120765
メマンチン塩酸塩口腔内崩壊錠,メマンチン塩酸塩OD錠20mg「サンド」,1190018F6165,メマンチン塩酸塩口腔内崩壊錠|メマンチン塩酸塩OD錠「サンド」,20.0mg,OD錠,メマンチン塩酸塩OD錠5mg「サンド」,242bfd8930a2
メマンチン塩酸塩,メマンチン塩酸塩OD錠20mg「タカタ」,1190018F6173,メマンチン塩酸塩|メマンチン塩酸塩OD錠「タカタ」,20.0mg,OD錠,メマンチン塩酸塩OD錠5mg「タカタ」,57822dd34c1f
メマンチン塩酸塩製剤,メマンチン塩酸塩OD錠20mg「トーワ」,1190018F6190,メマンチン塩酸塩製剤|メマンチン塩酸塩OD錠「トーワ」,20.0mg,OD錠,メマンチン塩酸塩OD錠5mg「トーワ」,de08373834bf
メマンチン塩酸塩製剤,メマンチン塩酸塩OD錠20mg「ニプロ」,1190018F6220,メマンチン塩酸塩製剤|メマンチン塩酸塩OD錠「ニプロ」,20.0mg,OD錠,,59446f0d5928
メマンチン塩酸塩,メマンチン塩酸塩OD錠20mg「フェルゼン」,1190018F6238,メマンチン塩酸塩|メマンチン塩酸塩OD錠「フェルゼン」,20.0mg,OD錠,メマンチン塩酸塩OD錠5mg「フェルゼン」,141f5ddbfc3e
メマンチン塩酸塩,メマンチン塩酸塩OD錠20mg「日医工」,1190018F6203,メマンチン塩酸塩|メマンチン塩酸塩OD錠「日医工」,20.0mg,OD錠,メマンチン塩酸塩OD錠5mg「日医工」,87dac938f160
メマンチン塩酸塩,メマンチン塩酸塩OD錠20mg「日新」,1190018F6211,メマンチン塩酸塩|メマンチン塩酸塩OD錠「日新」,20.0mg,OD錠,メマンチン塩酸塩OD錠5mg「日新」,5a69f2b22da5
メマンチン塩酸塩,メマンチン塩酸塩OD錠20mg「明治」,1190018F6246,メマンチン塩酸塩|メマンチン塩酸塩OD錠「明治」,20.0mg,OD錠,,da0b2b7c1793
メマンチン塩酸塩,メマンチン塩酸塩OD錠20mg「杏林」,1190018F6122,メマンチン塩酸塩|メマンチン塩酸塩OD錠「杏林」,20.0mg,OD錠,メマンチン塩酸塩OD錠5mg「杏林」,4d0364141ec5
メマンチン塩酸塩製剤,メマンチン塩酸塩OD錠5mg「DSEP」,1190018F4030,メマンチン塩酸塩製剤|メマンチン塩酸塩OD錠「DSEP」,5.0mg,OD錠,,4a692df213d5
メマンチン塩酸塩,メマンチン塩酸塩OD錠5mg「アメル」,1190018F4103,メマンチン塩酸塩|メマンチン塩酸塩OD錠「アメル」,5.0mg,OD錠,,c667e0cc577e
メマンチン塩酸塩製剤,メマンチン塩酸塩OD錠5mg「オーハラ」,1190018F4111,メマンチン塩酸塩製剤|メマンチン塩酸塩OD錠「オーハラ」,5.0mg,OD錠,,c50431a31760
メマンチン塩酸塩,メマンチン塩酸塩OD錠5mg「サワイ」,1190018F4154,メマンチン塩酸塩|メマンチン塩酸塩OD錠「サワイ」,5.0mg,OD錠,,f14377120765
メマンチン塩酸塩製剤,メマンチン塩酸塩OD錠5mg「ニプロ」,1190018F4227,メマンチン塩酸塩製剤|メマンチン塩酸塩OD錠「ニプロ」,5.0mg,OD錠,,59446f0d5928
メマンチン塩酸塩,メマンチン塩酸塩OD錠5mg「明治」,1190018F4243,メマンチン塩酸塩|メマンチン塩酸塩OD錠「明治」,5.0mg,OD錠,,da0b2b7c1793
メマンチン塩酸塩製剤,メマンチン塩酸塩錠10mg「DSEP」,1190018F2038,メマンチン塩酸塩製剤|メマンチン塩酸塩錠「DSEP」,10.0mg,錠,メマンチン塩酸塩錠5mg「DSEP」,4a692df213d5
メマンチン塩酸塩,メマンチン塩酸塩錠10mg「アメル」,1190018F2062,メマンチン塩酸塩|メマンチン塩酸塩錠「アメル」,10.0mg,錠,メマンチン塩酸塩錠5mg「アメル」,c667e0cc577e
メマンチン塩酸塩製剤,メマンチン塩酸塩錠10mg「オーハラ」,1190018F2070,メマンチン塩酸塩製剤|メマンチン塩酸塩錠「オーハラ」,10.0mg,錠,メマンチン塩酸塩錠5mg「オーハラ」,c50431a31760
メマンチン塩酸塩,メマンチン塩酸塩錠10mg「サワイ」,1190018F2089,メマンチン塩酸塩|メマンチン塩酸塩錠「サワイ」,10.0mg,錠,メマンチン塩酸塩錠5mg「サワイ」,f14377120765
メマンチン塩酸塩製剤,メマンチン塩酸塩錠10mg「トーワ」,1190018F2097,メマンチン塩酸塩製剤|メマンチン塩酸塩錠「トーワ」,10.0mg,錠,メマンチン塩酸塩錠5mg「トーワ」,ac6b647e8baf
メマンチン塩酸塩製剤,メマンチン塩酸塩錠10mg「ニプロ」,1190018F2100,メマンチン塩酸塩製剤|メマンチン塩酸塩錠「ニプロ」,10.0mg,錠,メマンチン塩酸塩錠5mg「ニプロ」,59446f0d5928
メマンチン塩酸塩,メマンチン塩酸塩錠10mg「明治」,1190018F2119,メマンチン塩酸塩|メマンチン塩酸塩錠「明治」,10.0mg,錠,メマンチン塩酸塩錠5mg「明治」,da0b2b7c1793
メマンチン塩酸塩製剤,メマンチン塩酸塩錠20mg「DSEP」,1190018F3034,メマンチン塩酸塩製剤|メマンチン塩酸塩錠「DSEP」,20.0mg,錠,メマンチン塩酸塩錠5mg「DSEP」,4a692df213d5
メマンチン塩酸塩,メマンチン塩酸塩錠20mg「アメル」,1190018F3069,メマンチン塩酸塩|メマンチン塩酸塩錠「アメル」,20.0mg,錠,メマンチン塩酸塩錠5mg「アメル」,c667e0cc577e
メマンチン塩酸塩製剤,メマンチン塩酸塩錠20mg「オーハラ」,1190018F3077,メマンチン塩酸塩製剤|メマンチン塩酸塩錠「オーハラ」,20.0mg,錠,メマンチン塩酸塩錠5mg「オーハラ」,c50431a31760
メマンチン塩酸塩,メマンチン塩酸塩錠20mg「サワイ」,1190018F3085,メマンチン塩酸塩|メマンチン塩酸塩錠「サワイ」,20.0mg,錠,メマンチン塩酸塩錠5mg「サワイ」,f14377120765
メマンチン塩酸塩製剤,メマンチン塩酸塩錠20mg「トーワ」,1190018F3093,メマンチン塩酸塩製剤|メマンチン塩酸塩錠「トーワ」,20.0mg,錠,メマンチン塩酸塩錠5mg「トーワ」,ac6b647e8baf
メマンチン塩酸塩製剤,メマンチン塩酸塩錠20mg「ニプロ」,1190018F3107,メマンチン塩酸塩製剤|メマンチン塩酸塩錠「ニプロ」,20.0mg,錠,メマンチン塩酸塩錠5mg「ニプロ」,59446f0d5928
メマンチン塩酸塩,メマンチン塩酸塩錠20mg「明治」,1190018F3115,メマンチン塩酸塩|メマンチン塩酸塩錠「明治」,20.0mg,錠,メマンチン塩酸塩錠5mg「明治」,da0b2b7c1793
メラトニン,メラトベル錠小児用1mg,1190028F1027,メラトニン|メラトベル錠小児用,1.0mg,錠,,1bfccb3046e9
メラトニン,メラトベル錠小児用2mg,1190028F2023,メラトニン|メラトベル錠小児用,2.0mg,錠,,1bfccb3046e9
ベタヒスチンメシル酸塩,メリスロン錠12mg,1339005F2128,ベタヒスチンメシル酸塩|メリスロン錠,12.0mg,錠,メリスロン錠6mg,346b696ad9e6
チアマゾール,メルカゾール錠5mg,2432001F1033,チアマゾール|メルカゾール錠,5.0mg,錠,メルカゾール錠2.5mg,b8b79650bc73
メキサゾラム,メレックス細粒0.1%,1124025C1030,メキサゾラム|メレックス細粒,0.1%,(不明),,8d35a99ff18e
メキサゾラム,メレックス錠1mg,1124025F2024,メキサゾラム|メレックス錠,1.0mg,錠,メレックス錠0.5mg,8d35a99ff18e
メロキシカム,メロキシカム錠10mg「NPI」,1149035F2060,メロキシカム|メロキシカム錠「NPI」,10.0mg,錠,メロキシカム錠5mg「NPI」,02caff983f07
メロキシカム錠,メロキシカム錠10mg「NP」,1149035F2051,メロキシカム錠|メロキシカム錠「NP」,10.0mg,錠,メロキシカム錠5mg「NP」,fa18c6570de8
メロキシカム錠,メロキシカム錠10mg「クニヒロ」,1149035F2221,メロキシカム錠|メロキシカム錠「クニヒロ」,10.0mg,錠,メロキシカム錠5mg「クニヒロ」,db3cae9a5306
メロキシカム,メロキシカム錠10mg「ケミファ」,1149035F2132,メロキシカム|メロキシカム錠「ケミファ」,10.0mg,錠,メロキシカム錠5mg「ケミファ」,ff4045056dc5
メロキシカム,メロキシカム錠10mg「サワイ」,1149035F2140,メロキシカム|メロキシカム錠「サワイ」,10.0mg,錠,メロキシカム錠5mg「サワイ」,cdc737f9fd45
メロキシカム錠,メロキシカム錠10mg「トーワ」,1149035F2183,メロキシカム錠|メロキシカム錠「トーワ」,10.0mg,錠,メロキシカム錠5mg「トーワ」,170f5370b214
メロキシカム,メロキシカム錠10mg「日医工」,1149035F2191,メロキシカム|メロキシカム錠「日医工」,10.0mg,錠,メロキシカム錠5mg「日医工」,26494784974a
注射用メロペネム,メロペネム点滴静注用0.5g「NP」,6139400D2064,注射用メロペネム|メロペネム点滴静注用「NP」,0.5g,注射剤,メロペネム点滴静注用0.25g「NP」,cabb2707504b
メロペネム水和物,メロペネム点滴静注用0.5g「サワイ」,6139400D2080,メロペネム水和物|メロペネム点滴静注用「サワイ」,0.5g,注射剤,メロペネム点滴静注用0.25g「サワイ」,dfd1a96a5db5
注射用メロペネム,メロペネム点滴静注用0.5g「トーワ」,6139400D2102,注射用メロペネム|メロペネム点滴静注用「トーワ」,0.5g,注射剤,メロペネム点滴静注用0.25g「トーワ」,c13aa287a27f
メロペネム水和物,メロペネム点滴静注用0.5g「日医工」,6139400D2056,メロペネム水和物|メロペネム点滴静注用「日医工」,0.5g,注射剤,メロペネム点滴静注用0.25g「日医工」,2340307d1d7f
メロペネム水和物,メロペネム点滴静注用0.5g「明治」,6139400D2110,メロペネム水和物|メロペネム点滴静注用「明治」,0.5g,注射剤,メロペネム点滴静注用0.25g「明治」,806914da7627
注射用メロペネム,メロペネム点滴静注用1g「NP」,6139400D3028,注射用メロペネム|メロペネム点滴静注用「NP」,1.0g,注射剤,メロペネム点滴静注用0.25g「NP」,cabb2707504b
メロペネム水和物,メロペネム点滴静注用1g「明治」,6139400D3036,メロペネム水和物|メロペネム点滴静注用「明治」,1.0g,注射剤,メロペネム点滴静注用0.25g「明治」,806914da7627
注射用メロペネム,メロペネム点滴静注用バッグ0.5g「NP」,6139400G1048,注射用メロペネム|メロペネム点滴静注用バッグ「NP」,0.5g,注射剤,,cabb2707504b
メロペネム水和物,メロペネム点滴静注用バッグ0.5g「明治」,6139400G1064,メロペネム水和物|メロペネム点滴静注用バッグ「明治」,0.5g,注射剤,,806914da7627
注射用メロペネム,メロペネム点滴静注用バッグ1g「NP」,6139400G2028,注射用メロペネム|メロペネム点滴静注用バッグ「NP」,1.0g,注射剤,,cabb2707504b
メロペネム水和物,メロペネム点滴静注用バッグ1g「明治」,6139400G2036,メロペネム水和物|メロペネム点滴静注用バッグ「明治」,1.0g,注射剤,,806914da7627
メロペネム水和物,メロペン点滴用キット0.5g,6139400G1030,メロペネム水和物|メロペン点滴用キット,0.5g,(不明),,a1c2679829e8
メロペネム水和物,メロペン点滴用バイアル0.5g,6139400D2030,メロペネム水和物|メロペン点滴用バイアル,0.5g,(不明),メロペン点滴用バイアル0.25g,a1c2679829e8
シポニモド　フマル酸錠,メーゼント錠2mg,3999051F2020,シポニモド　フマル酸錠|メーゼント錠,2.0mg,錠,メーゼント錠0.25mg,7735b7e23193
ジファミラスト軟膏,モイゼルト軟膏1%,2699715M2020,ジファミラスト軟膏|モイゼルト軟膏,1.0%,軟膏,モイゼルト軟膏0.3%,65c5477c90f4
モサプリドクエン酸塩水和物,モサプリドクエン酸塩錠5mg「AA」,2399010F2032,モサプリドクエン酸塩水和物|モサプリドクエン酸塩錠「AA」,5.0mg,錠,モサプリドクエン酸塩錠2.5mg「AA」,f4e3650c7046
モサプリドクエン酸塩水和物,モサプリドクエン酸塩錠5mg「DSEP」,2399010F2059,モサプリドクエン酸塩水和物|モサプリドクエン酸塩錠「DSEP」,5.0mg,錠,モサプリドクエン酸塩錠2.5mg「DSEP」,202a33f8fc8d
モサプリドクエン酸塩錠,モサプリドクエン酸塩錠5mg「JG」,2399010F2075,モサプリドクエン酸塩錠|モサプリドクエン酸塩錠「JG」,5.0mg,錠,モサプリドクエン酸塩錠2.5mg「JG」,2e8652553572
モサプリドクエン酸塩水和物,モサプリドクエン酸塩錠5mg「NPI」,2399010F2288,モサプリドクエン酸塩水和物|モサプリドクエン酸塩錠「NPI」,5.0mg,錠,モサプリドクエン酸塩錠2.5mg「NPI」,3663e4c94f21
モサプリドクエン酸塩錠,モサプリドクエン酸塩錠5mg「NP」,2399010F2105,モサプリドクエン酸塩錠|モサプリドクエン酸塩錠「NP」,5.0mg,錠,モサプリドクエン酸塩錠2.5mg「NP」,e999654f1219
モサプリドクエン酸塩錠,モサプリドクエン酸塩錠5mg「TCK」,2399010F2121,モサプリドクエン酸塩錠|モサプリドクエン酸塩錠「TCK」,5.0mg,錠,モサプリドクエン酸塩錠2.5mg「TCK」,77a742bf5aa1
モサプリドクエン酸塩水和物,モサプリドクエン酸塩錠5mg「TSU」,2399010F2130,モサプリドクエン酸塩水和物|モサプリドクエン酸塩錠「TSU」,5.0mg,錠,モサプリドクエン酸塩錠2.5mg「TSU」,3bb7b19d1eb0
モサプリドクエン酸塩水和物,モサプリドクエン酸塩錠5mg「VTRS」,2399010F2300,モサプリドクエン酸塩水和物|モサプリドクエン酸塩錠「VTRS」,5.0mg,錠,モサプリドクエン酸塩錠2.5mg「VTRS」,7926a72898e1
モサプリドクエン酸塩錠,モサプリドクエン酸塩錠5mg「YD」,2399010F2148,モサプリドクエン酸塩錠|モサプリドクエン酸塩錠「YD」,5.0mg,錠,モサプリドクエン酸塩錠2.5mg「YD」,f7b35029e744
モサプリドクエン酸塩水和物,モサプリドクエン酸塩錠5mg「ZE」,2399010F2156,モサプリドクエン酸塩水和物|モサプリドクエン酸塩錠「ZE」,5.0mg,錠,モサプリドクエン酸塩錠2.5mg「ZE」,893e83b52bb7
モサプリドクエン酸塩水和物,モサプリドクエン酸塩錠5mg「サワイ」,2399010F2202,モサプリドクエン酸塩水和物|モサプリドクエン酸塩錠「サワイ」,5.0mg,錠,モサプリドクエン酸塩錠2.5mg「サワイ」,57d6be410932
モサプリドクエン酸塩,モサプリドクエン酸塩錠5mg「サンド」,2399010F2210,モサプリドクエン酸塩|モサプリドクエン酸塩錠「サンド」,5.0mg,錠,モサプリドクエン酸塩錠2.5mg「サンド」,a3b2fcf9fc8f
モサプリドクエン酸塩錠,モサプリドクエン酸塩錠5mg「トーワ」,2399010F2237,モサプリドクエン酸塩錠|モサプリドクエン酸塩錠「トーワ」,5.0mg,錠,モサプリドクエン酸塩錠2.5mg「トーワ」,a208ca7020df
モサプリドクエン酸塩錠,モサプリドクエン酸塩錠5mg「日医工」,2399010F2245,モサプリドクエン酸塩錠|モサプリドクエン酸塩錠「日医工」,5.0mg,錠,モサプリドクエン酸塩錠2.5mg「日医工」,9e554979d242
モサプリドクエン酸塩水和物,モサプリドクエン酸塩錠5mg「日新」,2399010F2253,モサプリドクエン酸塩水和物|モサプリドクエン酸塩錠「日新」,5.0mg,錠,モサプリドクエン酸塩錠2.5mg「日新」,af652d5a4e16
モサプリドクエン酸塩水和物,モサプリドクエン酸塩錠5mg「明治」,2399010F2270,モサプリドクエン酸塩水和物|モサプリドクエン酸塩錠「明治」,5.0mg,錠,モサプリドクエン酸塩錠2.5mg「明治」,b72250c4a0b2
モサプリドクエン酸塩,モサプリドクエン酸塩錠5mg「杏林」,2399010F2180,モサプリドクエン酸塩|モサプリドクエン酸塩錠「杏林」,5.0mg,錠,モサプリドクエン酸塩錠2.5mg「杏林」,e2156e56ea65
デルイソマルトース第二鉄静注,モノヴァー静注1000mg,3222405A2022,デルイソマルトース第二鉄静注|モノヴァー静注,1000.0mg,注射剤,モノヴァー静注500mg,f103157fc79f
マクロゴール4000（Macrogol 4000）,モビコール配合内用剤HD,2359110B2025,マクロゴール4000（Macrogol 4000）|モビコール配合内用剤HD,,(不明),,56c3fd14943d
モメタゾンフランカルボン酸エステル,モメタゾンフランカルボン酸エステルクリーム0.1%「MYK」,2646731N1059,モメタゾンフランカルボン酸エステル|モメタゾンフランカルボン酸エステルクリーム「MYK」,0.1%,クリーム,,05d8dcbdb46c
モメタゾンフランカルボン酸エステル,モメタゾンフランカルボン酸エステルクリーム0.1%「イワキ」,2646731N1067,モメタゾンフランカルボン酸エステル|モメタゾンフランカルボン酸エステルクリーム「イワキ」,0.1%,クリーム,,3c1dab6e98b2
モメタゾンフランカルボン酸エステル,モメタゾンフランカルボン酸エステルローション0.1%「MYK」,2646731Q1055,モメタゾンフランカルボン酸エステル|モメタゾンフランカルボン酸エステルローション「MYK」,0.1%,ローション,,05d8dcbdb46c
モメタゾンフランカルボン酸エステル,モメタゾンフランカルボン酸エステルローション0.1%「イワキ」,2646731Q1063,モメタゾンフランカルボン酸エステル|モメタゾンフランカルボン酸エステルローション「イワキ」,0.1%,ローション,,3c1dab6e98b2
モメタゾンフランカルボン酸エステル水和物点鼻液,モメタゾン点鼻液50μg「CEO」112噴霧用,1329710Q2040,モメタゾンフランカルボン酸エステル水和物点鼻液|モメタゾン点鼻液「CEO」112噴霧用,50.0μg,点鼻剤,,1868438d1981
モメタゾンフランカルボン酸エステル水和物点鼻液,モメタゾン点鼻液50μg「JG」112噴霧用,1329710Q2058,モメタゾンフランカルボン酸エステル水和物点鼻液|モメタゾン点鼻液「JG」112噴霧用,50.0μg,点鼻剤,,1bf73fbc9acc
モメタゾンフランカルボン酸エステル水和物点鼻液,モメタゾン点鼻液50μg「MYL」112噴霧用,1329710Q4026,モメタゾンフランカルボン酸エステル水和物点鼻液|モメタゾン点鼻液「MYL」112噴霧用,50.0μg,点鼻剤,,bbb4092fd5e4
モメタゾンフランカルボン酸エステル水和物,モメタゾン点鼻液50μg「タカタ」112噴霧用,1329710Q2066,モメタゾンフランカルボン酸エステル水和物|モメタゾン点鼻液「タカタ」112噴霧用,50.0μg,点鼻剤,,1e293180e238
モメタゾンフランカルボン酸エステル水和物点鼻液,モメタゾン点鼻液50μg「トーワ」112噴霧用,1329710Q2074,モメタゾンフランカルボン酸エステル水和物点鼻液|モメタゾン点鼻液「トーワ」112噴霧用,50.0μg,点鼻剤,,fe8175c36b02
モメタゾンフランカルボン酸エステル水和物点鼻液,モメタゾン点鼻液50μg「ニットー」112噴霧用,1329710Q2082,モメタゾンフランカルボン酸エステル水和物点鼻液|モメタゾン点鼻液「ニットー」112噴霧用,50.0μg,点鼻剤,,fea371f7f99d
モメタゾンフランカルボン酸エステル水和物,モメタゾン点鼻液50μg「杏林」112噴霧用,1329710Q2031,モメタゾンフランカルボン酸エステル水和物|モメタゾン点鼻液「杏林」112噴霧用,50.0μg,点鼻剤,,8b505b95be30
－,モリヘパミン点滴静注（300mL）,3253410A2038,－|モリヘパミン点滴静注(),300.0ml,注射剤,モリヘパミン点滴静注（200mL）,fbbd2cc4ca9c
－,モリヘパミン点滴静注（500mL）,3253410A3034,－|モリヘパミン点滴静注(),500.0ml,注射剤,モリヘパミン点滴静注（200mL）,fbbd2cc4ca9c
モルヒネ塩酸塩水和物,モルヒネ塩酸塩注射液50mg「シオノギ」,8114401A2119,モルヒネ塩酸塩水和物|モルヒネ塩酸塩注射液「シオノギ」,50.0mg,注射剤,モルヒネ塩酸塩注射液10mg「シオノギ」; モルヒネ塩酸塩注射液200mg「シオノギ」,64b8b9475aad
モルヒネ塩酸塩水和物,モルヒネ塩酸塩注射液50mg「タケダ」,8114401A2135,モルヒネ塩酸塩水和物|モルヒネ塩酸塩注射液「タケダ」,50.0mg,注射剤,モルヒネ塩酸塩注射液10mg「タケダ」; モルヒネ塩酸塩注射液200mg「タケダ」,282ff794e63f
モルヒネ塩酸塩水和物,モルヒネ塩酸塩注射液50mg「第一三共」,8114401A2127,モルヒネ塩酸塩水和物|モルヒネ塩酸塩注射液「第一三共」,50.0mg,注射剤,モルヒネ塩酸塩注射液10mg「第一三共」; モルヒネ塩酸塩注射液200mg「第一三共」,7e7dabcd448a
モルヒネ硫酸塩水和物徐放細粒,モルヒネ硫酸塩水和物徐放細粒分包30mg「フジモト」,8114004C4024,モルヒネ硫酸塩水和物徐放細粒|モルヒネ硫酸塩水和物徐放細粒分包「フジモト」,30.0mg,(不明),モルヒネ硫酸塩水和物徐放細粒分包10mg「フジモト」,f07ae1922db3
モンテルカストナトリウム錠/口腔内崩壊錠,モンテルカストOD錠10mg「トーワ」,4490026F4108,モンテルカストナトリウム錠/口腔内崩壊錠|モンテルカストOD錠「トーワ」,10.0mg,OD錠,,f665dfcbe381
モンテルカストナトリウム,モンテルカストOD錠10mg「明治」,4490026F4086,モンテルカストナトリウム|モンテルカストOD錠「明治」,10.0mg,OD錠,モンテルカストOD錠5mg「明治」,6364e77133e1
モンテルカストナトリウム,モンテルカストOD錠5mg「サワイ」,4490026F5074,モンテルカストナトリウム|モンテルカストOD錠「サワイ」,5.0mg,OD錠,モンテルカストOD錠10mg「サワイ」,a7bdac45f76b
モンテルカストナトリウム,モンテルカストOD錠5mg「タカタ」,4490026F5040,モンテルカストナトリウム|モンテルカストOD錠「タカタ」,5.0mg,OD錠,モンテルカストOD錠10mg「タカタ」,b7fc9414bf8b
モンテルカストナトリウム錠/口腔内崩壊錠,モンテルカストOD錠5mg「トーワ」,4490026F5082,モンテルカストナトリウム錠/口腔内崩壊錠|モンテルカストOD錠「トーワ」,5.0mg,OD錠,,f665dfcbe381
モンテルカストナトリウム錠,モンテルカスト錠10mg「CEO」,4490026F2083,モンテルカストナトリウム錠|モンテルカスト錠「CEO」,10.0mg,錠,モンテルカスト錠5mg「CEO」,320d8fcf5eb6
モンテルカストナトリウム,モンテルカスト錠10mg「DSEP」,4490026F2105,モンテルカストナトリウム|モンテルカスト錠「DSEP」,10.0mg,錠,モンテルカスト錠5mg「DSEP」,c6be31efb327
モンテルカストナトリウム錠,モンテルカスト錠10mg「JG」,4490026F2334,モンテルカストナトリウム錠|モンテルカスト錠「JG」,10.0mg,錠,モンテルカスト錠5mg「JG」,acd0665bbfc5
モンテルカストナトリウム,モンテルカスト錠10mg「KM」,4490026F2067,モンテルカストナトリウム|モンテルカスト錠「KM」,10.0mg,錠,モンテルカスト錠5mg「KM」,15fe282b1365
モンテルカストナトリウム,モンテルカスト錠10mg「SN」,4490026F2148,モンテルカストナトリウム|モンテルカスト錠「SN」,10.0mg,錠,モンテルカスト錠5mg「SN」,f6cb6f1a3828
モンテルカストナトリウム錠,モンテルカスト錠10mg「TCK」,4490026F2156,モンテルカストナトリウム錠|モンテルカスト錠「TCK」,10.0mg,錠,モンテルカスト錠5mg「TCK」,636584d4745c
モンテルカストナトリウム錠,モンテルカスト錠10mg「YD」,4490026F2164,モンテルカストナトリウム錠|モンテルカスト錠「YD」,10.0mg,錠,モンテルカスト錠5mg「YD」,12c8551a28d8
モンテルカストナトリウム,モンテルカスト錠10mg「オーハラ」,4490026F2180,モンテルカストナトリウム|モンテルカスト錠「オーハラ」,10.0mg,錠,モンテルカスト錠5mg「オーハラ」,e78c32a33cc5
モンテルカストナトリウム錠,モンテルカスト錠10mg「ケミファ」,4490026F2202,モンテルカストナトリウム錠|モンテルカスト錠「ケミファ」,10.0mg,錠,モンテルカスト錠5mg「ケミファ」,340b902631c7
モンテルカストナトリウム,モンテルカスト錠10mg「サワイ」,4490026F2369,モンテルカストナトリウム|モンテルカスト錠「サワイ」,10.0mg,錠,モンテルカスト錠5mg「サワイ」,a7bdac45f76b
モンテルカストナトリウム錠,モンテルカスト錠10mg「サンド」,4490026F2210,モンテルカストナトリウム錠|モンテルカスト錠「サンド」,10.0mg,錠,モンテルカスト錠5mg「サンド」,698d9e1e8487
モンテルカストナトリウム,モンテルカスト錠10mg「タカタ」,4490026F2245,モンテルカストナトリウム|モンテルカスト錠「タカタ」,10.0mg,錠,モンテルカスト錠5mg「タカタ」,b7fc9414bf8b
モンテルカストナトリウム,モンテルカスト錠10mg「ツルハラ」,4490026F2342,モンテルカストナトリウム|モンテルカスト錠「ツルハラ」,10.0mg,錠,モンテルカスト錠5mg「ツルハラ」,098f793f421b
モンテルカストナトリウム錠/口腔内崩壊錠,モンテルカスト錠10mg「トーワ」,4490026F2270,モンテルカストナトリウム錠/口腔内崩壊錠|モンテルカスト錠「トーワ」,10.0mg,錠,モンテルカスト錠5mg「トーワ」,f665dfcbe381
モンテルカストナトリウム錠,モンテルカスト錠10mg「ニプロ」,4490026F2318,モンテルカストナトリウム錠|モンテルカスト錠「ニプロ」,10.0mg,錠,モンテルカスト錠5mg「ニプロ」,048d497663a4
モンテルカストナトリウム,モンテルカスト錠10mg「フェルゼン」,4490026F2377,モンテルカストナトリウム|モンテルカスト錠「フェルゼン」,10.0mg,錠,モンテルカスト錠5mg「フェルゼン」,af54676aec03
モンテルカストナトリウム,モンテルカスト錠10mg「日医工」,4490026F2288,モンテルカストナトリウム|モンテルカスト錠「日医工」,10.0mg,錠,モンテルカスト錠5mg「日医工」,1e3216ebd4c0
モンテルカストナトリウム,モンテルカスト錠10mg「日新」,4490026F2296,モンテルカストナトリウム|モンテルカスト錠「日新」,10.0mg,錠,モンテルカスト錠5mg「日新」,bee1ccc89e45
モンテルカストナトリウム,モンテルカスト錠10mg「科研」,4490026F2199,モンテルカストナトリウム|モンテルカスト錠「科研」,10.0mg,錠,モンテルカスト錠5mg「科研」,ceba4a00006c
メロキシカム,モービック錠10mg,1149035F2027,メロキシカム|モービック錠,10.0mg,錠,モービック錠5mg,58270adf1fc9
フルルビプロフェン製剤,ヤクバンテープ40mg,2649732S2055,フルルビプロフェン製剤|ヤクバンテープ,40.0mg,貼付剤,ヤクバンテープ20mg,eef758e8ab5c
フルルビプロフェン製剤,ヤクバンテープ60mg,2649732S6026,フルルビプロフェン製剤|ヤクバンテープ,60.0mg,貼付剤,ヤクバンテープ20mg,eef758e8ab5c
イピリムマブ（遺伝子組換え）,ヤーボイ点滴静注液50mg,4291430A1026,イピリムマブ（遺伝子組換え）|ヤーボイ点滴静注液,50.0mg,注射剤,ヤーボイ点滴静注液20mg,7c623fa9b969
-,ユエキンキープ3号輸液,3319510A4121,-|ユエキンキープ3号輸液,,液剤,ユエキンキープ3号輸液,27d75510baa7
アンピシリンナトリウム・スルバクタムナトリウム,ユナシン−Sキット静注用3g,6139504G2024,アンピシリンナトリウム・スルバクタムナトリウム|ユナシン−Sキット静注用,3.0g,注射剤,ユナシン−Sキット静注用1.5g,24faf8197eb0
"アンピシリンナトリウム
スルバクタムナトリウム",ユナスピン静注用1.5g,6139504F2053,"アンピシリンナトリウム
スルバクタムナトリウム|ユナスピン静注用",1.5g,注射剤,ユナスピン静注用0.75g,c65909a032f9
"アンピシリンナトリウム
スルバクタムナトリウム",ユナスピン静注用3g,6139504F3084,"アンピシリンナトリウム
スルバクタムナトリウム|ユナスピン静注用",3.0g,注射剤,ユナスピン静注用0.75g,c65909a032f9
テオフィリン徐放錠,ユニコン錠200,2251001G1025,テオフィリン徐放錠|ユニコン錠200,,錠,,30238dde20b4
テオフィリン徐放錠,ユニコン錠400,2251001G2021,テオフィリン徐放錠|ユニコン錠400,,錠,,30238dde20b4
カンデサルタン シレキセチル・アムロジピンベシル酸塩錠,ユニシア配合錠HD,2149116F2027,カンデサルタン シレキセチル・アムロジピンベシル酸塩錠|ユニシア配合錠HD,,錠,,1b419d9094f4
ユビデカレノン（Ubidecarenone）,ユビデカレノン錠10mg「ツルハラ」,2119003F2642,ユビデカレノン（Ubidecarenone）|ユビデカレノン錠「ツルハラ」,10.0mg,錠,,9fa04f204bce
ユビデカレノン（Ubidecarenone）,ユビデカレノン顆粒1%「ツルハラ」,2119003D1173,ユビデカレノン（Ubidecarenone）|ユビデカレノン顆粒「ツルハラ」,1.0%,顆粒,,9fa04f204bce
トコフェロールニコチン酸エステル製剤,ユベラNソフトカプセル200mg,2190006M2179,トコフェロールニコチン酸エステル製剤|ユベラNソフトカプセル,200.0mg,カプセル,,17069c50984d
ドチヌラド,ユリス錠1mg,3949005F2029,ドチヌラド|ユリス錠,1.0mg,錠,ユリス錠0.5mg,987995d80ada
ドチヌラド,ユリス錠2mg,3949005F3025,ドチヌラド|ユリス錠,2.0mg,錠,ユリス錠0.5mg,987995d80ada
ベンズブロマロン製剤,ユリノーム錠50mg,3949002F2114,ベンズブロマロン製剤|ユリノーム錠,50.0mg,錠,ユリノーム錠25mg,2abc78761353
"ユリーフ錠：日本薬局方シロドシン錠
ユリーフOD錠：日本薬局方シロドシン口腔内崩壊錠",ユリーフOD錠2mg,2590010F3026,"ユリーフ錠：日本薬局方シロドシン錠
ユリーフOD錠：日本薬局方シロドシン口腔内崩壊錠|ユリーフOD錠",2.0mg,OD錠,,946ddad08406
"ユリーフ錠：日本薬局方シロドシン錠
ユリーフOD錠：日本薬局方シロドシン口腔内崩壊錠",ユリーフOD錠4mg,2590010F4022,"ユリーフ錠：日本薬局方シロドシン錠
ユリーフOD錠：日本薬局方シロドシン口腔内崩壊錠|ユリーフOD錠",4.0mg,OD錠,,946ddad08406
"ユリーフ錠：日本薬局方シロドシン錠
ユリーフOD錠：日本薬局方シロドシン口腔内崩壊錠",ユリーフ錠4mg,2590010F2020,"ユリーフ錠：日本薬局方シロドシン錠
ユリーフOD錠：日本薬局方シロドシン口腔内崩壊錠|ユリーフ錠",4.0mg,錠,ユリーフ錠2mg,946ddad08406
ラブリズマブ（遺伝子組換え）点滴静注製剤,ユルトミリスHI点滴静注1100mg/11mL,6399427A3020,ラブリズマブ（遺伝子組換え）点滴静注製剤|ユルトミリスHI点滴静注/,1100.0mg/11.0ml,注射剤,ユルトミリスHI点滴静注300mg/3mL,0fc6e1f9ca36
"テガフール
ウラシル",ユーエフティE配合顆粒T100,4229100D3023,"テガフール
ウラシル|ユーエフティE配合顆粒T100",,顆粒,,c72181480b93
"テガフール
ウラシル",ユーエフティE配合顆粒T150,4229100D4020,"テガフール
ウラシル|ユーエフティE配合顆粒T150",,顆粒,,c72181480b93
"テガフール
ウラシル",ユーエフティE配合顆粒T200,4229100D5026,"テガフール
ウラシル|ユーエフティE配合顆粒T200",,顆粒,,c72181480b93
エスタゾラム錠・散,ユーロジン2mg錠,1124001F2029,エスタゾラム錠・散|ユーロジン錠,2.0mg,錠,ユーロジン1mg錠,b36c50c4c0b1
エスタゾラム錠・散,ユーロジン散1%,1124001B1039,エスタゾラム錠・散|ユーロジン散,1.0%,散剤,,b36c50c4c0b1
ヨウ素レシチン製剤,ヨウレチン散0.02％,3221004B1027,ヨウ素レシチン製剤|ヨウレチン散,0.02%,散剤,,a4465809347c
ヨウ化カリウム,ヨウ化カリウム内服ゼリー32.5mg「日医工」,322100AQ2022,ヨウ化カリウム|ヨウ化カリウム内服ゼリー「日医工」,32.5mg,(不明),ヨウ化カリウム内服ゼリー16.3mg「日医工」,4a8ba59708d4
"ヨウ化ナトリウム（
131
I）カプセル",ヨウ化ナトリウムカプセル−30号,4300003M8036,"ヨウ化ナトリウム（
131
I）カプセル|ヨウ化ナトリウムカプセル−30号",,カプセル,,95098650a96e
"ヨウ化ナトリウム（
131
I）カプセル",ヨウ化ナトリウムカプセル−3号,4300003M6033,"ヨウ化ナトリウム（
131
I）カプセル|ヨウ化ナトリウムカプセル−3号",,カプセル,,95098650a96e
"ヨウ化ナトリウム（
131
I）カプセル",ヨウ化ナトリウムカプセル−50号,4300003M9024,"ヨウ化ナトリウム（
131
I）カプセル|ヨウ化ナトリウムカプセル−50号",,カプセル,,95098650a96e
"ヨウ化ナトリウム（
131
I）カプセル",ヨウ化ナトリウムカプセル−5号,4300003M7030,"ヨウ化ナトリウム（
131
I）カプセル|ヨウ化ナトリウムカプセル−5号",,カプセル,,95098650a96e
パロペグテリパラチド,ヨビパス皮下注294μgペン,2439404G2024,パロペグテリパラチド|ヨビパス皮下注ペン,294.0μg,注射剤,ヨビパス皮下注168μgペン,57d856c444ed
パロペグテリパラチド,ヨビパス皮下注420μgペン,2439404G3020,パロペグテリパラチド|ヨビパス皮下注ペン,420.0μg,注射剤,ヨビパス皮下注168μgペン,57d856c444ed
トラベクテジン,ヨンデリス点滴静注用1mg,4291431D2023,トラベクテジン|ヨンデリス点滴静注用,1.0mg,注射剤,ヨンデリス点滴静注用0.25mg,a0bdcfcde18f
ラクツロース,ラクツロース・シロップ60％分包10mL「コーワ」,3999001Q4026,ラクツロース|ラクツロース・シロップ分包「コーワ」,60.0%/10.0ml,シロップ,,b34517c75665
ラクツロース,ラクツロース・シロップ60％分包15mL「コーワ」,3999001Q5022,ラクツロース|ラクツロース・シロップ分包「コーワ」,60.0%/15.0ml,シロップ,,b34517c75665
5％ソルビトール加乳酸リンゲル液,ラクテックG輸液（1L）,3319535A8038,5％ソルビトール加乳酸リンゲル液|ラクテックG輸液(),1.0l,液剤,ラクテックG輸液（250mL）,6745ed268e78
5％ソルビトール加乳酸リンゲル液,ラクテックG輸液（500mL）,3319535A5080,5％ソルビトール加乳酸リンゲル液|ラクテックG輸液(),500.0ml,液剤,ラクテックG輸液（250mL）,6745ed268e78
L－乳酸ナトリウムリンゲル液,ラクテック注（1L）,3319534A6049,L－乳酸ナトリウムリンゲル液|ラクテック注(),1.0l,注射剤,ラクテック注（250mL）,35d5da7ac0e3
L－乳酸ナトリウムリンゲル液,ラクテック注（500mL）,3319534A4046,L－乳酸ナトリウムリンゲル液|ラクテック注(),500.0ml,注射剤,ラクテック注（250mL）,35d5da7ac0e3
－,ラクトリンゲルM注「フソー」,3319538A4052,－|ラクトリンゲルM注「フソー」,,注射剤,ラクトリンゲルM注「フソー」,7e89c25bb141
－,ラクトリンゲルM注「フソー」,3319538A2092,－|ラクトリンゲルM注「フソー」,,注射剤,ラクトリンゲルM注「フソー」,7e89c25bb141
-,ラクトリンゲルS注「フソー」,3319535A4113,-|ラクトリンゲルS注「フソー」,,注射剤,ラクトリンゲルS注「フソー」,be314725eef8
-,ラクトリンゲルS注「フソー」,3319535A5055,-|ラクトリンゲルS注「フソー」,,注射剤,ラクトリンゲルS注「フソー」,be314725eef8
-,ラクトリンゲル液′′フソー′′,3319534A4054,-|ラクトリンゲル液′′フソー′′,,液剤,ラクトリンゲル液′′フソー′′,9caf74f232db
-,ラクトリンゲル液′′フソー′′,3319534A6057,-|ラクトリンゲル液′′フソー′′,,液剤,ラクトリンゲル液′′フソー′′,9caf74f232db
-,ラクトリンゲル液′′フソー′′,3319534A3120,-|ラクトリンゲル液′′フソー′′,,液剤,ラクトリンゲル液′′フソー′′,9caf74f232db
モルヌピラビル,ラゲブリオカプセル200mg,6250051M1028,モルヌピラビル|ラゲブリオカプセル,200.0mg,カプセル,,c08454742f4b
ラコサミド,ラコサミド点滴静注200mg「日新」,1139404A4023,ラコサミド|ラコサミド点滴静注「日新」,200.0mg,注射剤,ラコサミド点滴静注100mg「日新」,936628fdaa2a
ラコサミド錠,ラコサミド錠100mg「JG」,1139015F2031,ラコサミド錠|ラコサミド錠「JG」,100.0mg,錠,ラコサミド錠50mg「JG」,e27514f16ac7
ラコサミド,ラコサミド錠100mg「VTRS」,1139015F2040,ラコサミド|ラコサミド錠「VTRS」,100.0mg,錠,ラコサミド錠50mg「VTRS」,ffaeaa8aeca1
ラコサミド錠,ラコサミド錠100mg「YD」,1139015F2058,ラコサミド錠|ラコサミド錠「YD」,100.0mg,錠,ラコサミド錠50mg「YD」,3bed19e37fad
ラコサミド,ラコサミド錠100mg「アメル」,1139015F2066,ラコサミド|ラコサミド錠「アメル」,100.0mg,錠,ラコサミド錠50mg「アメル」,9f4ede4dfbee
ラコサミド錠,ラコサミド錠100mg「ケミファ」,1139015F2074,ラコサミド錠|ラコサミド錠「ケミファ」,100.0mg,錠,ラコサミド錠50mg「ケミファ」,60a7efc3bc02
ラコサミド,ラコサミド錠100mg「サワイ」,1139015F2082,ラコサミド|ラコサミド錠「サワイ」,100.0mg,錠,ラコサミド錠50mg「サワイ」,54fc67ef17ae
ラコサミド錠,ラコサミド錠100mg「サンド」,1139015F2090,ラコサミド錠|ラコサミド錠「サンド」,100.0mg,錠,ラコサミド錠50mg「サンド」,41b6b93c349e
ラコサミド,ラコサミド錠100mg「タカタ」,1139015F2112,ラコサミド|ラコサミド錠「タカタ」,100.0mg,錠,ラコサミド錠50mg「タカタ」,d0458f629d3e
ラコサミド,ラコサミド錠100mg「ダイト」,1139015F2104,ラコサミド|ラコサミド錠「ダイト」,100.0mg,錠,ラコサミド錠50mg「ダイト」,b613a04000cd
ラコサミド錠,ラコサミド錠100mg「トーワ」,1139015F2139,ラコサミド錠|ラコサミド錠「トーワ」,100.0mg,錠,ラコサミド錠50mg「トーワ」,8a9d1429e922
ラコサミド,ラコサミド錠100mg「日新」,1139015F2120,ラコサミド|ラコサミド錠「日新」,100.0mg,錠,ラコサミド錠50mg「日新」,2fca8083a5a7
フロセミド錠,ラシックス錠20mg,2139005F1052,フロセミド錠|ラシックス錠,20.0mg,錠,ラシックス錠10mg,d1e125087417
フロセミド錠,ラシックス錠40mg,2139005F2342,フロセミド錠|ラシックス錠,40.0mg,錠,ラシックス錠10mg,d1e125087417
エトポシドカプセル,ラステットSカプセル50mg,4240001M2063,エトポシドカプセル|ラステットSカプセル,50.0mg,カプセル,ラステットSカプセル25mg,27a9950da4d8
ラスブリカーゼ（遺伝子組換え）,ラスリテック点滴静注用7.5mg,3959415F2021,ラスブリカーゼ（遺伝子組換え）|ラスリテック点滴静注用,7.5mg,注射剤,ラスリテック点滴静注用1.5mg,8a6646c3c078
ラゼルチニブメシル酸塩水和物,ラズクルーズ錠240mg,4291091F2023,ラゼルチニブメシル酸塩水和物|ラズクルーズ錠,240.0mg,錠,ラズクルーズ錠80mg,ac235fedc9ed
ビフィズス菌,ラックビー錠,2316014F1023,ビフィズス菌|ラックビー錠,,錠,,13140468422c
ルラシドン塩酸塩,ラツーダ錠40mg,1179061F2029,ルラシドン塩酸塩|ラツーダ錠,40.0mg,錠,ラツーダ錠20mg,0212bf89876c
ルラシドン塩酸塩,ラツーダ錠60mg,1179061F3025,ルラシドン塩酸塩|ラツーダ錠,60.0mg,錠,ラツーダ錠20mg,0212bf89876c
ルラシドン塩酸塩,ラツーダ錠80mg,1179061F4021,ルラシドン塩酸塩|ラツーダ錠,80.0mg,錠,ラツーダ錠20mg,0212bf89876c
ラノコナゾール製剤,ラノコナゾール外用液1%「イワキ」,2655710Q1044,ラノコナゾール製剤|ラノコナゾール外用液「イワキ」,1.0%,液剤,,c35eb5f7b1d5
ラノコナゾール製剤,ラノコナゾール軟膏1%「イワキ」,2655710M1042,ラノコナゾール製剤|ラノコナゾール軟膏「イワキ」,1.0%,軟膏,,c35eb5f7b1d5
シロリムス,ラパリムス顆粒0.2%,4291035D1022,シロリムス|ラパリムス顆粒,0.2%,顆粒,,18f3990a38c8
ペラミビル水和物,ラピアクタ点滴静注液バイアル150mg,6250405A1032,ペラミビル水和物|ラピアクタ点滴静注液バイアル,150.0mg,注射剤,,fa8aeadca489
フェンタニル,ラフェンタテープ11mg,8219700U1021,フェンタニル|ラフェンタテープ,11.0mg,貼付剤,ラフェンタテープ1.38mg,a222122b24f2
フェンタニル,ラフェンタテープ2.75mg,8219700T7024,フェンタニル|ラフェンタテープ,2.75mg,貼付剤,ラフェンタテープ1.38mg,a222122b24f2
フェンタニル,ラフェンタテープ5.5mg,8219700T8020,フェンタニル|ラフェンタテープ,5.5mg,貼付剤,ラフェンタテープ1.38mg,a222122b24f2
フェンタニル,ラフェンタテープ8.25mg,8219700T9027,フェンタニル|ラフェンタテープ,8.25mg,貼付剤,ラフェンタテープ1.38mg,a222122b24f2
ラフチジン錠,ラフチジン錠10mg「JG」,2325006F2059,ラフチジン錠|ラフチジン錠「JG」,10.0mg,錠,ラフチジン錠5mg「JG」,8dec07bd4e9b
ラフチジン錠,ラフチジン錠10mg「TCK」,2325006F2067,ラフチジン錠|ラフチジン錠「TCK」,10.0mg,錠,ラフチジン錠5mg「TCK」,8f485dc27ab8
ラフチジン錠,ラフチジン錠10mg「YD」,2325006F2075,ラフチジン錠|ラフチジン錠「YD」,10.0mg,錠,ラフチジン錠5mg「YD」,9f9e3fb07b24
ラフチジン,ラフチジン錠10mg「サワイ」,2325006F2083,ラフチジン|ラフチジン錠「サワイ」,10.0mg,錠,ラフチジン錠5mg「サワイ」,75ff63ab8a86
ラフチジン錠,ラフチジン錠10mg「トーワ」,2325006F2105,ラフチジン錠|ラフチジン錠「トーワ」,10.0mg,錠,ラフチジン錠5mg「トーワ」,f734a39c8372
ラフチジン,ラフチジン錠10mg「日医工」,2325006F2113,ラフチジン|ラフチジン錠「日医工」,10.0mg,錠,ラフチジン錠5mg「日医工」,6ba419248e51
ラベタロール塩酸塩錠,ラベタロール塩酸塩錠100mg「トーワ」,2149009F2070,ラベタロール塩酸塩錠|ラベタロール塩酸塩錠「トーワ」,100.0mg,錠,ラベタロール塩酸塩錠50mg「トーワ」,1c4dd8059d40
ラベプラゾールナトリウム,ラベプラゾールNa塩錠10mg「明治」,2329028F1155,ラベプラゾールナトリウム|ラベプラゾールNa塩錠「明治」,10.0mg,錠,ラベプラゾールNa塩錠20mg「明治」; ラベプラゾールNa塩錠5mg「明治」,a038017edefe
ラベプラゾールナトリウム,ラベプラゾールNa錠10mg「AA」,2329028F1031,ラベプラゾールナトリウム|ラベプラゾールNa錠「AA」,10.0mg,錠,ラベプラゾールNa錠20mg「AA」; ラベプラゾールNa錠5mg「AA」,cc47795cc187
ラベプラゾールナトリウム,ラベプラゾールNa錠10mg「AFP」,2329028F1317,ラベプラゾールナトリウム|ラベプラゾールNa錠「AFP」,10.0mg,錠,ラベプラゾールNa錠20mg「AFP」; ラベプラゾールNa錠5mg「AFP」,ef7dc130964e
ラベプラゾールナトリウム錠,ラベプラゾールNa錠10mg「JG」,2329028F1058,ラベプラゾールナトリウム錠|ラベプラゾールNa錠「JG」,10.0mg,錠,ラベプラゾールNa錠20mg「JG」; ラベプラゾールNa錠5mg「JG」,0103e5ca58c3
ラベプラゾールナトリウム錠,ラベプラゾールNa錠10mg「NIG」,2329028F1333,ラベプラゾールナトリウム錠|ラベプラゾールNa錠「NIG」,10.0mg,錠,ラベプラゾールNa錠20mg「NIG」; ラベプラゾールNa錠5mg「NIG」,604686884722
ラベプラゾールナトリウム,ラベプラゾールNa錠10mg「VTRS」,2329028F1325,ラベプラゾールナトリウム|ラベプラゾールNa錠「VTRS」,10.0mg,錠,ラベプラゾールNa錠20mg「VTRS」; ラベプラゾールNa錠5mg「VTRS」,14a7e4e6ee3c
ラベプラゾールナトリウム錠,ラベプラゾールNa錠10mg「YD」,2329028F1066,ラベプラゾールナトリウム錠|ラベプラゾールNa錠「YD」,10.0mg,錠,ラベプラゾールNa錠20mg「YD」; ラベプラゾールNa錠5mg「YD」,72db6b79a667
ラベプラゾールナトリウム,ラベプラゾールNa錠10mg「サワイ」,2329028F1104,ラベプラゾールナトリウム|ラベプラゾールNa錠「サワイ」,10.0mg,錠,ラベプラゾールNa錠20mg「サワイ」; ラベプラゾールNa錠5mg「サワイ」,31d96b89a86e
ラベプラゾールナトリウム錠,ラベプラゾールNa錠10mg「トーワ」,2329028F1112,ラベプラゾールナトリウム錠|ラベプラゾールNa錠「トーワ」,10.0mg,錠,ラベプラゾールNa錠20mg「トーワ」; ラベプラゾールNa錠5mg「トーワ」,e1283a69e644
ラベプラゾールナトリウム錠,ラベプラゾールNa錠10mg「ニプロ」,2329028F1309,ラベプラゾールナトリウム錠|ラベプラゾールNa錠「ニプロ」,10.0mg,錠,ラベプラゾールNa錠20mg「ニプロ」; ラベプラゾールNa錠5mg「ニプロ」,ecf307548d14
ラベプラゾールナトリウム,ラベプラゾールNa錠10mg「日新」,2329028F1120,ラベプラゾールナトリウム|ラベプラゾールNa錠「日新」,10.0mg,錠,ラベプラゾールNa錠20mg「日新」; ラベプラゾールNa錠5mg「日新」,8446bb62f790
ラベプラゾールナトリウム,ラベプラゾールNa錠10mg「杏林」,2329028F1082,ラベプラゾールナトリウム|ラベプラゾールNa錠「杏林」,10.0mg,錠,ラベプラゾールNa錠20mg「杏林」; ラベプラゾールNa錠5mg「杏林」,1df0300a5619
ラベプラゾールナトリウム錠,ラベプラゾールナトリウム錠10mg「TCK」,2329028F1198,ラベプラゾールナトリウム錠|ラベプラゾールナトリウム錠「TCK」,10.0mg,錠,ラベプラゾールナトリウム錠20mg「TCK」; ラベプラゾールナトリウム錠5mg「TCK」,c796cbf55289
ラベプラゾールナトリウム,ラベプラゾールナトリウム錠10mg「科研」,2329028F1201,ラベプラゾールナトリウム|ラベプラゾールナトリウム錠「科研」,10.0mg,錠,ラベプラゾールナトリウム錠20mg「科研」; ラベプラゾールナトリウム錠5mg「科研」,e38ab64e784a
注射用チオペンタールナトリウム,ラボナール注射用0.5g,1115400X2023,注射用チオペンタールナトリウム|ラボナール注射用,0.5g,注射剤,ラボナール注射用0.3g,c2e59bb0fd65
ラマトロバン,ラマトロバン錠75mg「KO」,4490021F2030,ラマトロバン|ラマトロバン錠「KO」,75.0mg,錠,ラマトロバン錠50mg「KO」,b258656d5651
ラモトリギン,ラミクタール錠100mg,1139009F4020,ラモトリギン|ラミクタール錠,100.0mg,錠,,390e3ca6ee01
ラモトリギン,ラミクタール錠25mg,1139009F3024,ラモトリギン|ラミクタール錠,25.0mg,錠,,390e3ca6ee01
ラモトリギン,ラミクタール錠小児用5mg,1139009F2028,ラモトリギン|ラミクタール錠小児用,5.0mg,錠,ラミクタール錠小児用2mg,390e3ca6ee01
ラモトリギン錠,ラモトリギン錠100mg「JG」,1139009F4039,ラモトリギン錠|ラモトリギン錠「JG」,100.0mg,錠,,f7bb0f0df2cf
ラモトリギン,ラモトリギン錠100mg「アメル」,1139009F4047,ラモトリギン|ラモトリギン錠「アメル」,100.0mg,錠,,174e4df1527a
ラモトリギン,ラモトリギン錠100mg「サワイ」,1139009F4055,ラモトリギン|ラモトリギン錠「サワイ」,100.0mg,錠,,bb0bb69c46b2
ラモトリギン錠,ラモトリギン錠100mg「トーワ」,1139009F4063,ラモトリギン錠|ラモトリギン錠「トーワ」,100.0mg,錠,,2e0ce307c25e
ラモトリギン,ラモトリギン錠100mg「日医工」,1139009F4071,ラモトリギン|ラモトリギン錠「日医工」,100.0mg,錠,,166b6974dedb
ラモトリギン錠,ラモトリギン錠25mg「JG」,1139009F3032,ラモトリギン錠|ラモトリギン錠「JG」,25.0mg,錠,,f7bb0f0df2cf
ラモトリギン,ラモトリギン錠25mg「アメル」,1139009F3040,ラモトリギン|ラモトリギン錠「アメル」,25.0mg,錠,,174e4df1527a
ラモトリギン,ラモトリギン錠25mg「サワイ」,1139009F3059,ラモトリギン|ラモトリギン錠「サワイ」,25.0mg,錠,,bb0bb69c46b2
ラモトリギン錠,ラモトリギン錠25mg「トーワ」,1139009F3067,ラモトリギン錠|ラモトリギン錠「トーワ」,25.0mg,錠,,2e0ce307c25e
ラモトリギン,ラモトリギン錠25mg「日医工」,1139009F3075,ラモトリギン|ラモトリギン錠「日医工」,25.0mg,錠,,166b6974dedb
ラモトリギン錠,ラモトリギン錠小児用5mg「JG」,1139009F2060,ラモトリギン錠|ラモトリギン錠小児用「JG」,5.0mg,錠,ラモトリギン錠小児用2mg「JG」,f7bb0f0df2cf
ラモトリギン,ラモトリギン錠小児用5mg「アメル」,1139009F2079,ラモトリギン|ラモトリギン錠小児用「アメル」,5.0mg,錠,ラモトリギン錠小児用2mg「アメル」,174e4df1527a
ラモトリギン,ラモトリギン錠小児用5mg「サワイ」,1139009F2036,ラモトリギン|ラモトリギン錠小児用「サワイ」,5.0mg,錠,ラモトリギン錠小児用2mg「サワイ」,bb0bb69c46b2
ラモトリギン錠,ラモトリギン錠小児用5mg「トーワ」,1139009F2044,ラモトリギン錠|ラモトリギン錠小児用「トーワ」,5.0mg,錠,ラモトリギン錠小児用2mg「トーワ」,2e0ce307c25e
ラモトリギン,ラモトリギン錠小児用5mg「日医工」,1139009F2052,ラモトリギン|ラモトリギン錠小児用「日医工」,5.0mg,錠,ラモトリギン錠小児用2mg「日医工」,166b6974dedb
セファレキシン,ラリキシンドライシロップ小児用20%,6132002R2130,セファレキシン|ラリキシンドライシロップ小児用,20.0%,ドライシロップ,ラリキシンドライシロップ小児用10%,96ce2f622cc1
ランジオロール塩酸塩,ランジオロール塩酸塩点滴静注用150mg 「F」,2123404D3036,ランジオロール塩酸塩|ランジオロール塩酸塩点滴静注用「F」,150.0mg,注射剤,ランジオロール塩酸塩点滴静注用50mg「F」,02d8dc4689c0
ランソプラゾール腸溶性口腔内崩壊錠,ランソプラゾールOD錠30mg「NIG」,2329023F2159,ランソプラゾール腸溶性口腔内崩壊錠|ランソプラゾールOD錠「NIG」,30.0mg,OD錠,ランソプラゾールOD錠15mg「NIG」,a8af5f513daa
ランソプラゾール,ランソプラゾールOD錠30mg「ケミファ」,2329023F2116,ランソプラゾール|ランソプラゾールOD錠「ケミファ」,30.0mg,OD錠,ランソプラゾールOD錠15mg「ケミファ」,be46029a349e
ランソプラゾール,ランソプラゾールOD錠30mg「サワイ」,2329023F2108,ランソプラゾール|ランソプラゾールOD錠「サワイ」,30.0mg,OD錠,ランソプラゾールOD錠15mg「サワイ」,bb1a1e910a47
ランソプラゾール腸溶性口腔内崩壊錠,ランソプラゾールOD錠30mg「トーワ」,2329023F2078,ランソプラゾール腸溶性口腔内崩壊錠|ランソプラゾールOD錠「トーワ」,30.0mg,OD錠,ランソプラゾールOD錠15mg「トーワ」,609ad11b117f
ランソプラゾール腸溶性口腔内崩壊錠,ランソプラゾールOD錠30mg「武田テバ」,2329023F2140,ランソプラゾール腸溶性口腔内崩壊錠|ランソプラゾールOD錠「武田テバ」,30.0mg,OD錠,ランソプラゾールOD錠15mg「武田テバ」,4ce93ce72a86
ランソプラゾール腸溶カプセル,ランソプラゾールカプセル30mg「NIG」,2329023M2182,ランソプラゾール腸溶カプセル|ランソプラゾールカプセル「NIG」,30.0mg,カプセル,ランソプラゾールカプセル15mg「NIG」,4e224a86684b
ランソプラゾール,ランソプラゾールカプセル30mg「サワイ」,2329023M2140,ランソプラゾール|ランソプラゾールカプセル「サワイ」,30.0mg,カプセル,ランソプラゾールカプセル15mg「サワイ」,22b3b6112257
シスプラチン製剤,ランダ注50mg/100mL,4291401A3090,シスプラチン製剤|ランダ注/,50.0mg/100.0ml,注射剤,ランダ注10mg/20mL,2c804f021f33
エホニジピン塩酸塩エタノール付加物,ランデル錠20,2149034F2027,エホニジピン塩酸塩エタノール付加物|ランデル錠20,,錠,,5d6c4d176406
エホニジピン塩酸塩エタノール付加物,ランデル錠40,2149034F3023,エホニジピン塩酸塩エタノール付加物|ランデル錠40,,錠,,5d6c4d176406
クロナゼパム,ランドセン細粒0.1％,1139003C1052,クロナゼパム|ランドセン細粒,0.1%,(不明),,289138c08d71
クロナゼパム,ランドセン細粒0.5％,1139003C2059,クロナゼパム|ランドセン細粒,0.5%,(不明),,289138c08d71
クロナゼパム,ランドセン錠1mg,1139003F2055,クロナゼパム|ランドセン錠,1.0mg,錠,ランドセン錠0.5mg,289138c08d71
クロナゼパム,ランドセン錠2mg,1139003F3051,クロナゼパム|ランドセン錠,2.0mg,錠,ランドセン錠0.5mg,289138c08d71
メサラジン,リアルダ錠600mg,2399009F5020,メサラジン|リアルダ錠,600.0mg,錠,リアルダ錠1200mg,7116788386df
アログリプチン安息香酸塩/ピオグリタゾン塩酸塩,リオベル配合錠HD,3969103F2020,アログリプチン安息香酸塩/ピオグリタゾン塩酸塩|リオベル配合錠HD,,錠,,7a3a6a468193
バクロフェン,リオレサール錠10mg,1249006F2042,バクロフェン|リオレサール錠,10.0mg,錠,リオレサール錠5mg,0174af347125
リルピビリン,リカムビス水懸筋注900mg,6250409A2029,リルピビリン|リカムビス水懸筋注,900.0mg,注射剤,リカムビス水懸筋注600mg,372eb4f09b8d
エドキサバントシル酸塩水和物口腔内崩壊錠,リクシアナOD錠30mg,3339002F5025,エドキサバントシル酸塩水和物口腔内崩壊錠|リクシアナOD錠,30.0mg,OD錠,リクシアナOD錠15mg,a17fcd79afd1
エドキサバントシル酸塩水和物口腔内崩壊錠,リクシアナOD錠60mg,3339002F6021,エドキサバントシル酸塩水和物口腔内崩壊錠|リクシアナOD錠,60.0mg,OD錠,リクシアナOD錠15mg,a17fcd79afd1
エドキサバントシル酸塩水和物錠,リクシアナ錠30mg,3339002F2026,エドキサバントシル酸塩水和物錠|リクシアナ錠,30.0mg,錠,リクシアナ錠15mg,8e468dea4c25
エドキサバントシル酸塩水和物錠,リクシアナ錠60mg,3339002F3022,エドキサバントシル酸塩水和物錠|リクシアナ錠,60.0mg,錠,リクシアナ錠15mg,8e468dea4c25
トラフェルミン（遺伝子組換え）,リグロス歯科用液キット1200μg,2790823U2022,トラフェルミン（遺伝子組換え）|リグロス歯科用液キット,1200.0μg,液剤,リグロス歯科用液キット600μg,be167f22ca98
日本薬局方トラニラストカプセル日本薬局方トラニラスト細粒日本薬局方シロップ用トラニラスト,リザベンドライシロップ5%,4490002R1142,日本薬局方トラニラストカプセル日本薬局方トラニラスト細粒日本薬局方シロップ用トラニラスト|リザベンドライシロップ,5.0%,ドライシロップ,,3469334a33a9
日本薬局方トラニラストカプセル日本薬局方トラニラスト細粒日本薬局方シロップ用トラニラスト,リザベン細粒10%,4490002C1123,日本薬局方トラニラストカプセル日本薬局方トラニラスト細粒日本薬局方シロップ用トラニラスト|リザベン細粒,10.0%,(不明),,3469334a33a9
リシノプリル水和物錠,リシノプリル錠10mg「NIG」,2144006F2185,リシノプリル水和物錠|リシノプリル錠「NIG」,10.0mg,錠,リシノプリル錠5mg「NIG」,6e2e7ea7628d
リシノプリル水和物,リシノプリル錠10mg「サワイ」,2144006F2169,リシノプリル水和物|リシノプリル錠「サワイ」,10.0mg,錠,リシノプリル錠5mg「サワイ」,5a26bde56b9d
リシノプリル錠,リシノプリル錠10mg「トーワ」,2144006F2118,リシノプリル錠|リシノプリル錠「トーワ」,10.0mg,錠,リシノプリル錠5mg「トーワ」,22072878fed9
リシノプリル水和物錠,リシノプリル錠20mg「NIG」,2144006F3149,リシノプリル水和物錠|リシノプリル錠「NIG」,20.0mg,錠,リシノプリル錠5mg「NIG」,6e2e7ea7628d
リシノプリル水和物,リシノプリル錠20mg「サワイ」,2144006F3122,リシノプリル水和物|リシノプリル錠「サワイ」,20.0mg,錠,リシノプリル錠5mg「サワイ」,5a26bde56b9d
リシノプリル錠,リシノプリル錠20mg「トーワ」,2144006F3041,リシノプリル錠|リシノプリル錠「トーワ」,20.0mg,錠,リシノプリル錠5mg「トーワ」,22072878fed9
ロザノリキシズマブ（遺伝子組換え）,リスティーゴ皮下注420mg,6399432A2024,ロザノリキシズマブ（遺伝子組換え）|リスティーゴ皮下注,420.0mg,注射剤,リスティーゴ皮下注280mg,8948d00a962f
リスペリドン,リスパダール コンスタ筋注用37.5mg,1179407G2022,リスペリドン|リスパダールコンスタ筋注用,37.5mg,注射剤,リスパダール コンスタ筋注用25mg,1de58ba21485
リスペリドン,リスパダール コンスタ筋注用50mg,1179407G3029,リスペリドン|リスパダールコンスタ筋注用,50.0mg,注射剤,リスパダール コンスタ筋注用25mg,1de58ba21485
リスペリドン,リスパダールOD錠1mg,1179038F5029,リスペリドン|リスパダールOD錠,1.0mg,OD錠,リスパダールOD錠0.5mg,874737979f06
リスペリドン,リスパダールOD錠2mg,1179038F6025,リスペリドン|リスパダールOD錠,2.0mg,OD錠,リスパダールOD錠0.5mg,874737979f06
リスペリドン,リスパダール細粒1％,1179038C1027,リスペリドン|リスパダール細粒,1.0%,(不明),,f0462fdcea1e
リスペリドン,リスパダール錠2mg,1179038F2020,リスペリドン|リスパダール錠,2.0mg,錠,リスパダール錠1mg,f0462fdcea1e
リスペリドン,リスパダール錠3mg,1179038F3026,リスペリドン|リスパダール錠,3.0mg,錠,リスパダール錠1mg,f0462fdcea1e
リスペリドン,リスペリドンOD錠1mg「アメル」,1179038F5045,リスペリドン|リスペリドンOD錠「アメル」,1.0mg,OD錠,リスペリドンOD錠0.5mg「アメル」,74e275a1b26a
リスペリドン,リスペリドンOD錠1mg「サワイ」,1179038F5037,リスペリドン|リスペリドンOD錠「サワイ」,1.0mg,OD錠,リスペリドンOD錠0.5mg「サワイ」,0155c7ec6aa5
リスペリドン,リスペリドンOD錠1mg「タカタ」,1179038F5053,リスペリドン|リスペリドンOD錠「タカタ」,1.0mg,OD錠,リスペリドンOD錠0.5mg「タカタ」,48fefe4d7c56
リスペリドン口腔内崩壊錠,リスペリドンOD錠1mg「トーワ」,1179038F5061,リスペリドン口腔内崩壊錠|リスペリドンOD錠「トーワ」,1.0mg,OD錠,リスペリドンOD錠0.5mg「トーワ」,1bb22a65a368
リスペリドン,リスペリドンOD錠2mg「アメル」,1179038F6041,リスペリドン|リスペリドンOD錠「アメル」,2.0mg,OD錠,リスペリドンOD錠0.5mg「アメル」,74e275a1b26a
リスペリドン,リスペリドンOD錠2mg「サワイ」,1179038F6033,リスペリドン|リスペリドンOD錠「サワイ」,2.0mg,OD錠,リスペリドンOD錠0.5mg「サワイ」,0155c7ec6aa5
リスペリドン,リスペリドンOD錠2mg「タカタ」,1179038F6050,リスペリドン|リスペリドンOD錠「タカタ」,2.0mg,OD錠,リスペリドンOD錠0.5mg「タカタ」,48fefe4d7c56
リスペリドン口腔内崩壊錠,リスペリドンOD錠2mg「トーワ」,1179038F6068,リスペリドン口腔内崩壊錠|リスペリドンOD錠「トーワ」,2.0mg,OD錠,リスペリドンOD錠0.5mg「トーワ」,1bb22a65a368
リスペリドン,リスペリドンOD錠3mg「アメル」,1179038F8052,リスペリドン|リスペリドンOD錠「アメル」,3.0mg,OD錠,リスペリドンOD錠0.5mg「アメル」,74e275a1b26a
リスペリドン,リスペリドンOD錠3mg「サワイ」,1179038F8036,リスペリドン|リスペリドンOD錠「サワイ」,3.0mg,OD錠,リスペリドンOD錠0.5mg「サワイ」,0155c7ec6aa5
リスペリドン,リスペリドンOD錠3mg「タカタ」,1179038F8028,リスペリドン|リスペリドンOD錠「タカタ」,3.0mg,OD錠,リスペリドンOD錠0.5mg「タカタ」,48fefe4d7c56
リスペリドン口腔内崩壊錠,リスペリドンOD錠3mg「トーワ」,1179038F8044,リスペリドン口腔内崩壊錠|リスペリドンOD錠「トーワ」,3.0mg,OD錠,リスペリドンOD錠0.5mg「トーワ」,1bb22a65a368
リスペリドン,リスペリドン内用液分包0.5mg「アメル」,1179038S2044,リスペリドン|リスペリドン内用液分包「アメル」,0.5mg,液剤,,109f5562735b
リスペリドン,リスペリドン内用液分包1mg「アメル」,1179038S3024,リスペリドン|リスペリドン内用液分包「アメル」,1.0mg,液剤,,109f5562735b
リスペリドン,リスペリドン内用液分包2mg「アメル」,1179038S4047,リスペリドン|リスペリドン内用液分包「アメル」,2.0mg,液剤,,109f5562735b
リスペリドン,リスペリドン内用液分包3mg「アメル」,1179038S5027,リスペリドン|リスペリドン内用液分包「アメル」,3.0mg,液剤,,109f5562735b
リスペリドン錠/細粒,リスペリドン細粒1%「トーワ」,1179038C1116,リスペリドン錠/細粒|リスペリドン細粒「トーワ」,1.0%,(不明),,99bcd3fe8bc1
リスペリドン,リスペリドン細粒1%「ニプロ」,1179038C1183,リスペリドン|リスペリドン細粒「ニプロ」,1.0%,(不明),,4b6b085775b6
リスペリドン,リスペリドン細粒1%「ヨシトミ」,1179038C1140,リスペリドン|リスペリドン細粒「ヨシトミ」,1.0%,(不明),,7f7efe822be2
リスペリドン,リスペリドン細粒1％「NP」,1179038C1051,リスペリドン|リスペリドン細粒「NP」,1.0%,(不明),,65fb68838178
リスペリドン,リスペリドン細粒1％「アメル」,1179038C1078,リスペリドン|リスペリドン細粒「アメル」,1.0%,(不明),,a34f1edf94e7
リスペリドン,リスペリドン細粒1％「サワイ」,1179038C1094,リスペリドン|リスペリドン細粒「サワイ」,1.0%,(不明),,2086c4b3bf5d
リスペリドン,リスペリドン錠1mg「NP」,1179038F1058,リスペリドン|リスペリドン錠「NP」,1.0mg,錠,リスペリドン錠0.5mg「NP」,65fb68838178
リスペリドン,リスペリドン錠1mg「アメル」,1179038F1074,リスペリドン|リスペリドン錠「アメル」,1.0mg,錠,リスペリドン錠0.5mg「アメル」,a34f1edf94e7
リスペリドン,リスペリドン錠1mg「クニヒロ」,1179038F1180,リスペリドン|リスペリドン錠「クニヒロ」,1.0mg,錠,リスペリドン錠0.5mg「クニヒロ」,b2f68314f799
リスペリドン,リスペリドン錠1mg「タカタ」,1179038F1163,リスペリドン|リスペリドン錠「タカタ」,1.0mg,錠,,a65e05fa7893
リスペリドン,リスペリドン錠2mg「NP」,1179038F2054,リスペリドン|リスペリドン錠「NP」,2.0mg,錠,リスペリドン錠0.5mg「NP」,65fb68838178
リスペリドン,リスペリドン錠2mg「アメル」,1179038F2070,リスペリドン|リスペリドン錠「アメル」,2.0mg,錠,リスペリドン錠0.5mg「アメル」,a34f1edf94e7
リスペリドン,リスペリドン錠2mg「クニヒロ」,1179038F2186,リスペリドン|リスペリドン錠「クニヒロ」,2.0mg,錠,リスペリドン錠0.5mg「クニヒロ」,b2f68314f799
リスペリドン,リスペリドン錠2mg「サワイ」,1179038F2097,リスペリドン|リスペリドン錠「サワイ」,2.0mg,錠,リスペリドン錠1mg「サワイ」,2086c4b3bf5d
リスペリドン,リスペリドン錠2mg「タカタ」,1179038F2178,リスペリドン|リスペリドン錠「タカタ」,2.0mg,錠,,a65e05fa7893
リスペリドン錠/細粒,リスペリドン錠2mg「トーワ」,1179038F2127,リスペリドン錠/細粒|リスペリドン錠「トーワ」,2.0mg,錠,リスペリドン錠1mg「トーワ」,99bcd3fe8bc1
リスペリドン,リスペリドン錠2mg「ニプロ」,1179038F2208,リスペリドン|リスペリドン錠「ニプロ」,2.0mg,錠,リスペリドン錠1mg「ニプロ」,4b6b085775b6
リスペリドン,リスペリドン錠2mg「ヨシトミ」,1179038F2151,リスペリドン|リスペリドン錠「ヨシトミ」,2.0mg,錠,リスペリドン錠0.5mg「ヨシトミ」; リスペリドン錠1mg「ヨシトミ」,7f7efe822be2
リスペリドン,リスペリドン錠3mg「NP」,1179038F3069,リスペリドン|リスペリドン錠「NP」,3.0mg,錠,リスペリドン錠0.5mg「NP」,65fb68838178
リスペリドン,リスペリドン錠3mg「アメル」,1179038F3034,リスペリドン|リスペリドン錠「アメル」,3.0mg,錠,リスペリドン錠0.5mg「アメル」,a34f1edf94e7
リスペリドン,リスペリドン錠3mg「クニヒロ」,1179038F3174,リスペリドン|リスペリドン錠「クニヒロ」,3.0mg,錠,リスペリドン錠0.5mg「クニヒロ」,b2f68314f799
リスペリドン,リスペリドン錠3mg「サワイ」,1179038F3085,リスペリドン|リスペリドン錠「サワイ」,3.0mg,錠,リスペリドン錠1mg「サワイ」,2086c4b3bf5d
リスペリドン,リスペリドン錠3mg「タカタ」,1179038F3107,リスペリドン|リスペリドン錠「タカタ」,3.0mg,錠,,a65e05fa7893
リスペリドン錠/細粒,リスペリドン錠3mg「トーワ」,1179038F3123,リスペリドン錠/細粒|リスペリドン錠「トーワ」,3.0mg,錠,リスペリドン錠1mg「トーワ」,99bcd3fe8bc1
リスペリドン,リスペリドン錠3mg「ニプロ」,1179038F3190,リスペリドン|リスペリドン錠「ニプロ」,3.0mg,錠,リスペリドン錠1mg「ニプロ」,4b6b085775b6
リスペリドン,リスペリドン錠3mg「ヨシトミ」,1179038F3115,リスペリドン|リスペリドン錠「ヨシトミ」,3.0mg,錠,リスペリドン錠0.5mg「ヨシトミ」; リスペリドン錠1mg「ヨシトミ」,7f7efe822be2
リルマザホン塩酸塩水和物,リスミー錠2mg,1129006F2028,リルマザホン塩酸塩水和物|リスミー錠,2.0mg,錠,リスミー錠1mg,88e722ca86e8
ジソピラミド,リスモダンカプセル50mg,2129002M1060,ジソピラミド|リスモダンカプセル,50.0mg,カプセル,リスモダンカプセル100mg,3d2314d6b32e
チモロールマレイン酸塩持続性点眼液,リズモンTG点眼液0.5%,1319702Q6028,チモロールマレイン酸塩持続性点眼液|リズモンTG点眼液,0.5%,点眼剤,リズモンTG点眼液0.25%; リズモンTG点眼液0.25％,f408b42fdc70
チモロールマレイン酸塩持続性点眼液,リズモンTG点眼液0.5％,1319702Q6028,チモロールマレイン酸塩持続性点眼液|リズモンTG点眼液,0.5%,点眼剤,リズモンTG点眼液0.25%; リズモンTG点眼液0.25％,788832060658
リツキシマブ（遺伝子組換え）製剤,リツキサン点滴静注500mg,4291407A2031,リツキシマブ（遺伝子組換え）製剤|リツキサン点滴静注,500.0mg,注射剤,リツキサン点滴静注100mg,6c09b97b69b0
リツキシマブ（遺伝子組換え）［リツキシマブ後続1］製剤,リツキシマブBS点滴静注500mg「KHK」,4291439A2023,リツキシマブ（遺伝子組換え）［リツキシマブ後続1］製剤|リツキシマブBS点滴静注「KHK」,500.0mg,注射剤,リツキシマブBS点滴静注100mg「KHK」,df9b50ad95f7
リツキシマブ（遺伝子組換え）［リツキシマブ後続2］,リツキシマブBS点滴静注500mg「ファイザー」,4291451A2024,リツキシマブ（遺伝子組換え）［リツキシマブ後続2］|リツキシマブBS点滴静注「ファイザー」,500.0mg,注射剤,リツキシマブBS点滴静注100mg「ファイザー」,71cf71ed5c37
リドカイン,リドカイン塩酸塩注0.5％「日新」,1214400A6067,リドカイン|リドカイン塩酸塩注「日新」,0.5%,注射剤,リドカイン塩酸塩注0.5％「日新」,2531ca7ddf97
リドカイン,リドカイン塩酸塩注1％「日新」,1214400A8060,リドカイン|リドカイン塩酸塩注「日新」,1.0%,注射剤,リドカイン塩酸塩注0.5％「日新」,2531ca7ddf97
リドカイン,リドカイン塩酸塩注1％「日新」,1214400A7063,リドカイン|リドカイン塩酸塩注「日新」,1.0%,注射剤,リドカイン塩酸塩注0.5％「日新」,2531ca7ddf97
リドカイン,リドカイン塩酸塩注2％「日新」,1214400H1063,リドカイン|リドカイン塩酸塩注「日新」,2.0%,注射剤,リドカイン塩酸塩注0.5％「日新」,2531ca7ddf97
リドカイン,リドカイン塩酸塩注2％「日新」,1214400A9066,リドカイン|リドカイン塩酸塩注「日新」,2.0%,注射剤,リドカイン塩酸塩注0.5％「日新」,2531ca7ddf97
リドカイン,リドカイン塩酸塩注射液0.5%「VTRS」,1214400A6083,リドカイン|リドカイン塩酸塩注射液「VTRS」,0.5%,注射剤,リドカイン塩酸塩注射液0.5%「VTRS」,e15c42695968
リドカイン,リドカイン塩酸塩注射液1%「VTRS」,1214400A7080,リドカイン|リドカイン塩酸塩注射液「VTRS」,1.0%,注射剤,リドカイン塩酸塩注射液0.5%「VTRS」,e15c42695968
リドカイン,リドカイン塩酸塩注射液1%「VTRS」,1214400A8086,リドカイン|リドカイン塩酸塩注射液「VTRS」,1.0%,注射剤,リドカイン塩酸塩注射液0.5%「VTRS」,e15c42695968
リドカイン,リドカイン塩酸塩注射液2%「VTRS」,1214400A9082,リドカイン|リドカイン塩酸塩注射液「VTRS」,2.0%,注射剤,リドカイン塩酸塩注射液0.5%「VTRS」,e15c42695968
リドカイン,リドカイン塩酸塩注射液2%「VTRS」,1214400H1080,リドカイン|リドカイン塩酸塩注射液「VTRS」,2.0%,注射剤,リドカイン塩酸塩注射液0.5%「VTRS」,e15c42695968
リドカイン塩酸塩,リドカイン注「NM」1%,1214401A3038,リドカイン塩酸塩|リドカイン注「NM」,1.0%,注射剤,リドカイン注「NM」0.5%,37e397edaf16
リドカイン塩酸塩,リドカイン注「NM」2%,1214401A4034,リドカイン塩酸塩|リドカイン注「NM」,2.0%,注射剤,リドカイン注「NM」0.5%,37e397edaf16
プレドニゾロン吉草酸エステル酢酸エステル,リドメックスコーワクリーム0.3%,2646720N1093,プレドニゾロン吉草酸エステル酢酸エステル|リドメックスコーワクリーム,0.3%,クリーム,,287078dd028b
プレドニゾロン吉草酸エステル酢酸エステル,リドメックスコーワローション0.3%,2646720Q1065,プレドニゾロン吉草酸エステル酢酸エステル|リドメックスコーワローション,0.3%,ローション,,287078dd028b
-,リナセートD輸液（500mL）,3319551A4104,-|リナセートD輸液(),500.0ml,液剤,リナセートD輸液（200mL）,ed7cf02a43ba
ベタメタゾンリン酸エステルナトリウム,リノロサール注射液20mg（0.4％）,2454404A3083,ベタメタゾンリン酸エステルナトリウム|リノロサール注射液(),20.0mg/0.4%,注射剤,リノロサール注射液2mg（0.4％）,94879d61d2f2
ベタメタゾンリン酸エステルナトリウム,リノロサール注射液4mg（0.4％）,2454404A2087,ベタメタゾンリン酸エステルナトリウム|リノロサール注射液(),4.0mg/0.4%,注射剤,リノロサール注射液2mg（0.4％）,94879d61d2f2
-,リハビックス−K2号輸液,3239516X1030,-|リハビックス−K2号輸液,,液剤,,0fb41e0e6c6a
ジクロロ酢酸ジイソプロピルアミン,リバオール錠20mg,3919002F1038,ジクロロ酢酸ジイソプロピルアミン|リバオール錠,20.0mg,錠,,b3730e3c7c96
リバスチグミン,リバスタッチパッチ13.5mg,1190700S3030,リバスチグミン|リバスタッチパッチ,13.5mg,(不明),リバスタッチパッチ4.5mg,62f2c9c2724f
リバスチグミン,リバスタッチパッチ18mg,1190700S4036,リバスチグミン|リバスタッチパッチ,18.0mg,(不明),リバスタッチパッチ4.5mg,62f2c9c2724f
リバスチグミン,リバスタッチパッチ9mg,1190700S2033,リバスチグミン|リバスタッチパッチ,9.0mg,(不明),リバスタッチパッチ4.5mg,62f2c9c2724f
リバスチグミン経皮吸収型製剤,リバスチグミンテープ13.5mg「DSEP」,1190700S3048,リバスチグミン経皮吸収型製剤|リバスチグミンテープ「DSEP」,13.5mg,貼付剤,リバスチグミンテープ4.5mg「DSEP」,53d58c22832b
リバスチグミン,リバスチグミンテープ13.5mg「KMP」,1190700S3056,リバスチグミン|リバスチグミンテープ「KMP」,13.5mg,貼付剤,リバスチグミンテープ4.5mg「KMP」,36d4f3ac4d87
リバスチグミン経皮吸収型製剤,リバスチグミンテープ13.5mg「YD」,1190700S3064,リバスチグミン経皮吸収型製剤|リバスチグミンテープ「YD」,13.5mg,貼付剤,リバスチグミンテープ4.5mg「YD」,61da42b379be
リバスチグミン経皮吸収型製剤,リバスチグミンテープ13.5mg「YP」,1190700S3072,リバスチグミン経皮吸収型製剤|リバスチグミンテープ「YP」,13.5mg,貼付剤,リバスチグミンテープ4.5mg「YP」,579fa43f640c
リバスチグミン経皮吸収型製剤,リバスチグミンテープ13.5mg「アメル」,1190700S3080,リバスチグミン経皮吸収型製剤|リバスチグミンテープ「アメル」,13.5mg,貼付剤,リバスチグミンテープ4.5mg「アメル」,6de2ac02e742
リバスチグミン,リバスチグミンテープ13.5mg「サワイ」,1190700S3099,リバスチグミン|リバスチグミンテープ「サワイ」,13.5mg,貼付剤,リバスチグミンテープ4.5mg「サワイ」,1cc52d37a374
リバスチグミン経皮吸収型製剤,リバスチグミンテープ13.5mg「トーワ」,1190700S3102,リバスチグミン経皮吸収型製剤|リバスチグミンテープ「トーワ」,13.5mg,貼付剤,リバスチグミンテープ4.5mg「トーワ」,44bce459e083
リバスチグミン経皮吸収型製剤,リバスチグミンテープ13.5mg「ニプロ」,1190700S3129,リバスチグミン経皮吸収型製剤|リバスチグミンテープ「ニプロ」,13.5mg,貼付剤,リバスチグミンテープ4.5mg「ニプロ」,4e728338d8bd
リバスチグミン経皮吸収型製剤,リバスチグミンテープ13.5mg「久光」,1190700S3137,リバスチグミン経皮吸収型製剤|リバスチグミンテープ「久光」,13.5mg,貼付剤,リバスチグミンテープ4.5mg「久光」,ace2152c880a
リバスチグミン,リバスチグミンテープ13.5mg「日医工」,1190700S3110,リバスチグミン|リバスチグミンテープ「日医工」,13.5mg,貼付剤,リバスチグミンテープ4.5mg「日医工」,c779b0312317
リバスチグミン経皮吸収型製剤,リバスチグミンテープ18mg「DSEP」,1190700S4044,リバスチグミン経皮吸収型製剤|リバスチグミンテープ「DSEP」,18.0mg,貼付剤,リバスチグミンテープ4.5mg「DSEP」,53d58c22832b
リバスチグミン,リバスチグミンテープ18mg「KMP」,1190700S4052,リバスチグミン|リバスチグミンテープ「KMP」,18.0mg,貼付剤,リバスチグミンテープ4.5mg「KMP」,36d4f3ac4d87
リバスチグミン経皮吸収型製剤,リバスチグミンテープ18mg「YD」,1190700S4060,リバスチグミン経皮吸収型製剤|リバスチグミンテープ「YD」,18.0mg,貼付剤,リバスチグミンテープ4.5mg「YD」,61da42b379be
リバスチグミン経皮吸収型製剤,リバスチグミンテープ18mg「YP」,1190700S4079,リバスチグミン経皮吸収型製剤|リバスチグミンテープ「YP」,18.0mg,貼付剤,リバスチグミンテープ4.5mg「YP」,579fa43f640c
リバスチグミン経皮吸収型製剤,リバスチグミンテープ18mg「アメル」,1190700S4087,リバスチグミン経皮吸収型製剤|リバスチグミンテープ「アメル」,18.0mg,貼付剤,リバスチグミンテープ4.5mg「アメル」,6de2ac02e742
リバスチグミン,リバスチグミンテープ18mg「サワイ」,1190700S4095,リバスチグミン|リバスチグミンテープ「サワイ」,18.0mg,貼付剤,リバスチグミンテープ4.5mg「サワイ」,1cc52d37a374
リバスチグミン経皮吸収型製剤,リバスチグミンテープ18mg「トーワ」,1190700S4109,リバスチグミン経皮吸収型製剤|リバスチグミンテープ「トーワ」,18.0mg,貼付剤,リバスチグミンテープ4.5mg「トーワ」,44bce459e083
リバスチグミン経皮吸収型製剤,リバスチグミンテープ18mg「ニプロ」,1190700S4125,リバスチグミン経皮吸収型製剤|リバスチグミンテープ「ニプロ」,18.0mg,貼付剤,リバスチグミンテープ4.5mg「ニプロ」,4e728338d8bd
リバスチグミン経皮吸収型製剤,リバスチグミンテープ18mg「久光」,1190700S4133,リバスチグミン経皮吸収型製剤|リバスチグミンテープ「久光」,18.0mg,貼付剤,リバスチグミンテープ4.5mg「久光」,ace2152c880a
リバスチグミン,リバスチグミンテープ18mg「日医工」,1190700S4117,リバスチグミン|リバスチグミンテープ「日医工」,18.0mg,貼付剤,リバスチグミンテープ4.5mg「日医工」,c779b0312317
リバスチグミン経皮吸収型製剤,リバスチグミンテープ9mg「DSEP」,1190700S2041,リバスチグミン経皮吸収型製剤|リバスチグミンテープ「DSEP」,9.0mg,貼付剤,リバスチグミンテープ4.5mg「DSEP」,53d58c22832b
リバスチグミン,リバスチグミンテープ9mg「KMP」,1190700S2050,リバスチグミン|リバスチグミンテープ「KMP」,9.0mg,貼付剤,リバスチグミンテープ4.5mg「KMP」,36d4f3ac4d87
リバスチグミン経皮吸収型製剤,リバスチグミンテープ9mg「YD」,1190700S2068,リバスチグミン経皮吸収型製剤|リバスチグミンテープ「YD」,9.0mg,貼付剤,リバスチグミンテープ4.5mg「YD」,61da42b379be
リバスチグミン経皮吸収型製剤,リバスチグミンテープ9mg「YP」,1190700S2076,リバスチグミン経皮吸収型製剤|リバスチグミンテープ「YP」,9.0mg,貼付剤,リバスチグミンテープ4.5mg「YP」,579fa43f640c
リバスチグミン経皮吸収型製剤,リバスチグミンテープ9mg「アメル」,1190700S2084,リバスチグミン経皮吸収型製剤|リバスチグミンテープ「アメル」,9.0mg,貼付剤,リバスチグミンテープ4.5mg「アメル」,6de2ac02e742
リバスチグミン,リバスチグミンテープ9mg「サワイ」,1190700S2092,リバスチグミン|リバスチグミンテープ「サワイ」,9.0mg,貼付剤,リバスチグミンテープ4.5mg「サワイ」,1cc52d37a374
リバスチグミン経皮吸収型製剤,リバスチグミンテープ9mg「トーワ」,1190700S2106,リバスチグミン経皮吸収型製剤|リバスチグミンテープ「トーワ」,9.0mg,貼付剤,リバスチグミンテープ4.5mg「トーワ」,44bce459e083
リバスチグミン経皮吸収型製剤,リバスチグミンテープ9mg「ニプロ」,1190700S2122,リバスチグミン経皮吸収型製剤|リバスチグミンテープ「ニプロ」,9.0mg,貼付剤,リバスチグミンテープ4.5mg「ニプロ」,4e728338d8bd
リバスチグミン経皮吸収型製剤,リバスチグミンテープ9mg「久光」,1190700S2130,リバスチグミン経皮吸収型製剤|リバスチグミンテープ「久光」,9.0mg,貼付剤,リバスチグミンテープ4.5mg「久光」,ace2152c880a
リバスチグミン,リバスチグミンテープ9mg「日医工」,1190700S2114,リバスチグミン|リバスチグミンテープ「日医工」,9.0mg,貼付剤,リバスチグミンテープ4.5mg「日医工」,c779b0312317
"ピタバスタチンカルシウム水和物
エゼチミブ",リバゼブ配合錠HD,2189103F2025,"ピタバスタチンカルシウム水和物
エゼチミブ|リバゼブ配合錠HD",,錠,,39ec3b312478
持続放出性リバスチグミン経皮吸収型製剤,リバルエンLAパッチ51.84mg,1190700S6020,持続放出性リバスチグミン経皮吸収型製剤|リバルエンLAパッチ,51.84mg,(不明),リバルエンLAパッチ25.92mg,87d45a276a2e
ピタバスタチンカルシウム水和物,リバロOD錠2mg,2189016F5023,ピタバスタチンカルシウム水和物|リバロOD錠,2.0mg,OD錠,リバロOD錠1mg,19402d5803d5
ピタバスタチンカルシウム水和物,リバロOD錠4mg,2189016F6020,ピタバスタチンカルシウム水和物|リバロOD錠,4.0mg,OD錠,リバロOD錠1mg,19402d5803d5
ピタバスタチンカルシウム水和物,リバロ錠2mg,2189016F2024,ピタバスタチンカルシウム水和物|リバロ錠,2.0mg,錠,リバロ錠1mg,6557a5aac31d
ピタバスタチンカルシウム水和物,リバロ錠4mg,2189016F3020,ピタバスタチンカルシウム水和物|リバロ錠,4.0mg,錠,リバロ錠1mg,6557a5aac31d
リバーロキサバン口腔内崩壊錠,リバーロキサバンOD錠15mg「JG」,3339003F4031,リバーロキサバン口腔内崩壊錠|リバーロキサバンOD錠「JG」,15.0mg,OD錠,リバーロキサバンOD錠10mg「JG」,b8746c2030c5
リバーロキサバン口腔内崩壊錠,リバーロキサバンOD錠15mg「TCK」,3339003F4040,リバーロキサバン口腔内崩壊錠|リバーロキサバンOD錠「TCK」,15.0mg,OD錠,リバーロキサバンOD錠10mg「TCK」,09f5e4f22df8
リバーロキサバン,リバーロキサバンOD錠15mg「サワイ」,3339003F4058,リバーロキサバン|リバーロキサバンOD錠「サワイ」,15.0mg,OD錠,リバーロキサバンOD錠10mg「サワイ」,daa4b1975df4
リバーロキサバン口腔内崩壊錠,リバーロキサバンOD錠15mg「トーワ」,3339003F4066,リバーロキサバン口腔内崩壊錠|リバーロキサバンOD錠「トーワ」,15.0mg,OD錠,リバーロキサバンOD錠10mg「トーワ」,ab94e9f2c2a7
リバーロキサバン口腔内崩壊錠,リバーロキサバンOD錠15mg「ニプロ」,3339003F4082,リバーロキサバン口腔内崩壊錠|リバーロキサバンOD錠「ニプロ」,15.0mg,OD錠,リバーロキサバンOD錠10mg「ニプロ」,8ebaf57730c5
リバーロキサバン,リバーロキサバンOD錠15mg「バイエル」,3339003F4090,リバーロキサバン|リバーロキサバンOD錠「バイエル」,15.0mg,OD錠,リバーロキサバンOD錠10mg「バイエル」,f29be045535c
リバーロキサバン,リバーロキサバンOD錠15mg「日医工」,3339003F4074,リバーロキサバン|リバーロキサバンOD錠「日医工」,15.0mg,OD錠,リバーロキサバンOD錠10mg「日医工」,ed4f05973bca
リバーロキサバン,リバーロキサバン錠15mg「サワイ」,3339003F2039,リバーロキサバン|リバーロキサバン錠「サワイ」,15.0mg,錠,リバーロキサバン錠10mg「サワイ」,15e0903f1f66
リバーロキサバン,リバーロキサバン錠15mg「バイエル」,3339003F2047,リバーロキサバン|リバーロキサバン錠「バイエル」,15.0mg,錠,リバーロキサバン錠10mg「バイエル」,a27d375fb552
パンクレリパーゼ,リパクレオンカプセル150mg,2331007M1029,パンクレリパーゼ|リパクレオンカプセル,150.0mg,カプセル,,4718e08f51de
フェノフィブラート,リピディル錠80mg,2183006F4020,フェノフィブラート|リピディル錠,80.0mg,錠,リピディル錠53.3mg,855272cd12b8
"アトルバスタチンカルシウム錠
Atorvastatin　Calcium　Hydrate",リピトール錠10mg,2189015F2020,"アトルバスタチンカルシウム錠
Atorvastatin　Calcium　Hydrate|リピトール錠",10.0mg,錠,リピトール錠5mg,231bc41c7503
ミルタザピン,リフレックス錠30mg,1179051F2025,ミルタザピン|リフレックス錠,30.0mg,錠,リフレックス錠15mg,e11032e55288
-,リプラス1号輸液,3319500A3059,-|リプラス1号輸液,,液剤,リプラス1号輸液,f2de77820c8c
-,リプラス1号輸液,3319500A2109,-|リプラス1号輸液,,液剤,リプラス1号輸液,f2de77820c8c
-,リプラス3号輸液,3319512A2039,-|リプラス3号輸液,,液剤,リプラス3号輸液,6828b774e89a
-,リプラス3号輸液,3319512A4031,-|リプラス3号輸液,,液剤,リプラス3号輸液,6828b774e89a
アルプロスタジル注射液,リプル注10μg,2190406A2060,アルプロスタジル注射液|リプル注,10.0μg,注射剤,リプル注5μg,3c30fcc0b66c
セマグルチド（遺伝子組換え）,リベルサス錠14mg,2499014F3024,セマグルチド（遺伝子組換え）|リベルサス錠,14.0mg,錠,リベルサス錠3mg,73438fa0aadb
セマグルチド（遺伝子組換え）,リベルサス錠7mg,2499014F2028,セマグルチド（遺伝子組換え）|リベルサス錠,7.0mg,錠,リベルサス錠3mg,73438fa0aadb
クロナゼパム,リボトリール細粒0.1%,1139003C1044,クロナゼパム|リボトリール細粒,0.1%,(不明),,17be5bcca06d
クロナゼパム,リボトリール細粒0.5%,1139003C2040,クロナゼパム|リボトリール細粒,0.5%,(不明),,17be5bcca06d
クロナゼパム,リボトリール錠1mg,1139003F2047,クロナゼパム|リボトリール錠,1.0mg,錠,リボトリール錠0.5mg,17be5bcca06d
クロナゼパム,リボトリール錠2mg,1139003F3043,クロナゼパム|リボトリール錠,2.0mg,錠,リボトリール錠0.5mg,17be5bcca06d
リボフラビン酪酸エステル,リボフラビン酪酸エステル細粒10%「ツルハラ」,3131002C1083,リボフラビン酪酸エステル|リボフラビン酪酸エステル細粒「ツルハラ」,10.0%,(不明),,de495d553672
シンバスタチン,リポバス錠10,2189011F2021,シンバスタチン|リポバス錠10,,錠,,13cf5eff98b5
シンバスタチン,リポバス錠20,2189011F3028,シンバスタチン|リポバス錠20,,錠,,13cf5eff98b5
ブシラミン,リマチル錠100mg,4420002F1117,ブシラミン|リマチル錠,100.0mg,錠,リマチル錠50mg,1834d5316afb
オラパリブ錠,リムパーザ錠150mg,4291052F2023,オラパリブ錠|リムパーザ錠,150.0mg,錠,リムパーザ錠100mg,d37054c0a3e0
リュープロレリン酢酸塩,リュープリン注射用3.75mg,2499407D1031,リュープロレリン酢酸塩|リュープリン注射用,3.75mg,注射剤,リュープリン注射用1.88mg,f8dc28557d86
リュープロレリン酢酸塩,リュープリン注射用キット1.88mg,2499407G1054,リュープロレリン酢酸塩|リュープリン注射用キット,1.88mg,注射剤,,f8dc28557d86
リュープロレリン酢酸塩,リュープリン注射用キット3.75mg,2499407G2050,リュープロレリン酢酸塩|リュープリン注射用キット,3.75mg,注射剤,,f8dc28557d86
注射用リュープロレリン酢酸塩,リュープロレリン酢酸塩注射用キット3.75mg「NP」,2499407G2034,注射用リュープロレリン酢酸塩|リュープロレリン酢酸塩注射用キット「NP」,3.75mg,注射剤,リュープロレリン酢酸塩注射用キット1.88mg「NP」,b4cb58bb2588
リュープロレリン酢酸塩,リュープロレリン酢酸塩注射用キット3.75mg「あすか」,2499407G2042,リュープロレリン酢酸塩|リュープロレリン酢酸塩注射用キット「あすか」,3.75mg,注射剤,リュープロレリン酢酸塩注射用キット1.88mg「あすか」,4f633a70dbe2
プレガバリン,リリカOD錠150mg,1190017F3021,プレガバリン|リリカOD錠,150.0mg,OD錠,,6f187b9b3a73
プレガバリン,リリカOD錠25mg,1190017F1029,プレガバリン|リリカOD錠,25.0mg,OD錠,,6f187b9b3a73
プレガバリン,リリカOD錠75mg,1190017F2025,プレガバリン|リリカOD錠,75.0mg,OD錠,,6f187b9b3a73
プレガバリン,リリカカプセル150mg,1190017M3020,プレガバリン|リリカカプセル,150.0mg,カプセル,リリカカプセル25mg,6f187b9b3a73
プレガバリン,リリカカプセル75mg,1190017M2024,プレガバリン|リリカカプセル,75.0mg,カプセル,リリカカプセル25mg,6f187b9b3a73
リンコマイシン塩酸塩水和物,リンコシン注射液1.5g,6112400A6086,リンコマイシン塩酸塩水和物|リンコシン注射液,1.5g,注射剤,リンコシン注射液300mg,d3ee5e55ffc9
リンコマイシン塩酸塩水和物,リンコシン注射液1g,6112400A7031,リンコマイシン塩酸塩水和物|リンコシン注射液,1.0g,注射剤,リンコシン注射液300mg,d3ee5e55ffc9
リンコマイシン塩酸塩水和物,リンコシン注射液600mg,6112400A4075,リンコマイシン塩酸塩水和物|リンコシン注射液,600.0mg,注射剤,リンコシン注射液300mg,d3ee5e55ffc9
リンコマイシン塩酸塩注射液,リンコマイシン塩酸塩注射液600mg「トーワ」,6112400A3125,リンコマイシン塩酸塩注射液|リンコマイシン塩酸塩注射液「トーワ」,600.0mg,注射剤,リンコマイシン塩酸塩注射液300mg「トーワ」,3cb77a949e3b
ベタメタゾンジプロピオン酸エステル,リンデロン−DPクリーム,2646703N1073,ベタメタゾンジプロピオン酸エステル|リンデロン−DPクリーム,,クリーム,,47edfc24ef58
ベタメタゾン吉草酸エステル・ゲンタマイシン硫酸塩,リンデロン−VGクリーム0.12%,2647709N1060,ベタメタゾン吉草酸エステル・ゲンタマイシン硫酸塩|リンデロン−VGクリーム,0.12%,クリーム,,cf58e6aaba8f
ベタメタゾン吉草酸エステル,リンデロン−Vクリーム0.12%,2646701N2135,ベタメタゾン吉草酸エステル|リンデロン−Vクリーム,0.12%,クリーム,,ba1f0ac59bef
ベタメタゾン,リンデロンシロップ0.01%,2454004Q1078,ベタメタゾン|リンデロンシロップ,0.01%,シロップ,,944ca86a5136
ベタメタゾン,リンデロン坐剤1.0mg,2454700J2024,ベタメタゾン|リンデロン坐剤,1.0mg,坐剤,リンデロン坐剤0.5mg,86f038a5a4d9
ベタメタゾン,リンデロン散0.1%,2454004B1040,ベタメタゾン|リンデロン散,0.1%,散剤,,944ca86a5136
ベタメタゾンリン酸エステルナトリウム,リンデロン注100mg（2%）,2454404A5035,ベタメタゾンリン酸エステルナトリウム|リンデロン注(),100.0mg/2.0%,注射剤,リンデロン注20mg（0.4%）; リンデロン注20mg（2%）; リンデロン注2mg（0.4%）,f6a66131a5bb
ベタメタゾンリン酸エステルナトリウム,リンデロン注4mg（0.4%）,2454404A2060,ベタメタゾンリン酸エステルナトリウム|リンデロン注(),4.0mg/0.4%,注射剤,リンデロン注20mg（0.4%）; リンデロン注20mg（2%）; リンデロン注2mg（0.4%）,1f512ba19d1e
クロルフェネシンカルバミン酸エステル製剤,リンラキサー錠250mg,1225001F2250,クロルフェネシンカルバミン酸エステル製剤|リンラキサー錠,250.0mg,錠,リンラキサー錠125mg,9bbb9bd077fe
ウパダシチニブ水和物,リンヴォック内用液0.1%（1mg/mL）,39990D0S1024,ウパダシチニブ水和物|リンヴォック内用液(/mL),0.1%/1.0mg,液剤,,6406b0f7ea9a
ウパダシチニブ水和物,リンヴォック錠15mg,3999048G2024,ウパダシチニブ水和物|リンヴォック錠,15.0mg,錠,リンヴォック錠45mg,6406b0f7ea9a
ウパダシチニブ水和物,リンヴォック錠30mg,3999048G3020,ウパダシチニブ水和物|リンヴォック錠,30.0mg,錠,リンヴォック錠45mg,6406b0f7ea9a
ウパダシチニブ水和物,リンヴォック錠7.5mg,3999048G1028,ウパダシチニブ水和物|リンヴォック錠,7.5mg,錠,リンヴォック錠45mg,6406b0f7ea9a
クロチアゼパム錠・顆粒,リーゼ錠10mg,1179012F2033,クロチアゼパム錠・顆粒|リーゼ錠,10.0mg,錠,リーゼ錠5mg,b47d2a9a85c5
クロチアゼパム錠・顆粒,リーゼ顆粒10%,1179012D1036,クロチアゼパム錠・顆粒|リーゼ顆粒,10.0%,顆粒,,b47d2a9a85c5
炭酸リチウム製剤,リーマス錠200,1179017F2052,炭酸リチウム製剤|リーマス錠200,,錠,,f6b2514b910e
マプロチリン塩酸塩,ルジオミール錠25mg,1179008F2029,マプロチリン塩酸塩|ルジオミール錠,25.0mg,錠,ルジオミール錠10mg,6db1b8eaa49d
ルセオグリフロジン水和物製剤,ルセフィ錠5mg,3969020F2026,ルセオグリフロジン水和物製剤|ルセフィ錠,5.0mg,錠,ルセフィ錠2.5mg,a72d47194ac5
ノルエチステロン・エチニルエストラジオール,ルナベル配合錠ULD,2482009F2020,ノルエチステロン・エチニルエストラジオール|ルナベル配合錠ULD,,錠,,c25ac2d0c7a0
エスゾピクロン,ルネスタ錠2mg,1129010F2024,エスゾピクロン|ルネスタ錠,2.0mg,錠,ルネスタ錠1mg,51823ab29c37
エスゾピクロン,ルネスタ錠3mg,1129010F3020,エスゾピクロン|ルネスタ錠,3.0mg,錠,ルネスタ錠1mg,51823ab29c37
フェノバルビタールナトリウム坐剤,ルピアール坐剤100,1125700J5020,フェノバルビタールナトリウム坐剤|ルピアール坐剤100,,坐剤,,9fe648989cef
フェノバルビタールナトリウム坐剤,ルピアール坐剤50,1125700J4024,フェノバルビタールナトリウム坐剤|ルピアール坐剤50,,坐剤,,9fe648989cef
トラセミド錠,ルプラック錠8mg,2139009F2022,トラセミド錠|ルプラック錠,8.0mg,錠,ルプラック錠4mg,0334e95d77a7
フルボキサミンマレイン酸塩,ルボックス錠50,1179039F2032,フルボキサミンマレイン酸塩|ルボックス錠50,,錠,,fd500b0b4182
フルボキサミンマレイン酸塩,ルボックス錠75,1179039F3039,フルボキサミンマレイン酸塩|ルボックス錠75,,錠,,fd500b0b4182
ブロダルマブ（遺伝子組換え）,ルミセフ皮下注210mgシリンジ,3999441G1029,ブロダルマブ（遺伝子組換え）|ルミセフ皮下注シリンジ,210.0mg,注射剤,,860654761cbb
インスリン　リスプロ（遺伝子組換え）注射液,ルムジェブ注ミリオペン,2492414P1029,インスリン　リスプロ（遺伝子組換え）注射液|ルムジェブ注ミリオペン,,注射剤,,a2945e8c8f00
インスリン　リスプロ（遺伝子組換え）注射液,ルムジェブ注ミリオペンHD,2492414P2025,インスリン　リスプロ（遺伝子組換え）注射液|ルムジェブ注ミリオペンHD,,注射剤,,a2945e8c8f00
ルリコナゾール製剤,ルリコナゾール軟膏1%「イワキ」,2655712M1033,ルリコナゾール製剤|ルリコナゾール軟膏「イワキ」,1.0%,軟膏,,0699d38d264d
ルリコナゾール,ルリコン液1%,2655712Q1027,ルリコナゾール|ルリコン液,1.0%,液剤,,84014a5c58f3
ルリコナゾール,ルリコン軟膏1%,2655712M1025,ルリコナゾール|ルリコン軟膏,1.0%,軟膏,,84014a5c58f3
モスネツズマブ（遺伝子組換え）,ルンスミオ点滴静注30mg,4291476A2024,モスネツズマブ（遺伝子組換え）|ルンスミオ点滴静注,30.0mg,注射剤,ルンスミオ点滴静注1mg,17ca77c4c765
モスネツズマブ（遺伝子組換え）,ルンスミオ皮下注45mg,4291476A4027,モスネツズマブ（遺伝子組換え）|ルンスミオ皮下注,45.0mg,注射剤,ルンスミオ皮下注5mg,964a25789518
ペロスピロン塩酸塩,ルーラン錠16mg,1179043F3027,ペロスピロン塩酸塩|ルーラン錠,16.0mg,錠,ルーラン錠4mg,6f26b399fa2a
ペロスピロン塩酸塩,ルーラン錠8mg,1179043F2039,ペロスピロン塩酸塩|ルーラン錠,8.0mg,錠,ルーラン錠4mg,6f26b399fa2a
ラスミジタンコハク酸塩錠,レイボー錠100mg,1190030F2020,ラスミジタンコハク酸塩錠|レイボー錠,100.0mg,錠,レイボー錠50mg,5cffab14a629
ブレクスピプラゾール口腔内崩壊錠,レキサルティOD錠1mg,1179058F4020,ブレクスピプラゾール口腔内崩壊錠|レキサルティOD錠,1.0mg,OD錠,レキサルティOD錠0.5mg,bd9b402d5d5f
ブレクスピプラゾール口腔内崩壊錠,レキサルティOD錠2mg,1179058F5026,ブレクスピプラゾール口腔内崩壊錠|レキサルティOD錠,2.0mg,OD錠,レキサルティOD錠0.5mg,bd9b402d5d5f
ブレクスピプラゾール錠,レキサルティ錠2mg,1179058F2027,ブレクスピプラゾール錠|レキサルティ錠,2.0mg,錠,レキサルティ錠1mg,bb2136f4e5b9
ブロマゼパム,レキソタン細粒1％,1124020C1045,ブロマゼパム|レキソタン細粒,1.0%,(不明),,ae3ccc3ca86d
ブロマゼパム,レキソタン錠2,1124020F2030,ブロマゼパム|レキソタン錠2,,錠,,ae3ccc3ca86d
ブロマゼパム,レキソタン錠5,1124020F4032,ブロマゼパム|レキソタン錠5,,錠,,ae3ccc3ca86d
ロピニロール塩酸塩,レキップCR錠8mg,1169013G2029,ロピニロール塩酸塩|レキップCR錠,8.0mg,錠,レキップCR錠2mg,d410f165cb70
ロピニロール塩酸塩,レキップ錠1mg,1169013F2023,ロピニロール塩酸塩|レキップ錠,1.0mg,錠,レキップ錠0.25mg,4f747c5852a7
ロピニロール塩酸塩,レキップ錠2mg,1169013F3020,ロピニロール塩酸塩|レキップ錠,2.0mg,錠,レキップ錠0.25mg,4f747c5852a7
-,レギュニール HCa 1.5腹膜透析液,3420433A4023,-|レギュニールHCa1.5腹膜透析液,,液剤,レギュニール HCa 1.5腹膜透析液,54574807828a
-,レギュニール HCa 1.5腹膜透析液,3420433A2020,-|レギュニールHCa1.5腹膜透析液,,液剤,レギュニール HCa 1.5腹膜透析液,54574807828a
-,レギュニール HCa 1.5腹膜透析液,3420433A5020,-|レギュニールHCa1.5腹膜透析液,,液剤,レギュニール HCa 1.5腹膜透析液,54574807828a
-,レギュニール HCa 1.5腹膜透析液,3420433A3027,-|レギュニールHCa1.5腹膜透析液,,液剤,レギュニール HCa 1.5腹膜透析液,54574807828a
-,レギュニール HCa 2.5腹膜透析液,3420434A1029,-|レギュニールHCa2.5腹膜透析液,,液剤,,54574807828a
-,レギュニール HCa 2.5腹膜透析液,3420434A2025,-|レギュニールHCa2.5腹膜透析液,,液剤,,54574807828a
-,レギュニール HCa 2.5腹膜透析液,3420434A3021,-|レギュニールHCa2.5腹膜透析液,,液剤,,54574807828a
-,レギュニール HCa 2.5腹膜透析液,3420434A5024,-|レギュニールHCa2.5腹膜透析液,,液剤,,54574807828a
-,レギュニール HCa 2.5腹膜透析液,3420434A4028,-|レギュニールHCa2.5腹膜透析液,,液剤,,54574807828a
-,レギュニール HCa 4.25腹膜透析液,3420435A2020,-|レギュニールHCa4.25腹膜透析液,,液剤,,54574807828a
-,レギュニール HCa 4.25腹膜透析液,3420435A1023,-|レギュニールHCa4.25腹膜透析液,,液剤,,54574807828a
-,レギュニール LCa 1.5腹膜透析液,3420436A4027,-|レギュニールLCa1.5腹膜透析液,,液剤,レギュニール LCa 1.5腹膜透析液,48c235264a72
-,レギュニール LCa 1.5腹膜透析液,3420436A5023,-|レギュニールLCa1.5腹膜透析液,,液剤,レギュニール LCa 1.5腹膜透析液,48c235264a72
-,レギュニール LCa 1.5腹膜透析液,3420436A3020,-|レギュニールLCa1.5腹膜透析液,,液剤,レギュニール LCa 1.5腹膜透析液,48c235264a72
-,レギュニール LCa 1.5腹膜透析液,3420436A2024,-|レギュニールLCa1.5腹膜透析液,,液剤,レギュニール LCa 1.5腹膜透析液,48c235264a72
-,レギュニール LCa 2.5腹膜透析液,3420437A4021,-|レギュニールLCa2.5腹膜透析液,,液剤,,48c235264a72
-,レギュニール LCa 2.5腹膜透析液,3420437A3025,-|レギュニールLCa2.5腹膜透析液,,液剤,,48c235264a72
-,レギュニール LCa 2.5腹膜透析液,3420437A2029,-|レギュニールLCa2.5腹膜透析液,,液剤,,48c235264a72
-,レギュニール LCa 2.5腹膜透析液,3420437A5028,-|レギュニールLCa2.5腹膜透析液,,液剤,,48c235264a72
-,レギュニール LCa 2.5腹膜透析液,3420437A1022,-|レギュニールLCa2.5腹膜透析液,,液剤,,48c235264a72
-,レギュニール LCa 4.25腹膜透析液,3420438A2023,-|レギュニールLCa4.25腹膜透析液,,液剤,,48c235264a72
-,レギュニール LCa 4.25腹膜透析液,3420438A3020,-|レギュニールLCa4.25腹膜透析液,,液剤,,48c235264a72
-,レギュニール LCa 4.25腹膜透析液,3420438A1027,-|レギュニールLCa4.25腹膜透析液,,液剤,,48c235264a72
エスシタロプラムシュウ酸塩,レクサプロ錠20mg,1179054F2029,エスシタロプラムシュウ酸塩|レクサプロ錠,20.0mg,錠,レクサプロ錠10mg,a7b4e3cd7c2a
シナカルセト塩酸塩,レグパラ錠25mg,3999023F1022,シナカルセト塩酸塩|レグパラ錠,25.0mg,錠,レグパラ錠12.5mg,c8e488fbdb6f
シナカルセト塩酸塩,レグパラ錠75mg,3999023F2029,シナカルセト塩酸塩|レグパラ錠,75.0mg,錠,レグパラ錠12.5mg,c8e488fbdb6f
レカネマブ（遺伝子組換え）,レケンビ点滴静注500mg,1190408A2021,レカネマブ（遺伝子組換え）|レケンビ点滴静注,500.0mg,注射剤,レケンビ点滴静注200mg,5c29e85cd5b1
ホリトロピン　デルタ（遺伝子組換え）,レコベル皮下注36µgペン,2413407G2021,ホリトロピン　デルタ（遺伝子組換え）|レコベル皮下注ペン,36.0μg,注射剤,レコベル皮下注12µgペン,1ca48522652b
ホリトロピン　デルタ（遺伝子組換え）,レコベル皮下注72µgペン,2413407G3028,ホリトロピン　デルタ（遺伝子組換え）|レコベル皮下注ペン,72.0μg,注射剤,レコベル皮下注12µgペン,1ca48522652b
オルメサルタン メドキソミル/アゼルニジピン配合錠,レザルタス配合錠HD,2149115F2022,オルメサルタン メドキソミル/アゼルニジピン配合錠|レザルタス配合錠HD,,錠,,1192bc30788f
エプラジノン塩酸塩,レスプレン錠20mg,2249001F2079,エプラジノン塩酸塩|レスプレン錠,20.0mg,錠,レスプレン錠5mg,03eb34e5b46b
エプラジノン塩酸塩,レスプレン錠30mg,2249001F3032,エプラジノン塩酸塩|レスプレン錠,30.0mg,錠,レスプレン錠5mg,03eb34e5b46b
メダゼパム,レスミット錠5,1124021F2166,メダゼパム|レスミット錠5,,錠,,a9879d83f270
トラゾドン塩酸塩,レスリン錠50,1179037F2025,トラゾドン塩酸塩|レスリン錠50,,錠,,acf674ef4f3b
トリアムシノロンアセトニド,レダコートクリーム0.1％,2646705N1072,トリアムシノロンアセトニド|レダコートクリーム,0.1%,クリーム,,c296862752a0
セルペルカチニブカプセル,レットヴィモカプセル80mg,4291075M2023,セルペルカチニブカプセル|レットヴィモカプセル,80.0mg,カプセル,レットヴィモカプセル40mg,37e55693b952
セルペルカチニブ錠,レットヴィモ錠80mg,4291075F2024,セルペルカチニブ錠|レットヴィモ錠,80.0mg,錠,レットヴィモ錠40mg,f0085a3c1fe8
デキサメタゾン,レナデックス錠4mg,2454002F2023,デキサメタゾン|レナデックス錠,4.0mg,錠,レナデックス錠2mg,f0047c09166b
レナリドミド水和物,レナリドミドカプセル5mg「BMSH」,4291024M1032,レナリドミド水和物|レナリドミドカプセル「BMSH」,5.0mg,カプセル,レナリドミドカプセル2.5mg「BMSH」,f33d5ba16a18
レナリドミドカプセル,レナリドミドカプセル5mg「FNK」,4291024M1075,レナリドミドカプセル|レナリドミドカプセル「FNK」,5.0mg,カプセル,レナリドミドカプセル2.5mg「FNK」,776c64dd5869
レナリドミド,レナリドミドカプセル5mg「F」,4291024M1040,レナリドミド|レナリドミドカプセル「F」,5.0mg,カプセル,レナリドミドカプセル2.5mg「F」,95f29a2f2fb2
レナリドミド,レナリドミドカプセル5mg「サワイ」,4291024M1059,レナリドミド|レナリドミドカプセル「サワイ」,5.0mg,カプセル,レナリドミドカプセル2.5mg「サワイ」,1b8c23f272cd
レナリドミドカプセル,レナリドミドカプセル5mg「トーワ」,4291024M1067,レナリドミドカプセル|レナリドミドカプセル「トーワ」,5.0mg,カプセル,レナリドミドカプセル2.5mg「トーワ」,13c9939949cc
エナラプリルマレイン酸塩,レニベース錠10,2144002F3027,エナラプリルマレイン酸塩|レニベース錠10,,錠,,736735d12427
エナラプリルマレイン酸塩,レニベース錠5,2144002F2020,エナラプリルマレイン酸塩|レニベース錠5,,錠,,736735d12427
シルデナフィルクエン酸塩,レバチオODフィルム20mg,2190028F2028,シルデナフィルクエン酸塩|レバチオODフィルム,20.0mg,(不明),,50e36e66bf87
シルデナフィルクエン酸塩,レバチオ懸濁用ドライシロップ900mg,2190028R1028,シルデナフィルクエン酸塩|レバチオ懸濁用ドライシロップ,900.0mg,ドライシロップ,,50e36e66bf87
レバミピド,レバミピドOD錠100mg「NS」,2329021F2028,レバミピド|レバミピドOD錠「NS」,100.0mg,OD錠,,9f71f50ea9c2
レバミピド錠、レバミピド口腔内崩壊錠,レバミピドOD錠100mg「YD」,2329021F2036,レバミピド錠、レバミピド口腔内崩壊錠|レバミピドOD錠「YD」,100.0mg,OD錠,,f09f27998930
レバミピド,レバミピド錠100mg「タカタ」,2329021F1285,レバミピド|レバミピド錠「タカタ」,100.0mg,錠,,0c214525b3df
レパグリニド,レパグリニド錠0.5mg「サワイ」,3969013F2034,レパグリニド|レパグリニド錠「サワイ」,0.5mg,錠,レパグリニド錠0.25mg「サワイ」,0275d271a385
ノナコグ ベータ ペゴル（遺伝子組換え）,レフィキシア静注用1000,6343452D2022,ノナコグ ベータ ペゴル（遺伝子組換え）|レフィキシア静注用1000,,注射剤,,79890f4244a8
ノナコグ ベータ ペゴル（遺伝子組換え）,レフィキシア静注用2000,6343452D3029,ノナコグ ベータ ペゴル（遺伝子組換え）|レフィキシア静注用2000,,注射剤,,79890f4244a8
ノナコグ ベータ ペゴル（遺伝子組換え）,レフィキシア静注用3000,63434B8D4021,ノナコグ ベータ ペゴル（遺伝子組換え）|レフィキシア静注用3000,,注射剤,,79890f4244a8
レナリドミド水和物,レブラミドカプセル5mg,4291024M1024,レナリドミド水和物|レブラミドカプセル,5.0mg,カプセル,レブラミドカプセル2.5mg,8bc914c902f2
ルスパテルセプト（遺伝子組換え）,レブロジル皮下注用75mg,3399417D2022,ルスパテルセプト（遺伝子組換え）|レブロジル皮下注用,75.0mg,注射剤,レブロジル皮下注用25mg,470c9eec7a9a
ヘモコアグラーゼ,レプチラーゼ注2単位,3329402A2033,ヘモコアグラーゼ|レプチラーゼ注,2.0単位,注射剤,レプチラーゼ注1単位,63163236d0c1
テデュグルチド（遺伝子組換え）,レベスティブ皮下注用0.95mg,2499419D2022,テデュグルチド（遺伝子組換え）|レベスティブ皮下注用,0.95mg,注射剤,レベスティブ皮下注用3.8mg,bce0e6a9c74a
レベチラセタム,レベチラセタム粒状錠500mg「サワイ」,1139010F4023,レベチラセタム|レベチラセタム粒状錠「サワイ」,500.0mg,錠,レベチラセタム粒状錠250mg「サワイ」,203c397eff0b
レベチラセタム錠,レベチラセタム錠500mg「JG」,1139010F2039,レベチラセタム錠|レベチラセタム錠「JG」,500.0mg,錠,レベチラセタム錠250mg「JG」,57f71551a0d9
レベチラセタム,レベチラセタム錠500mg「VTRS」,1139010F2047,レベチラセタム|レベチラセタム錠「VTRS」,500.0mg,錠,レベチラセタム錠250mg「VTRS」,fe88978c92b7
レベチラセタム,レベチラセタム錠500mg「アメル」,1139010F2055,レベチラセタム|レベチラセタム錠「アメル」,500.0mg,錠,レベチラセタム錠250mg「アメル」,8f8b0d6fe73a
レベチラセタム,レベチラセタム錠500mg「アメル」（旧製品）,1139010F2055,レベチラセタム|レベチラセタム錠「アメル」(旧製品),500.0mg,錠,レベチラセタム錠250mg「アメル」（旧製品）,35cbd88df9b7
レベチラセタム,レベチラセタム錠500mg「サワイ」,1139010F2071,レベチラセタム|レベチラセタム錠「サワイ」,500.0mg,錠,レベチラセタム錠250mg「サワイ」,58f3a9121c5a
レベチラセタム錠,レベチラセタム錠500mg「サンド」,1139010F2144,レベチラセタム錠|レベチラセタム錠「サンド」,500.0mg,錠,レベチラセタム錠250mg「サンド」,6bc7e13f39ab
レベチラセタム,レベチラセタム錠500mg「タカタ」,1139010F2080,レベチラセタム|レベチラセタム錠「タカタ」,500.0mg,錠,レベチラセタム錠250mg「タカタ」,58feda56960b
レベチラセタム錠,レベチラセタム錠500mg「トーワ」,1139010F2098,レベチラセタム錠|レベチラセタム錠「トーワ」,500.0mg,錠,レベチラセタム錠250mg「トーワ」,2a3115790378
レベチラセタム,レベチラセタム錠500mg「フェルゼン」,1139010F2128,レベチラセタム|レベチラセタム錠「フェルゼン」,500.0mg,錠,レベチラセタム錠250mg「フェルゼン」,cf5e976cb3fd
レベチラセタム,レベチラセタム錠500mg「日医工」,1139010F2101,レベチラセタム|レベチラセタム錠「日医工」,500.0mg,錠,レベチラセタム錠250mg「日医工」,e328396cdc3b
レベチラセタム,レベチラセタム錠500mg「日新」,1139010F2110,レベチラセタム|レベチラセタム錠「日新」,500.0mg,錠,レベチラセタム錠250mg「日新」,a46107491a1d
レベチラセタム,レベチラセタム錠500mg「明治」,1139010F2136,レベチラセタム|レベチラセタム錠「明治」,500.0mg,錠,レベチラセタム錠250mg「明治」,bf75060fe0ad
レベチラセタム,レベチラセタム錠500mg「杏林」,1139010F2063,レベチラセタム|レベチラセタム錠「杏林」,500.0mg,錠,レベチラセタム錠250mg「杏林」,ab1ab9084cfd
ラクトミン・ビフィズス菌,レベニンS配合錠,2316003F1025,ラクトミン・ビフィズス菌|レベニンS配合錠,,錠,,c749735a1903
耐性乳酸菌,レベニン錠,2316016F1022,耐性乳酸菌|レベニン錠,,錠,,07ae6146d3ef
ブプレノルフィン塩酸塩坐剤,レペタン坐剤0.4mg,1149703J2027,ブプレノルフィン塩酸塩坐剤|レペタン坐剤,0.4mg,坐剤,レペタン坐剤0.2mg,c31efdb0c0f0
ブプレノルフィン塩酸塩注射液,レペタン注0.3mg,1149403A2057,ブプレノルフィン塩酸塩注射液|レペタン注,0.3mg,注射剤,レペタン注0.2mg,6824fa93e9b0
レボカルニチン内用液,レボカルニチンFF内用液10%分包10mL「トーワ」,3999033S3043,レボカルニチン内用液|レボカルニチンFF内用液分包「トーワ」,10.0%/10.0ml,液剤,,5ad14d98dea4
レボカルニチン内用液,レボカルニチンFF内用液10%分包5mL「トーワ」,3999033S2047,レボカルニチン内用液|レボカルニチンFF内用液分包「トーワ」,10.0%/5.0ml,液剤,,5ad14d98dea4
レボカルニチン,レボカルニチンFF内用液10％分包10mL「アメル」,3999033S3035,レボカルニチン|レボカルニチンFF内用液分包「アメル」,10.0%/10.0ml,液剤,,d37c56c41e9d
レボカルニチン,レボカルニチンFF内用液10％分包5mL「アメル」,3999033S2039,レボカルニチン|レボカルニチンFF内用液分包「アメル」,10.0%/5.0ml,液剤,,d37c56c41e9d
レボカルニチン,レボカルニチンFF錠250mg「アメル」,3999033F2049,レボカルニチン|レボカルニチンFF錠「アメル」,250.0mg,錠,レボカルニチンFF錠100mg「アメル」,c0395c8fd63a
レボカルニチン錠,レボカルニチンFF錠250mg「トーワ」,3999033F2030,レボカルニチン錠|レボカルニチンFF錠「トーワ」,250.0mg,錠,レボカルニチンFF錠100mg「トーワ」,2bee4dca345a
レボセチリジン塩酸塩,レボセチリジン塩酸塩OD錠2.5mg「タカタ」,4490028F3046,レボセチリジン塩酸塩|レボセチリジン塩酸塩OD錠「タカタ」,2.5mg,OD錠,,1c065ae4fc7f
レボセチリジン塩酸塩口腔内崩壊錠,レボセチリジン塩酸塩OD錠5mg「YD」,4490028F4034,レボセチリジン塩酸塩口腔内崩壊錠|レボセチリジン塩酸塩OD錠「YD」,5.0mg,OD錠,レボセチリジン塩酸塩OD錠2.5mg「YD」,9eb1c08b50df
レボセチリジン塩酸塩,レボセチリジン塩酸塩OD錠5mg「サワイ」,4490028F4042,レボセチリジン塩酸塩|レボセチリジン塩酸塩OD錠「サワイ」,5.0mg,OD錠,,75567d455a3c
レボセチリジン塩酸塩,レボセチリジン塩酸塩OD錠5mg「タカタ」,4490028F4050,レボセチリジン塩酸塩|レボセチリジン塩酸塩OD錠「タカタ」,5.0mg,OD錠,,1c065ae4fc7f
レボセチリジン塩酸塩,レボセチリジン塩酸塩OD錠5mg「日新」,4490028F4069,レボセチリジン塩酸塩|レボセチリジン塩酸塩OD錠「日新」,5.0mg,OD錠,レボセチリジン塩酸塩OD錠2.5mg「日新」,99ca0e29eadd
レボセチリジン塩酸塩錠,レボセチリジン塩酸塩錠5mg「YD」,4490028F1086,レボセチリジン塩酸塩錠|レボセチリジン塩酸塩錠「YD」,5.0mg,錠,レボセチリジン塩酸塩錠2.5mg「YD」,a7371bba85cb
レボセチリジン塩酸塩,レボセチリジン塩酸塩錠5mg「タカタ」,4490028F1132,レボセチリジン塩酸塩|レボセチリジン塩酸塩錠「タカタ」,5.0mg,錠,レボセチリジン塩酸塩錠2.5mg「タカタ」,1c065ae4fc7f
レボセチリジン塩酸塩錠,レボセチリジン塩酸塩錠5mg「ニプロ」,4490028F1183,レボセチリジン塩酸塩錠|レボセチリジン塩酸塩錠「ニプロ」,5.0mg,錠,レボセチリジン塩酸塩錠2.5mg「ニプロ」,a8c3f3527b48
レボセチリジン塩酸塩,レボセチリジン塩酸塩錠5mg「日本臓器」,4490028F1175,レボセチリジン塩酸塩|レボセチリジン塩酸塩錠「日本臓器」,5.0mg,錠,レボセチリジン塩酸塩錠2.5mg「日本臓器」,bcdcc6c87372
レボセチリジン塩酸塩,レボセチリジン塩酸塩錠5mg「杏林」,4490028F1108,レボセチリジン塩酸塩|レボセチリジン塩酸塩錠「杏林」,5.0mg,錠,レボセチリジン塩酸塩錠2.5mg「杏林」,6ffb651720b6
レボチロキシンナトリウム錠,レボチロキシンNa錠50μg「サンド」,2431004F1048,レボチロキシンナトリウム錠|レボチロキシンNa錠「サンド」,50.0μg,錠,レボチロキシンNa錠25μg「サンド」,e862461b00b1
レボメプロマジンマレイン酸塩錠・散・顆粒,レボトミン散10%,1172014B1033,レボメプロマジンマレイン酸塩錠・散・顆粒|レボトミン散,10.0%,散剤,,47851fa1e75d
レボメプロマジンマレイン酸塩錠・散・顆粒,レボトミン散50%,1172014B2048,レボメプロマジンマレイン酸塩錠・散・顆粒|レボトミン散,50.0%,散剤,,47851fa1e75d
レボメプロマジンマレイン酸塩錠・散・顆粒,レボトミン錠25mg,1172014F2120,レボメプロマジンマレイン酸塩錠・散・顆粒|レボトミン錠,25.0mg,錠,レボトミン錠5mg,47851fa1e75d
レボメプロマジンマレイン酸塩錠・散・顆粒,レボトミン錠50mg,1172014F3070,レボメプロマジンマレイン酸塩錠・散・顆粒|レボトミン錠,50.0mg,錠,レボトミン錠5mg,47851fa1e75d
レボメプロマジンマレイン酸塩錠・散・顆粒,レボトミン顆粒10%,1172014D1077,レボメプロマジンマレイン酸塩錠・散・顆粒|レボトミン顆粒,10.0%,顆粒,,47851fa1e75d
レボフロキサシン錠/口腔内崩壊錠,レボフロキサシンOD錠250mg「トーワ」,6241013F4023,レボフロキサシン錠/口腔内崩壊錠|レボフロキサシンOD錠「トーワ」,250.0mg,OD錠,,3f2b48c1bafa
レボフロキサシン水和物,レボフロキサシン点滴静注500mg/20mL「DSEP」,6241402A1030,レボフロキサシン水和物|レボフロキサシン点滴静注/「DSEP」,500.0mg/20.0ml,注射剤,,bf31119fb8c3
レボフロキサシン水和物,レボフロキサシン粒状錠500mg「モチダ」,6241013F7022,レボフロキサシン水和物|レボフロキサシン粒状錠「モチダ」,500.0mg,錠,レボフロキサシン粒状錠250mg「モチダ」,2632ffd7cca3
レボフロキサシン水和物,レボフロキサシン細粒10%「DSEP」,6241013C2032,レボフロキサシン水和物|レボフロキサシン細粒「DSEP」,10.0%,(不明),,a4625a021ef1
レボフロキサシン水和物,レボフロキサシン錠500mg「CH」,6241013F3043,レボフロキサシン水和物|レボフロキサシン錠「CH」,500.0mg,錠,レボフロキサシン錠250mg「CH」,b0f0ac8ba06b
レボフロキサシン水和物,レボフロキサシン錠500mg「DSEP」,6241013F3051,レボフロキサシン水和物|レボフロキサシン錠「DSEP」,500.0mg,錠,レボフロキサシン錠250mg「DSEP」,a4625a021ef1
レボフロキサシン錠,レボフロキサシン錠500mg「TCK」,6241013F3086,レボフロキサシン錠|レボフロキサシン錠「TCK」,500.0mg,錠,レボフロキサシン錠250mg「TCK」,8b141e39bbe6
レボフロキサシン水和物,レボフロキサシン錠500mg「ZE」,6241013F3108,レボフロキサシン水和物|レボフロキサシン錠「ZE」,500.0mg,錠,レボフロキサシン錠250mg「ZE」,d59d340a555e
レボフロキサシン水和物,レボフロキサシン錠500mg「イワキ」,6241013F3132,レボフロキサシン水和物|レボフロキサシン錠「イワキ」,500.0mg,錠,レボフロキサシン錠250mg「イワキ」,3ff42b8b584c
レボフロキサシン錠,レボフロキサシン錠500mg「クニヒロ」,6241013F3345,レボフロキサシン錠|レボフロキサシン錠「クニヒロ」,500.0mg,錠,レボフロキサシン錠250mg「クニヒロ」,2aeb10bdcbdd
レボフロキサシン水和物,レボフロキサシン錠500mg「ケミファ」,6241013F3175,レボフロキサシン水和物|レボフロキサシン錠「ケミファ」,500.0mg,錠,レボフロキサシン錠250mg「ケミファ」,f71acf1c81d4
レボフロキサシン水和物,レボフロキサシン錠500mg「サワイ」,6241013F3205,レボフロキサシン水和物|レボフロキサシン錠「サワイ」,500.0mg,錠,レボフロキサシン錠250mg「サワイ」,412c9f8ff457
レボフロキサシン水和物,レボフロキサシン錠500mg「タカタ」,6241013F3221,レボフロキサシン水和物|レボフロキサシン錠「タカタ」,500.0mg,錠,レボフロキサシン錠250mg「タカタ」,f7101b59c741
レボフロキサシン錠/口腔内崩壊錠,レボフロキサシン錠500mg「トーワ」,6241013F3256,レボフロキサシン錠/口腔内崩壊錠|レボフロキサシン錠「トーワ」,500.0mg,錠,レボフロキサシン錠250mg「トーワ」,3f2b48c1bafa
レボフロキサシン,レボフロキサシン錠500mg「杏林」,6241013F3167,レボフロキサシン|レボフロキサシン錠「杏林」,500.0mg,錠,レボフロキサシン錠250mg「杏林」,756cda60bcf7
レボフロキサシン錠,レボフロキサシン錠500mg「陽進」,6241013F3337,レボフロキサシン錠|レボフロキサシン錠「陽進」,500.0mg,錠,レボフロキサシン錠250mg「陽進」,070bdf02e7be
レボホリナートカルシウム水和物注射剤,レボホリナート点滴静注用100mg「HK」,3929407D2078,レボホリナートカルシウム水和物注射剤|レボホリナート点滴静注用「HK」,100.0mg,注射剤,レボホリナート点滴静注用25mg「HK」,e764dfcc1623
レボホリナートカルシウム水和物,レボホリナート点滴静注用100mg「NK」,3929407D2035,レボホリナートカルシウム水和物|レボホリナート点滴静注用「NK」,100.0mg,注射剤,レボホリナート点滴静注用25mg「NK」,59cc0a70553f
注射用レボホリナートカルシウム水和物,レボホリナート点滴静注用100mg「NP」,3929407D2086,注射用レボホリナートカルシウム水和物|レボホリナート点滴静注用「NP」,100.0mg,注射剤,レボホリナート点滴静注用25mg「NP」,3188f71cf713
レボホリナートカルシウム水和物,レボホリナート点滴静注用100mg「サワイ」,3929407D2094,レボホリナートカルシウム水和物|レボホリナート点滴静注用「サワイ」,100.0mg,注射剤,レボホリナート点滴静注用25mg「サワイ」,ff2bdbe248f1
レボホリナートカルシウム水和物注射剤,レボホリナート点滴静注用100mg「トーワ」,3929407D2051,レボホリナートカルシウム水和物注射剤|レボホリナート点滴静注用「トーワ」,100.0mg,注射剤,レボホリナート点滴静注用25mg「トーワ」,9a849d02b3a0
レボホリナートカルシウム水和物点滴静注用,レボホリナート点滴静注用100mg「ヤクルト」,3929407D2060,レボホリナートカルシウム水和物点滴静注用|レボホリナート点滴静注用「ヤクルト」,100.0mg,注射剤,レボホリナート点滴静注用25mg「ヤクルト」,4edbc093e06d
レボホリナートカルシウム水和物,レボホリナート点滴静注用100「オーハラ」,3929407D2043,レボホリナートカルシウム水和物|レボホリナート点滴静注用100「オーハラ」,,注射剤,,5302ba0f1f2a
エルトロンボパグ オラミン,レボレード錠25mg,3999028F2021,エルトロンボパグ オラミン|レボレード錠,25.0mg,錠,レボレード錠12.5mg,de76732b0c0b
エメダスチンフマル酸塩,レミカットカプセル2mg,4490013M2034,エメダスチンフマル酸塩|レミカットカプセル,2.0mg,カプセル,レミカットカプセル1mg,600afb608246
ガランタミン臭化水素酸塩,レミニールOD錠12mg,1190019F6020,ガランタミン臭化水素酸塩|レミニールOD錠,12.0mg,OD錠,,ceec834e6acc
ガランタミン臭化水素酸塩,レミニールOD錠4mg,1190019F4027,ガランタミン臭化水素酸塩|レミニールOD錠,4.0mg,OD錠,,ceec834e6acc
ガランタミン臭化水素酸塩,レミニールOD錠8mg,1190019F5023,ガランタミン臭化水素酸塩|レミニールOD錠,8.0mg,OD錠,,ceec834e6acc
ガランタミン臭化水素酸塩,レミニール内用液4mg/mL,1190019S1026,ガランタミン臭化水素酸塩|レミニール内用液/mL,4.0mg,液剤,,ceec834e6acc
ガランタミン臭化水素酸塩,レミニール錠12mg,1190019F3020,ガランタミン臭化水素酸塩|レミニール錠,12.0mg,錠,レミニール錠4mg,ceec834e6acc
ガランタミン臭化水素酸塩,レミニール錠8mg,1190019F2024,ガランタミン臭化水素酸塩|レミニール錠,8.0mg,錠,レミニール錠4mg,ceec834e6acc
静注用レミフェンタニル塩酸塩,レミフェンタニル静注用5mg「第一三共」,8219401D2036,静注用レミフェンタニル塩酸塩|レミフェンタニル静注用「第一三共」,5.0mg,注射剤,レミフェンタニル静注用2mg「第一三共」,ea446e438209
ミルタザピン,レメロン錠30mg,1179051F2033,ミルタザピン|レメロン錠,30.0mg,錠,レメロン錠15mg,f09dc63b1519
ビランテロールトリフェニル酢酸塩・フルチカゾンフランカルボン酸エステル,レルベア100エリプタ14吸入用,2290803G1028,ビランテロールトリフェニル酢酸塩・フルチカゾンフランカルボン酸エステル|レルベア100エリプタ14吸入用,,吸入剤,,6d577b285e50
ビランテロールトリフェニル酢酸塩・フルチカゾンフランカルボン酸エステル,レルベア100エリプタ30吸入用,2290803G3020,ビランテロールトリフェニル酢酸塩・フルチカゾンフランカルボン酸エステル|レルベア100エリプタ30吸入用,,吸入剤,,6d577b285e50
ビランテロールトリフェニル酢酸塩・フルチカゾンフランカルボン酸エステル,レルベア200エリプタ14吸入用,2290803G2024,ビランテロールトリフェニル酢酸塩・フルチカゾンフランカルボン酸エステル|レルベア200エリプタ14吸入用,,吸入剤,,6d577b285e50
ビランテロールトリフェニル酢酸塩・フルチカゾンフランカルボン酸エステル,レルベア200エリプタ30吸入用,2290803G4027,ビランテロールトリフェニル酢酸塩・フルチカゾンフランカルボン酸エステル|レルベア200エリプタ30吸入用,,吸入剤,,6d577b285e50
レンバチニブメシル酸塩,レンビマカプセル10mg,4291039M2027,レンバチニブメシル酸塩|レンビマカプセル,10.0mg,カプセル,レンビマカプセル4mg,7e3c91cd8b68
L-アスパラギナーゼ,ロイナーゼ注用10000,4291400A2030,L-アスパラギナーゼ|ロイナーゼ注用10000,,注射剤,,d79cd847c6d2
プロカイン塩酸塩,ロカイン注1%,1211401A6078,プロカイン塩酸塩|ロカイン注,1.0%,注射剤,ロカイン注1%,98ee2d830055
プロカイン塩酸塩,ロカイン注1%,1211401A5071,プロカイン塩酸塩|ロカイン注,1.0%,注射剤,ロカイン注1%,98ee2d830055
プロカイン塩酸塩,ロカイン注2%,1211401H1074,プロカイン塩酸塩|ロカイン注,2.0%,注射剤,ロカイン注1%,adeddb602a54
プロカイン塩酸塩,ロカイン注2%,1211401A8070,プロカイン塩酸塩|ロカイン注,2.0%,注射剤,ロカイン注1%,98ee2d830055
プロカイン塩酸塩,ロカイン注2%,1211401A9085,プロカイン塩酸塩|ロカイン注,2.0%,注射剤,ロカイン注1%,adeddb602a54
カルシトリオール,ロカルトロールカプセル0.5,3112004M2020,カルシトリオール|ロカルトロールカプセル0.5,,カプセル,,03fd287e027d
カルシトリオール,ロカルトロール注1,3112402A2027,カルシトリオール|ロカルトロール注1,,注射剤,,96872ba64430
ロキサチジン酢酸エステル塩酸塩,ロキサチジン酢酸エステル塩酸塩徐放カプセル75mg「サワイ」,2325004M1095,ロキサチジン酢酸エステル塩酸塩|ロキサチジン酢酸エステル塩酸塩徐放カプセル「サワイ」,75.0mg,カプセル,ロキサチジン酢酸エステル塩酸塩徐放カプセル37.5mg「サワイ」,c83acf3558ae
ロキソプロフェンナトリウム水和物貼付剤,ロキソニンテープ100mg,2649735S3020,ロキソプロフェンナトリウム水和物貼付剤|ロキソニンテープ,100.0mg,貼付剤,ロキソニンテープ50mg,235c09885120
ロキソプロフェンナトリウム水和物細粒,ロキソニン細粒10%,1149019C1149,ロキソプロフェンナトリウム水和物細粒|ロキソニン細粒,10.0%,(不明),,bd4d3ff39513
ロキソプロフェンナトリウム水和物,ロキソプロフェンNaテープ100mg「DSEP」,2649735S3292,ロキソプロフェンナトリウム水和物|ロキソプロフェンNaテープ「DSEP」,100.0mg,貼付剤,ロキソプロフェンNaテープ50mg「DSEP」,e3834c9b9517
ロキソプロフェンナトリウム水和物貼付剤,ロキソプロフェンNaテープ100mg「FFP」,2649735S3055,ロキソプロフェンナトリウム水和物貼付剤|ロキソプロフェンNaテープ「FFP」,100.0mg,貼付剤,ロキソプロフェンNaテープ50mg「FFP」,fc38028e2aa7
ロキソプロフェンナトリウム水和物貼付剤,ロキソプロフェンNaテープ100mg「JG」,2649735S3063,ロキソプロフェンナトリウム水和物貼付剤|ロキソプロフェンNaテープ「JG」,100.0mg,貼付剤,ロキソプロフェンNaテープ50mg「JG」,eb41edf60d8d
ロキソプロフェンナトリウム水和物,ロキソプロフェンNaテープ100mg「NP」,2649735S3080,ロキソプロフェンナトリウム水和物|ロキソプロフェンNaテープ「NP」,100.0mg,貼付剤,ロキソプロフェンNaテープ50mg「NP」,6e8dbb62a85c
ロキソプロフェンナトリウム水和物テープ剤,ロキソプロフェンNaテープ100mg「QQ」,2649735S3284,ロキソプロフェンナトリウム水和物テープ剤|ロキソプロフェンNaテープ「QQ」,100.0mg,貼付剤,ロキソプロフェンNaテープ50mg「QQ」,5519213bb777
ロキソプロフェンナトリウム水和物テープ,ロキソプロフェンNaテープ100mg「TW」,2649735S3306,ロキソプロフェンナトリウム水和物テープ|ロキソプロフェンNaテープ「TW」,100.0mg,貼付剤,ロキソプロフェンNaテープ50mg「TW」,48d69c540f77
ロキソプロフェンナトリウム水和物貼付剤,ロキソプロフェンNaテープ100mg「YD」,2649735S3110,ロキソプロフェンナトリウム水和物貼付剤|ロキソプロフェンNaテープ「YD」,100.0mg,貼付剤,ロキソプロフェンNaテープ50mg「YD」,e566b4c87aeb
ロキソプロフェンナトリウム水和物,ロキソプロフェンNaテープ100mg「タカタ」,2649735S3160,ロキソプロフェンナトリウム水和物|ロキソプロフェンNaテープ「タカタ」,100.0mg,貼付剤,ロキソプロフェンNaテープ50mg「タカタ」,ecba7d575292
ロキソプロフェンナトリウムテープ,ロキソプロフェンNaテープ100mg「トーワ」,2649735S3179,ロキソプロフェンナトリウムテープ|ロキソプロフェンNaテープ「トーワ」,100.0mg,貼付剤,ロキソプロフェンNaテープ50mg「トーワ」,4ed0d54560f9
ロキソプロフェンナトリウム水和物貼付剤,ロキソプロフェンNaテープ100mg「ユートク」,2649735S3209,ロキソプロフェンナトリウム水和物貼付剤|ロキソプロフェンNaテープ「ユートク」,100.0mg,貼付剤,ロキソプロフェンNaテープ50mg「ユートク」,02535a2419b5
ロキソプロフェンナトリウム水和物貼付剤,ロキソプロフェンNaテープ100mg「ラクール」,2649735S3217,ロキソプロフェンナトリウム水和物貼付剤|ロキソプロフェンNaテープ「ラクール」,100.0mg,貼付剤,ロキソプロフェンNaテープ50mg「ラクール」,c5d852c66f6f
ロキソプロフェンナトリウム水和物貼付剤,ロキソプロフェンNaテープ100mg「三友」,2649735S3268,ロキソプロフェンナトリウム水和物貼付剤|ロキソプロフェンNaテープ「三友」,100.0mg,貼付剤,ロキソプロフェンNaテープ50mg「三友」,366eb8762c1c
ロキソプロフェンナトリウム水和物テープ,ロキソプロフェンNaテープ100mg「三和」,2649735S3152,ロキソプロフェンナトリウム水和物テープ|ロキソプロフェンNaテープ「三和」,100.0mg,貼付剤,ロキソプロフェンNaテープ50mg「三和」,597418815581
ロキソプロフェンナトリウム水和物貼付剤,ロキソプロフェンNaテープ100mg「三笠」,2649735S3195,ロキソプロフェンナトリウム水和物貼付剤|ロキソプロフェンNaテープ「三笠」,100.0mg,貼付剤,ロキソプロフェンNaテープ50mg「三笠」,9f079316bbc8
ロキソプロフェンナトリウム水和物テープ,ロキソプロフェンNaテープ100mg「久光」,2649735S3276,ロキソプロフェンナトリウム水和物テープ|ロキソプロフェンNaテープ「久光」,100.0mg,貼付剤,ロキソプロフェンNaテープ50mg「久光」,61c47a963b17
ロキソプロフェンナトリウム水和物,ロキソプロフェンNaテープ100mg「杏林」,2649735S3144,ロキソプロフェンナトリウム水和物|ロキソプロフェンNaテープ「杏林」,100.0mg,貼付剤,ロキソプロフェンNaテープ50mg「杏林」,f0be639a2544
ロキソプロフェンナトリウム水和物テープ剤,ロキソプロフェンNaテープ100mg「科研」,2649735S3136,ロキソプロフェンナトリウム水和物テープ剤|ロキソプロフェンNaテープ「科研」,100.0mg,貼付剤,ロキソプロフェンNaテープ50mg「科研」,04079e1f9be3
ロキソプロフェンナトリウム水和物貼付剤,ロキソプロフェンNaパップ200mg「ラクール」,2649735S4035,ロキソプロフェンナトリウム水和物貼付剤|ロキソプロフェンNaパップ「ラクール」,200.0mg,貼付剤,ロキソプロフェンNaパップ100mg「ラクール」,4f1f62633d25
ロキソプロフェンナトリウム水和物貼付剤,ロキソプロフェンNaパップ200mg「三笠」,2649735S4027,ロキソプロフェンナトリウム水和物貼付剤|ロキソプロフェンNaパップ「三笠」,200.0mg,貼付剤,ロキソプロフェンNaパップ100mg「三笠」,caaa661e2e93
ロキソプロフェンナトリウム水和物,ロキソプロフェンNa細粒10％「サワイ」,1149019C1157,ロキソプロフェンナトリウム水和物|ロキソプロフェンNa細粒「サワイ」,10.0%,(不明),,16e94fb44bb4
ロキソプロフェンナトリウム水和物貼付剤,ロキソプロフェンナトリウムテープ100mg「ケミファ」,2649735S3225,ロキソプロフェンナトリウム水和物貼付剤|ロキソプロフェンナトリウムテープ「ケミファ」,100.0mg,貼付剤,ロキソプロフェンナトリウムテープ50mg「ケミファ」,658f2c88772c
ロキソプロフェンナトリウム水和物貼付剤,ロキソプロフェンナトリウムテープ100mg「タイホウ」,2649735S3233,ロキソプロフェンナトリウム水和物貼付剤|ロキソプロフェンナトリウムテープ「タイホウ」,100.0mg,貼付剤,ロキソプロフェンナトリウムテープ50mg「タイホウ」,8f67f6dfb699
ロキソプロフェンナトリウム水和物,ロキソプロフェンナトリウムテープ100mg「日医工」,2649735S3241,ロキソプロフェンナトリウム水和物|ロキソプロフェンナトリウムテープ「日医工」,100.0mg,貼付剤,ロキソプロフェンナトリウムテープ50mg「日医工」,8bd875263d93
ロクロニウム臭化物,ロクロニウム臭化物静注液50mg/5.0mL「F」,1229405A2032,ロクロニウム臭化物|ロクロニウム臭化物静注液/「F」,50.0mg/5.0ml,注射剤,ロクロニウム臭化物静注液25mg/2.5mL「F」,6e584933d984
ロクロニウム臭化物,ロクロニウム臭化物静注液50mg/5.0mL「マルイシ」,1229405A2040,ロクロニウム臭化物|ロクロニウム臭化物静注液/「マルイシ」,50.0mg/5.0ml,注射剤,ロクロニウム臭化物静注液25mg/2.5mL「マルイシ」,91c10eeea1f4
ジルコニウムシクロケイ酸ナトリウム水和物,ロケルマ懸濁用散分包10g,2190040B2027,ジルコニウムシクロケイ酸ナトリウム水和物|ロケルマ懸濁用散分包,10.0g,散剤,ロケルマ懸濁用散分包5g,bec615d15e42
ヒドロコルチゾン酪酸エステル,ロコイドクリーム0.1%,2646717N1083,ヒドロコルチゾン酪酸エステル|ロコイドクリーム,0.1%,クリーム,,0aaa0ae18754
トラピジル,ロコルナール錠100mg,2171012F2315,トラピジル|ロコルナール錠,100.0mg,錠,ロコルナール錠50mg,0d93c82c0760
ロサルタンカリウム,ロサルタンK錠100mg「DSEP」,2149039F3034,ロサルタンカリウム|ロサルタンK錠「DSEP」,100.0mg,錠,ロサルタンK錠25mg「DSEP」,1dfdbec9d46f
ロサルタンカリウム,ロサルタンK錠100mg「VTRS」,2149039F3360,ロサルタンカリウム|ロサルタンK錠「VTRS」,100.0mg,錠,ロサルタンK錠25mg「VTRS」,3f416ebfc838
ロサルタンカリウム,ロサルタンK錠100mg「オーハラ」,2149039F3069,ロサルタンカリウム|ロサルタンK錠「オーハラ」,100.0mg,錠,ロサルタンK錠25mg「オーハラ」,1f7ab2fbc3b1
ロサルタンカリウム錠,ロサルタンK錠100mg「トーワ」,2149039F3093,ロサルタンカリウム錠|ロサルタンK錠「トーワ」,100.0mg,錠,ロサルタンK錠25mg「トーワ」,238f432b8868
ロサルタンカリウム,ロサルタンK錠100mg「日新」,2149039F3107,ロサルタンカリウム|ロサルタンK錠「日新」,100.0mg,錠,ロサルタンK錠25mg「日新」,6157b47c2779
ロサルタンカリウム,ロサルタンK錠100mg「明治」,2149039F3123,ロサルタンカリウム|ロサルタンK錠「明治」,100.0mg,錠,ロサルタンK錠25mg「明治」,87c8192bf6bf
ロサルタンカリウム,ロサルタンK錠100mg「科研」,2149039F3077,ロサルタンカリウム|ロサルタンK錠「科研」,100.0mg,錠,ロサルタンK錠25mg「科研」,4bf76896f14c
ロサルタンカリウム,ロサルタンK錠50mg「DSEP」,2149039F2046,ロサルタンカリウム|ロサルタンK錠「DSEP」,50.0mg,錠,ロサルタンK錠25mg「DSEP」,1dfdbec9d46f
ロサルタンカリウム,ロサルタンK錠50mg「VTRS」,2149039F2372,ロサルタンカリウム|ロサルタンK錠「VTRS」,50.0mg,錠,ロサルタンK錠25mg「VTRS」,3f416ebfc838
ロサルタンカリウム,ロサルタンK錠50mg「オーハラ」,2149039F2070,ロサルタンカリウム|ロサルタンK錠「オーハラ」,50.0mg,錠,ロサルタンK錠25mg「オーハラ」,1f7ab2fbc3b1
ロサルタンカリウム錠,ロサルタンK錠50mg「トーワ」,2149039F2100,ロサルタンカリウム錠|ロサルタンK錠「トーワ」,50.0mg,錠,ロサルタンK錠25mg「トーワ」,238f432b8868
ロサルタンカリウム,ロサルタンK錠50mg「日新」,2149039F2119,ロサルタンカリウム|ロサルタンK錠「日新」,50.0mg,錠,ロサルタンK錠25mg「日新」,6157b47c2779
ロサルタンカリウム,ロサルタンK錠50mg「明治」,2149039F2135,ロサルタンカリウム|ロサルタンK錠「明治」,50.0mg,錠,ロサルタンK錠25mg「明治」,87c8192bf6bf
ロサルタンカリウム,ロサルタンK錠50mg「科研」,2149039F2089,ロサルタンカリウム|ロサルタンK錠「科研」,50.0mg,錠,ロサルタンK錠25mg「科研」,4bf76896f14c
ロサルタンカリウム,ロサルタンカリウム錠100mg「DK」,2149039F3158,ロサルタンカリウム|ロサルタンカリウム錠「DK」,100.0mg,錠,ロサルタンカリウム錠25mg「DK」,9ee4cfcfd338
ロサルタンカリウム錠,ロサルタンカリウム錠100mg「JG」,2149039F3174,ロサルタンカリウム錠|ロサルタンカリウム錠「JG」,100.0mg,錠,ロサルタンカリウム錠25mg「JG」,22371b7ebdc7
ロサルタンカリウム錠,ロサルタンカリウム錠100mg「NIG」,2149039F3379,ロサルタンカリウム錠|ロサルタンカリウム錠「NIG」,100.0mg,錠,ロサルタンカリウム錠25mg「NIG」,ad9bd314b9e1
ロサルタンカリウム錠,ロサルタンカリウム錠100mg「NP」,2149039F3190,ロサルタンカリウム錠|ロサルタンカリウム錠「NP」,100.0mg,錠,ロサルタンカリウム錠25mg「NP」,963b61e8ed2e
ロサルタンカリウム錠,ロサルタンカリウム錠100mg「YD」,2149039F3212,ロサルタンカリウム錠|ロサルタンカリウム錠「YD」,100.0mg,錠,ロサルタンカリウム錠25mg「YD」,93ecea6d9617
ロサルタンカリウム,ロサルタンカリウム錠100mg「ZE」,2149039F3220,ロサルタンカリウム|ロサルタンカリウム錠「ZE」,100.0mg,錠,ロサルタンカリウム錠25mg「ZE」,0b71ce382ff3
ロサルタンカリウム,ロサルタンカリウム錠100mg「アメル」,2149039F3239,ロサルタンカリウム|ロサルタンカリウム錠「アメル」,100.0mg,錠,ロサルタンカリウム錠25mg「アメル」,e57fdd4ecdd6
ロサルタンカリウム,ロサルタンカリウム錠100mg「ケミファ」,2149039F3255,ロサルタンカリウム|ロサルタンカリウム錠「ケミファ」,100.0mg,錠,ロサルタンカリウム錠25mg「ケミファ」,44ac4e5ec17a
ロサルタンカリウム,ロサルタンカリウム錠100mg「サワイ」,2149039F3263,ロサルタンカリウム|ロサルタンカリウム錠「サワイ」,100.0mg,錠,ロサルタンカリウム錠25mg「サワイ」,c05599adb329
ロサルタンカリウム,ロサルタンカリウム錠100mg「サンド」,2149039F3271,ロサルタンカリウム|ロサルタンカリウム錠「サンド」,100.0mg,錠,ロサルタンカリウム錠25mg「サンド」,3ba1098e3607
ロサルタンカリウム,ロサルタンカリウム錠100mg「杏林」,2149039F3247,ロサルタンカリウム|ロサルタンカリウム錠「杏林」,100.0mg,錠,ロサルタンカリウム錠25mg「杏林」,bd2fd4b2ba4d
ロサルタンカリウム,ロサルタンカリウム錠50mg「DK」,2149039F2160,ロサルタンカリウム|ロサルタンカリウム錠「DK」,50.0mg,錠,ロサルタンカリウム錠25mg「DK」,9ee4cfcfd338
ロサルタンカリウム錠,ロサルタンカリウム錠50mg「JG」,2149039F2186,ロサルタンカリウム錠|ロサルタンカリウム錠「JG」,50.0mg,錠,ロサルタンカリウム錠25mg「JG」,22371b7ebdc7
ロサルタンカリウム錠,ロサルタンカリウム錠50mg「NIG」,2149039F2380,ロサルタンカリウム錠|ロサルタンカリウム錠「NIG」,50.0mg,錠,ロサルタンカリウム錠25mg「NIG」,ad9bd314b9e1
ロサルタンカリウム錠,ロサルタンカリウム錠50mg「NP」,2149039F2208,ロサルタンカリウム錠|ロサルタンカリウム錠「NP」,50.0mg,錠,ロサルタンカリウム錠25mg「NP」,963b61e8ed2e
ロサルタンカリウム錠,ロサルタンカリウム錠50mg「YD」,2149039F2224,ロサルタンカリウム錠|ロサルタンカリウム錠「YD」,50.0mg,錠,ロサルタンカリウム錠25mg「YD」,93ecea6d9617
ロサルタンカリウム,ロサルタンカリウム錠50mg「ZE」,2149039F2232,ロサルタンカリウム|ロサルタンカリウム錠「ZE」,50.0mg,錠,ロサルタンカリウム錠25mg「ZE」,0b71ce382ff3
ロサルタンカリウム,ロサルタンカリウム錠50mg「アメル」,2149039F2240,ロサルタンカリウム|ロサルタンカリウム錠「アメル」,50.0mg,錠,ロサルタンカリウム錠25mg「アメル」,e57fdd4ecdd6
ロサルタンカリウム,ロサルタンカリウム錠50mg「ケミファ」,2149039F2267,ロサルタンカリウム|ロサルタンカリウム錠「ケミファ」,50.0mg,錠,ロサルタンカリウム錠25mg「ケミファ」,44ac4e5ec17a
ロサルタンカリウム,ロサルタンカリウム錠50mg「サワイ」,2149039F2275,ロサルタンカリウム|ロサルタンカリウム錠「サワイ」,50.0mg,錠,ロサルタンカリウム錠25mg「サワイ」,c05599adb329
ロサルタンカリウム,ロサルタンカリウム錠50mg「サンド」,2149039F2283,ロサルタンカリウム|ロサルタンカリウム錠「サンド」,50.0mg,錠,ロサルタンカリウム錠25mg「サンド」,3ba1098e3607
ロサルタンカリウム,ロサルタンカリウム錠50mg「杏林」,2149039F2259,ロサルタンカリウム|ロサルタンカリウム錠「杏林」,50.0mg,錠,ロサルタンカリウム錠25mg「杏林」,bd2fd4b2ba4d
ロサルタンカリウム・ヒドロクロロチアジド錠,ロサルヒド配合錠HD「EP」,2149110F2100,ロサルタンカリウム・ヒドロクロロチアジド錠|ロサルヒド配合錠HD「EP」,,錠,,7df4035a4aa7
ロサルタンカリウム・ヒドロクロロチアジド錠,ロサルヒド配合錠HD「JG」,2149110F2046,ロサルタンカリウム・ヒドロクロロチアジド錠|ロサルヒド配合錠HD「JG」,,錠,,6218ecd30c17
ロサルタンカリウム・ヒドロクロロチアジド錠,ロサルヒド配合錠HD「NIG」,2149110F2348,ロサルタンカリウム・ヒドロクロロチアジド錠|ロサルヒド配合錠HD「NIG」,,錠,,93c1059cc13b
"ロサルタンカリウム
ヒドロクロロチアジド",ロサルヒド配合錠HD「NPI」,2149110F2321,"ロサルタンカリウム
ヒドロクロロチアジド|ロサルヒド配合錠HD「NPI」",,錠,,06f863e84bca
ロサルタンカリウム・ヒドロクロロチアジド錠,ロサルヒド配合錠HD「TCK」,2149110F2151,ロサルタンカリウム・ヒドロクロロチアジド錠|ロサルヒド配合錠HD「TCK」,,錠,,bbf9983ed1d4
"ロサルタンカリウム
ヒドロクロロチアジド",ロサルヒド配合錠HD「VTRS」,2149110F2330,"ロサルタンカリウム
ヒドロクロロチアジド|ロサルヒド配合錠HD「VTRS」",,錠,,174e95c27553
ロサルタンカリウム・ヒドロクロロチアジド錠,ロサルヒド配合錠HD「YD」,2149110F2160,ロサルタンカリウム・ヒドロクロロチアジド錠|ロサルヒド配合錠HD「YD」,,錠,,b0f0399baceb
"ロサルタンカリウム
ヒドロクロロチアジド",ロサルヒド配合錠HD「ケミファ」,2149110F2194,"ロサルタンカリウム
ヒドロクロロチアジド|ロサルヒド配合錠HD「ケミファ」",,錠,,ea1dee3a6a83
"ロサルタンカリウム
ヒドロクロロチアジド",ロサルヒド配合錠HD「サワイ」,2149110F2291,"ロサルタンカリウム
ヒドロクロロチアジド|ロサルヒド配合錠HD「サワイ」",,錠,,220b8eda59ca
ロサルタンカリウム・ヒドロクロロチアジド錠,ロサルヒド配合錠HD「ツルハラ」,2149110F2224,ロサルタンカリウム・ヒドロクロロチアジド錠|ロサルヒド配合錠HD「ツルハラ」,,錠,,4a417736424d
ロサルタンカリウム／ヒドロクロロチアジド錠,ロサルヒド配合錠HD「トーワ」,2149110F2232,ロサルタンカリウム／ヒドロクロロチアジド錠|ロサルヒド配合錠HD「トーワ」,,錠,,2740a5b28a18
ロサルタンカリウム・ヒドロクロロチアジド配合錠,ロサルヒド配合錠HD「ニプロ」,2149110F2267,ロサルタンカリウム・ヒドロクロロチアジド配合錠|ロサルヒド配合錠HD「ニプロ」,,錠,,1bd04701699f
ロサルタンカリウム・ヒドロクロロチアジド,ロサルヒド配合錠HD「三和」,2149110F2070,ロサルタンカリウム・ヒドロクロロチアジド|ロサルヒド配合錠HD「三和」,,錠,,30c605914e06
ロサルタンカリウムヒドロクロロチアジド,ロサルヒド配合錠HD「日医工」,2149110F2240,ロサルタンカリウムヒドロクロロチアジド|ロサルヒド配合錠HD「日医工」,,錠,,faeb9af1152f
"ロサルタンカリウム
ヒドロクロロチアジド",ロサルヒド配合錠HD「日新」,2149110F2259,"ロサルタンカリウム
ヒドロクロロチアジド|ロサルヒド配合錠HD「日新」",,錠,,0eb9bfec045b
ロサルタンカリウム・ヒドロクロロチアジド錠,ロサルヒド配合錠HD「杏林」,2149110F2062,ロサルタンカリウム・ヒドロクロロチアジド錠|ロサルヒド配合錠HD「杏林」,,錠,,57467700cb1e
"ロサルタンカリウム
ヒドロクロロチアジド",ロサルヒド配合錠HD「科研」,2149110F2186,"ロサルタンカリウム
ヒドロクロロチアジド|ロサルヒド配合錠HD「科研」",,錠,,304bf2d46aed
ロスバスタチンカルシウム錠/口腔内崩壊錠,ロスバスタチンOD錠10mg「トーワ」,2189017F6024,ロスバスタチンカルシウム錠/口腔内崩壊錠|ロスバスタチンOD錠「トーワ」,10.0mg,OD錠,,87ad923e3f2b
ロスバスタチンカルシウム口腔内崩壊錠,ロスバスタチンOD錠2.5mg「DSEP」,2189017F3033,ロスバスタチンカルシウム口腔内崩壊錠|ロスバスタチンOD錠「DSEP」,2.5mg,OD錠,,0380cfe08328
"ロスバスタチンカルシウム錠
ロスバスタチンカルシウム口腔内崩壊錠",ロスバスタチンOD錠2.5mg「JG」,2189017F3050,"ロスバスタチンカルシウム錠
ロスバスタチンカルシウム口腔内崩壊錠|ロスバスタチンOD錠「JG」",2.5mg,OD錠,,ed29af6243b1
ロスバスタチンカルシウム口腔内崩壊錠,ロスバスタチンOD錠2.5mg「KMP」,2189017F3211,ロスバスタチンカルシウム口腔内崩壊錠|ロスバスタチンOD錠「KMP」,2.5mg,OD錠,,8624e98d1ea5
ロスバスタチンカルシウム錠、ロスバスタチンカルシウム口腔内崩壊錠,ロスバスタチンOD錠2.5mg「YD」,2189017F3084,ロスバスタチンカルシウム錠、ロスバスタチンカルシウム口腔内崩壊錠|ロスバスタチンOD錠「YD」,2.5mg,OD錠,,5392107b15c7
ロスバスタチンカルシウム錠・口腔内崩壊錠,ロスバスタチンOD錠2.5mg「オーハラ」,2189017F3106,ロスバスタチンカルシウム錠・口腔内崩壊錠|ロスバスタチンOD錠「オーハラ」,2.5mg,OD錠,,4a6b7fd43d8f
ロスバスタチンカルシウム,ロスバスタチンOD錠2.5mg「ケミファ」,2189017F3130,ロスバスタチンカルシウム|ロスバスタチンOD錠「ケミファ」,2.5mg,OD錠,,184d833a3cdc
ロスバスタチンカルシウム,ロスバスタチンOD錠2.5mg「サワイ」,2189017F3149,ロスバスタチンカルシウム|ロスバスタチンOD錠「サワイ」,2.5mg,OD錠,,c7c72276c174
ロスバスタチンカルシウム錠/口腔内崩壊錠,ロスバスタチンOD錠2.5mg「トーワ」,2189017F3173,ロスバスタチンカルシウム錠/口腔内崩壊錠|ロスバスタチンOD錠「トーワ」,2.5mg,OD錠,,87ad923e3f2b
ロスバスタチンカルシウム製剤,ロスバスタチンOD錠2.5mg「ニプロ」,2189017F3190,ロスバスタチンカルシウム製剤|ロスバスタチンOD錠「ニプロ」,2.5mg,OD錠,,f8809c5482c4
ロスバスタチンカルシウム口腔内崩壊錠,ロスバスタチンOD錠5mg「DSEP」,2189017F4030,ロスバスタチンカルシウム口腔内崩壊錠|ロスバスタチンOD錠「DSEP」,5.0mg,OD錠,,0380cfe08328
"ロスバスタチンカルシウム錠
ロスバスタチンカルシウム口腔内崩壊錠",ロスバスタチンOD錠5mg「JG」,2189017F4056,"ロスバスタチンカルシウム錠
ロスバスタチンカルシウム口腔内崩壊錠|ロスバスタチンOD錠「JG」",5.0mg,OD錠,,ed29af6243b1
ロスバスタチンカルシウム口腔内崩壊錠,ロスバスタチンOD錠5mg「KMP」,2189017F4218,ロスバスタチンカルシウム口腔内崩壊錠|ロスバスタチンOD錠「KMP」,5.0mg,OD錠,,8624e98d1ea5
ロスバスタチンカルシウム錠、ロスバスタチンカルシウム口腔内崩壊錠,ロスバスタチンOD錠5mg「YD」,2189017F4080,ロスバスタチンカルシウム錠、ロスバスタチンカルシウム口腔内崩壊錠|ロスバスタチンOD錠「YD」,5.0mg,OD錠,,5392107b15c7
ロスバスタチンカルシウム錠・口腔内崩壊錠,ロスバスタチンOD錠5mg「オーハラ」,2189017F4102,ロスバスタチンカルシウム錠・口腔内崩壊錠|ロスバスタチンOD錠「オーハラ」,5.0mg,OD錠,,4a6b7fd43d8f
ロスバスタチンカルシウム,ロスバスタチンOD錠5mg「ケミファ」,2189017F4137,ロスバスタチンカルシウム|ロスバスタチンOD錠「ケミファ」,5.0mg,OD錠,,184d833a3cdc
ロスバスタチンカルシウム,ロスバスタチンOD錠5mg「サワイ」,2189017F4145,ロスバスタチンカルシウム|ロスバスタチンOD錠「サワイ」,5.0mg,OD錠,,c7c72276c174
ロスバスタチンカルシウム錠/口腔内崩壊錠,ロスバスタチンOD錠5mg「トーワ」,2189017F4170,ロスバスタチンカルシウム錠/口腔内崩壊錠|ロスバスタチンOD錠「トーワ」,5.0mg,OD錠,,87ad923e3f2b
ロスバスタチンカルシウム製剤,ロスバスタチンOD錠5mg「ニプロ」,2189017F4196,ロスバスタチンカルシウム製剤|ロスバスタチンOD錠「ニプロ」,5.0mg,OD錠,,f8809c5482c4
ロスバスタチンカルシウム,ロスバスタチンOD錠5mg「フェルゼン」,2189017F4226,ロスバスタチンカルシウム|ロスバスタチンOD錠「フェルゼン」,5.0mg,OD錠,ロスバスタチンOD錠2.5mg「フェルゼン」,6182a2b29f6a
ロスバスタチンカルシウム口腔内崩壊錠,ロスバスタチンOD錠5mg「三和」,2189017F4153,ロスバスタチンカルシウム口腔内崩壊錠|ロスバスタチンOD錠「三和」,5.0mg,OD錠,ロスバスタチンOD錠2.5mg「三和」,1f18e22ca634
ロスバスタチンカルシウム,ロスバスタチンOD錠5mg「日医工」,2189017F4188,ロスバスタチンカルシウム|ロスバスタチンOD錠「日医工」,5.0mg,OD錠,ロスバスタチンOD錠2.5mg「日医工」,f590a2d3806d
ロスバスタチンカルシウム,ロスバスタチンOD錠5mg「明治」,2189017F4200,ロスバスタチンカルシウム|ロスバスタチンOD錠「明治」,5.0mg,OD錠,ロスバスタチンOD錠2.5mg「明治」,c653eec00b0a
ロスバスタチンカルシウム口腔内崩壊錠,ロスバスタチンOD錠5mg「科研」,2189017F4110,ロスバスタチンカルシウム口腔内崩壊錠|ロスバスタチンOD錠「科研」,5.0mg,OD錠,ロスバスタチンOD錠2.5mg「科研」,495f9ce6dab1
ロスバスタチンカルシウム錠/口腔内崩壊錠,ロスバスタチン錠10mg「トーワ」,2189017F5036,ロスバスタチンカルシウム錠/口腔内崩壊錠|ロスバスタチン錠「トーワ」,10.0mg,錠,ロスバスタチン錠2.5mg「トーワ」,87ad923e3f2b
ロスバスタチンカルシウム口腔内崩壊錠,ロスバスタチン錠5mg「DSEP」,2189017F2037,ロスバスタチンカルシウム口腔内崩壊錠|ロスバスタチン錠「DSEP」,5.0mg,錠,ロスバスタチン錠2.5mg「DSEP」,0380cfe08328
"ロスバスタチンカルシウム錠
ロスバスタチンカルシウム口腔内崩壊錠",ロスバスタチン錠5mg「JG」,2189017F2053,"ロスバスタチンカルシウム錠
ロスバスタチンカルシウム口腔内崩壊錠|ロスバスタチン錠「JG」",5.0mg,錠,ロスバスタチン錠2.5mg「JG」,ed29af6243b1
ロスバスタチンカルシウム口腔内崩壊錠,ロスバスタチン錠5mg「KMP」,2189017F2304,ロスバスタチンカルシウム口腔内崩壊錠|ロスバスタチン錠「KMP」,5.0mg,錠,ロスバスタチン錠2.5mg「KMP」,8624e98d1ea5
ロスバスタチンカルシウム錠,ロスバスタチン錠5mg「NIG」,2189017F2312,ロスバスタチンカルシウム錠|ロスバスタチン錠「NIG」,5.0mg,錠,ロスバスタチン錠2.5mg「NIG」,765808247062
ロスバスタチンカルシウム錠,ロスバスタチン錠5mg「TCK」,2189017F2070,ロスバスタチンカルシウム錠|ロスバスタチン錠「TCK」,5.0mg,錠,ロスバスタチン錠2.5mg「TCK」,b096dfb75d3a
ロスバスタチンカルシウム錠、ロスバスタチンカルシウム口腔内崩壊錠,ロスバスタチン錠5mg「YD」,2189017F2088,ロスバスタチンカルシウム錠、ロスバスタチンカルシウム口腔内崩壊錠|ロスバスタチン錠「YD」,5.0mg,錠,ロスバスタチン錠2.5mg「YD」,5392107b15c7
ロスバスタチンカルシウム錠・口腔内崩壊錠,ロスバスタチン錠5mg「オーハラ」,2189017F2100,ロスバスタチンカルシウム錠・口腔内崩壊錠|ロスバスタチン錠「オーハラ」,5.0mg,錠,ロスバスタチン錠2.5mg「オーハラ」,4a6b7fd43d8f
ロスバスタチンカルシウム,ロスバスタチン錠5mg「ケミファ」,2189017F2142,ロスバスタチンカルシウム|ロスバスタチン錠「ケミファ」,5.0mg,錠,ロスバスタチン錠2.5mg「ケミファ」,184d833a3cdc
ロスバスタチンカルシウム,ロスバスタチン錠5mg「サワイ」,2189017F2150,ロスバスタチンカルシウム|ロスバスタチン錠「サワイ」,5.0mg,錠,ロスバスタチン錠2.5mg「サワイ」,c7c72276c174
日本薬局方 ロスバスタチンカルシウム錠,ロスバスタチン錠5mg「ツルハラ」,2189017F2266,日本薬局方 ロスバスタチンカルシウム錠|ロスバスタチン錠「ツルハラ」,5.0mg,錠,ロスバスタチン錠2.5mg「ツルハラ」,1fa034da9071
ロスバスタチンカルシウム錠/口腔内崩壊錠,ロスバスタチン錠5mg「トーワ」,2189017F2215,ロスバスタチンカルシウム錠/口腔内崩壊錠|ロスバスタチン錠「トーワ」,5.0mg,錠,ロスバスタチン錠2.5mg「トーワ」,87ad923e3f2b
ロスバスタチンカルシウム製剤,ロスバスタチン錠5mg「ニプロ」,2189017F2240,ロスバスタチンカルシウム製剤|ロスバスタチン錠「ニプロ」,5.0mg,錠,ロスバスタチン錠2.5mg「ニプロ」,f8809c5482c4
ロスバスタチンカルシウム,ロスバスタチン錠5mg「三和」,2189017F2177,ロスバスタチンカルシウム|ロスバスタチン錠「三和」,5.0mg,錠,ロスバスタチン錠2.5mg「三和」,6b89a2207dc0
ロスバスタチンカルシウム,ロスバスタチン錠5mg「日医工」,2189017F2223,ロスバスタチンカルシウム|ロスバスタチン錠「日医工」,5.0mg,錠,ロスバスタチン錠2.5mg「日医工」,a1434c83e235
ロスバスタチンカルシウム,ロスバスタチン錠5mg「日新」,2189017F2231,ロスバスタチンカルシウム|ロスバスタチン錠「日新」,5.0mg,錠,ロスバスタチン錠2.5mg「日新」,6d8f710a0374
ロスバスタチンカルシウム,ロスバスタチン錠5mg「杏林」,2189017F2134,ロスバスタチンカルシウム|ロスバスタチン錠「杏林」,5.0mg,錠,ロスバスタチン錠2.5mg「杏林」,fbea10bce6bc
エゼチミブ／ロスバスタチンカルシウム,ロスーゼット配合錠HD,2189102F2020,エゼチミブ／ロスバスタチンカルシウム|ロスーゼット配合錠HD,,錠,,8a7bfe827e80
エヌトレクチニブ,ロズリートレクカプセル200mg,4291061M2021,エヌトレクチニブ|ロズリートレクカプセル,200.0mg,カプセル,ロズリートレクカプセル100mg,945d302c2be5
セフトリアキソンナトリウム水和物,ロセフィン点滴静注用1gバッグ,6132419G1025,セフトリアキソンナトリウム水和物|ロセフィン点滴静注用バッグ,1.0g,注射剤,,6235318ff911
セフトリアキソンナトリウム水和物,ロセフィン静注用1g,6132419F2026,セフトリアキソンナトリウム水和物|ロセフィン静注用,1.0g,注射剤,ロセフィン静注用0.5g,6235318ff911
ビノレルビン酒石酸塩,ロゼウス静注液40mg,4240407A2032,ビノレルビン酒石酸塩|ロゼウス静注液,40.0mg,注射剤,ロゼウス静注液10mg,848043a6edb6
ゾテピン,ロドピン細粒10%,1179024C1033,ゾテピン|ロドピン細粒,10.0%,(不明),,a4bbc1062229
ゾテピン,ロドピン細粒50%,1179024C2021,ゾテピン|ロドピン細粒,50.0%,(不明),,a4bbc1062229
ゾテピン,ロドピン錠100mg,1179024F3024,ゾテピン|ロドピン錠,100.0mg,錠,ロドピン錠25mg,a4bbc1062229
ゾテピン,ロドピン錠50mg,1179024F2036,ゾテピン|ロドピン錠,50.0mg,錠,ロドピン錠25mg,a4bbc1062229
ブロナンセリン,ロナセンテープ30mg,1179700S2028,ブロナンセリン|ロナセンテープ,30.0mg,貼付剤,ロナセンテープ20mg,96822ae786c7
ブロナンセリン,ロナセンテープ40mg,1179700S3024,ブロナンセリン|ロナセンテープ,40.0mg,貼付剤,ロナセンテープ20mg,96822ae786c7
ブロナンセリン,ロナセン散2％,1179048B1025,ブロナンセリン|ロナセン散,2.0%,散剤,,fdf10fe788b0
ブロナンセリン,ロナセン錠4mg,1179048F2023,ブロナンセリン|ロナセン錠,4.0mg,錠,ロナセン錠2mg,fdf10fe788b0
ブロナンセリン,ロナセン錠8mg,1179048F3020,ブロナンセリン|ロナセン錠,8.0mg,錠,ロナセン錠2mg,fdf10fe788b0
ロピニロール塩酸塩,ロピニロールOD錠1mg「アメル」,1169013F5022,ロピニロール塩酸塩|ロピニロールOD錠「アメル」,1.0mg,OD錠,ロピニロールOD錠0.25mg「アメル」,e309ebe11ca2
ロピニロール塩酸塩,ロピニロールOD錠2mg「アメル」,1169013F6029,ロピニロール塩酸塩|ロピニロールOD錠「アメル」,2.0mg,OD錠,ロピニロールOD錠0.25mg「アメル」,e309ebe11ca2
ロピニロール塩酸塩,ロピニロール徐放錠8mg「KMP」,1169013G2061,ロピニロール塩酸塩|ロピニロール徐放錠「KMP」,8.0mg,錠,ロピニロール徐放錠2mg「KMP」,d601874788ca
ロピニロール塩酸塩,ロピニロール徐放錠8mg「サワイ」,1169013G2053,ロピニロール塩酸塩|ロピニロール徐放錠「サワイ」,8.0mg,錠,ロピニロール徐放錠2mg「サワイ」,7d570ef7489f
ロピニロール塩酸塩徐放錠,ロピニロール徐放錠8mg「トーワ」,1169013G2045,ロピニロール塩酸塩徐放錠|ロピニロール徐放錠「トーワ」,8.0mg,錠,ロピニロール徐放錠2mg「トーワ」,f12d7a889acb
ロピニロール塩酸塩,ロピニロール錠1mg「JG」,1169013F2031,ロピニロール塩酸塩|ロピニロール錠「JG」,1.0mg,錠,ロピニロール錠0.25mg「JG」,86b9311c5e64
ロピニロール塩酸塩,ロピニロール錠2mg「JG」,1169013F3038,ロピニロール塩酸塩|ロピニロール錠「JG」,2.0mg,錠,ロピニロール錠0.25mg「JG」,86b9311c5e64
ロピバカイン塩酸塩水和物,ロピバカイン塩酸塩0.2%注バッグ200mg/100mL「テルモ」,1214405A2030,ロピバカイン塩酸塩水和物|ロピバカイン塩酸塩注バッグ/「テルモ」,0.2%/200.0mg/100.0ml,注射剤,,58968da15ad6
ロピバカイン塩酸塩水和物注射剤,ロピバカイン塩酸塩0.75%注150mg/20mL「テルモ」,1214405A4032,ロピバカイン塩酸塩水和物注射剤|ロピバカイン塩酸塩注/「テルモ」,0.75%/150.0mg/20.0ml,注射剤,ロピバカイン塩酸塩0.75%注75mg/10mL「テルモ」,ed77dcfed359
ロフラゼプ酸エチル,ロフラゼプ酸エチル錠2mg「SN」,1124029F2111,ロフラゼプ酸エチル|ロフラゼプ酸エチル錠「SN」,2.0mg,錠,ロフラゼプ酸エチル錠1mg「SN」,04f135e0eb1b
ロフラゼプ酸エチル,ロフラゼプ酸エチル錠2mg「サワイ」,1124029F2090,ロフラゼプ酸エチル|ロフラゼプ酸エチル錠「サワイ」,2.0mg,錠,ロフラゼプ酸エチル錠1mg「サワイ」,c6778cc016e6
ロフラゼプ酸エチル錠,ロフラゼプ酸エチル錠2mg「トーワ」,1124029F2103,ロフラゼプ酸エチル錠|ロフラゼプ酸エチル錠「トーワ」,2.0mg,錠,ロフラゼプ酸エチル錠1mg「トーワ」,7c56414ee397
メトプロロール酒石酸塩,ロプレソール錠40mg,2149010F2072,メトプロロール酒石酸塩|ロプレソール錠,40.0mg,錠,ロプレソール錠20mg,4fa6cd5c82f9
ロペラミド塩酸塩,ロペミン細粒0.1%,2319001C2060,ロペラミド塩酸塩|ロペミン細粒,0.1%,(不明),,5234fe42735a
ロラゼパム,ロラゼパム錠1mg「サワイ」,1124022F2110,ロラゼパム|ロラゼパム錠「サワイ」,1.0mg,錠,ロラゼパム錠0.5mg「サワイ」,c7c6f81b512a
ロラタジン,ロラタジンOD錠10mg「FFP」,4490027F2061,ロラタジン|ロラタジンOD錠「FFP」,10.0mg,OD錠,,2a81f2cfbe5f
ロラタジン製剤,ロラタジンOD錠10mg「NP」,4490027F2088,ロラタジン製剤|ロラタジンOD錠「NP」,10.0mg,OD錠,,bc1674a20164
ロラタジン,ロラタジンOD錠10mg「VTRS」,4490027F2274,ロラタジン|ロラタジンOD錠「VTRS」,10.0mg,OD錠,,696391d6c1df
ロラタジン錠ロラタジン口腔内崩壊錠,ロラタジンOD錠10mg「YD」,4490027F2096,ロラタジン錠ロラタジン口腔内崩壊錠|ロラタジンOD錠「YD」,10.0mg,OD錠,,04a8ca93f95e
ロラタジン,ロラタジンOD錠10mg「ケミファ」,4490027F2126,ロラタジン|ロラタジンOD錠「ケミファ」,10.0mg,OD錠,,76603f98a31c
ロラタジン,ロラタジンOD錠10mg「サワイ」,4490027F2142,ロラタジン|ロラタジンOD錠「サワイ」,10.0mg,OD錠,,ccb085c34c3a
ロラタジン,ロラタジンOD錠10mg「フェルゼン」,4490027F2282,ロラタジン|ロラタジンOD錠「フェルゼン」,10.0mg,OD錠,,142c8e6e3b8b
ロラタジン,ロラタジンOD錠10mg「日医工」,4490027F2177,ロラタジン|ロラタジンOD錠「日医工」,10.0mg,OD錠,,e16066ac70c1
ロラタジン,ロラタジンOD錠10mg「日新」,4490027F2185,ロラタジン|ロラタジンOD錠「日新」,10.0mg,OD錠,,4c69d4ddc462
ロルノキシカム製剤,ロルカム錠4mg,1149036F2021,ロルノキシカム製剤|ロルカム錠,4.0mg,錠,ロルカム錠2mg,8bfefdd23173
ロルノキシカム,ロルノキシカム錠4mg「KO」,1149036F2030,ロルノキシカム|ロルノキシカム錠「KO」,4.0mg,錠,ロルノキシカム錠2mg「KO」,f5be115ffadb
リシノプリル水和物,ロンゲス錠10mg,2144006F2037,リシノプリル水和物|ロンゲス錠,10.0mg,錠,ロンゲス錠5mg,b13394bcaaaa
リシノプリル水和物,ロンゲス錠20mg,2144006F3033,リシノプリル水和物|ロンゲス錠,20.0mg,錠,ロンゲス錠5mg,b13394bcaaaa
トリフルリジンチピラシル塩酸塩,ロンサーフ配合錠T20,4299100F2022,トリフルリジンチピラシル塩酸塩|ロンサーフ配合錠T20,,錠,,8d62fb128850
フルバスタチンナトリウム,ローコール錠20mg,2189012F2026,フルバスタチンナトリウム|ローコール錠,20.0mg,錠,ローコール錠10mg,df85ab47aaa5
フルバスタチンナトリウム,ローコール錠30mg,2189012F3022,フルバスタチンナトリウム|ローコール錠,30.0mg,錠,ローコール錠10mg,df85ab47aaa5
ロルラチニブ,ローブレナ錠100mg,4291055F2027,ロルラチニブ|ローブレナ錠,100.0mg,錠,ローブレナ錠25mg,2f6c37c32e1b
パルナパリンナトリウム注射液,ローヘパ透析用150単位/mLシリンジ20mL,3334404G2035,パルナパリンナトリウム注射液|ローヘパ透析用/mLシリンジ,150.0単位/20.0ml,(不明),ローヘパ透析用100単位/mLシリンジ20mL,bdf280538230
パルナパリンナトリウム注射液,ローヘパ透析用200単位/mLシリンジ20mL,3334404G3031,パルナパリンナトリウム注射液|ローヘパ透析用/mLシリンジ,200.0単位/20.0ml,(不明),ローヘパ透析用100単位/mLシリンジ20mL,bdf280538230
注射用セフォペラゾンナトリウム・スルバクタムナトリウム,ワイスタール配合点滴静注用1gバッグ,6139500G1089,注射用セフォペラゾンナトリウム・スルバクタムナトリウム|ワイスタール配合点滴静注用バッグ,1.0g,注射剤,,0e9643ebc693
注射用セフォペラゾンナトリウム・スルバクタムナトリウム,ワイスタール配合静注用1g,6139500F2179,注射用セフォペラゾンナトリウム・スルバクタムナトリウム|ワイスタール配合静注用,1.0g,注射剤,ワイスタール配合静注用0.5g,0e9643ebc693
ロラゼパム,ワイパックス錠1.0,1124022F2071,ロラゼパム|ワイパックス錠1.0,,錠,,edd33d926cd5
フェノバルビタールナトリウム,ワコビタール坐剤100,1125700J5039,フェノバルビタールナトリウム|ワコビタール坐剤100,,坐剤,,07e2de401221
フェノバルビタールナトリウム,ワコビタール坐剤30,1125700J3028,フェノバルビタールナトリウム|ワコビタール坐剤30,,坐剤,,07e2de401221
フェノバルビタールナトリウム,ワコビタール坐剤50,1125700J4032,フェノバルビタールナトリウム|ワコビタール坐剤50,,坐剤,,07e2de401221
ネオスチグミンメチル硫酸塩,ワゴスチグミン注2mg,1233400A3020,ネオスチグミンメチル硫酸塩|ワゴスチグミン注,2.0mg,注射剤,ワゴスチグミン注0.5mg,b16758540ffb
ワルファリンカリウム,ワルファリンK細粒0.2％「NS」,3332001C1028,ワルファリンカリウム|ワルファリンK細粒「NS」,0.2%,(不明),,a42c027d53f7
ワルファリンカリウム,ワルファリンK錠1mg「NIG」,3332001F1130,ワルファリンカリウム|ワルファリンK錠「NIG」,1.0mg,錠,ワルファリンK錠0.5mg「NIG」,8933499fbdcd
ワルファリンカリウム錠,ワルファリンK錠1mg「NP」,3332001F1113,ワルファリンカリウム錠|ワルファリンK錠「NP」,1.0mg,錠,ワルファリンK錠0.5mg「NP」,461b0c8bfde1
ワルファリンカリウム錠,ワルファリンK錠1mg「トーワ」,3332001F1083,ワルファリンカリウム錠|ワルファリンK錠「トーワ」,1.0mg,錠,ワルファリンK錠0.5mg「トーワ」,cc0d4ec22368
アルファカルシドール,ワンアルファ錠0.5μg,3112001F2051,アルファカルシドール|ワンアルファ錠,0.5μg,錠,ワンアルファ錠0.25μg,bd346b597872
アルファカルシドール,ワンアルファ錠1.0μg,3112001F3058,アルファカルシドール|ワンアルファ錠,1.0μg,錠,ワンアルファ錠0.25μg,bd346b597872
ドセタキセル水和物,ワンタキソテール点滴静注80mg/4mL,4240405A4028,ドセタキセル水和物|ワンタキソテール点滴静注/,80.0mg/4.0ml,注射剤,ワンタキソテール点滴静注20mg/1mL,b163130ddcfb
フェンタニル,ワンデュロパッチ1.7mg,8219700T2022,フェンタニル|ワンデュロパッチ,1.7mg,(不明),ワンデュロパッチ0.84mg,e32e9ff00cfd
フェンタニル,ワンデュロパッチ3.4mg,8219700T3029,フェンタニル|ワンデュロパッチ,3.4mg,(不明),ワンデュロパッチ0.84mg,e32e9ff00cfd
フェンタニル,ワンデュロパッチ5mg,8219700T4025,フェンタニル|ワンデュロパッチ,5.0mg,(不明),ワンデュロパッチ0.84mg,e32e9ff00cfd
フェンタニル,ワンデュロパッチ6.7mg,8219700T5021,フェンタニル|ワンデュロパッチ,6.7mg,(不明),ワンデュロパッチ0.84mg,e32e9ff00cfd
-,ワンパル1号輸液（1200mL）,3259535G2024,-|ワンパル1号輸液(),1200.0ml,液剤,ワンパル1号輸液（800mL）,0f4fcc22ba56
-,ワンパル2号輸液（1200mL）,3259536G2029,-|ワンパル2号輸液(),1200.0ml,液剤,,0f4fcc22ba56
-,ワンパル2号輸液（800mL）,3259536G1022,-|ワンパル2号輸液(),800.0ml,液剤,,0f4fcc22ba56
ワルファリンカリウム,ワーファリン錠1mg,3332001F1024,ワルファリンカリウム|ワーファリン錠,1.0mg,錠,ワーファリン錠0.5mg,2e3cb6ec3c91
ワルファリンカリウム,ワーファリン錠5mg,3332001F2020,ワルファリンカリウム|ワーファリン錠,5.0mg,錠,ワーファリン錠0.5mg,2e3cb6ec3c91
ワルファリンカリウム,ワーファリン顆粒0.2％,3332001D1023,ワルファリンカリウム|ワーファリン顆粒,0.2%,顆粒,,2e3cb6ec3c91
ラロトレクチニブ硫酸塩,ヴァイトラックビカプセル100mg,4291071M2025,ラロトレクチニブ硫酸塩|ヴァイトラックビカプセル,100.0mg,カプセル,ヴァイトラックビカプセル25mg,9be5e2be4ab2
ラロトレクチニブ硫酸塩,ヴァイトラックビ内用液20mg/mL,4291071S1028,ラロトレクチニブ硫酸塩|ヴァイトラックビ内用液/mL,20.0mg,液剤,,9be5e2be4ab2
キザルチニブ塩酸塩錠,ヴァンフリタ錠26.5mg,4291060F2028,キザルチニブ塩酸塩錠|ヴァンフリタ錠,26.5mg,錠,ヴァンフリタ錠17.7mg,965ba0535540
-,ヴィーン3G輸液（500mLバッグ）,3319562A3041,-|ヴィーン輸液(バッグ),3.0g/500.0ml,液剤,ヴィーン3G輸液（200mLバッグ）,9569c8630a00
-,ヴィーンD輸液（500mL）,3319551A4090,-|ヴィーンD輸液(),500.0ml,液剤,ヴィーンD輸液（200mL）,e8f9a14aefef
一硝酸イソソルビド錠,一硝酸イソソルビド錠20mg「NIG」,2171023F2151,一硝酸イソソルビド錠|一硝酸イソソルビド錠「NIG」,20.0mg,錠,一硝酸イソソルビド錠10mg「NIG」,da457f1f17e8
一硝酸イソソルビド,一硝酸イソソルビド錠20mg「サワイ」,2171023F2127,一硝酸イソソルビド|一硝酸イソソルビド錠「サワイ」,20.0mg,錠,一硝酸イソソルビド錠10mg「サワイ」,651b9c9de0f2
一硝酸イソソルビド錠,一硝酸イソソルビド錠20mg「トーワ」,2171023F2135,一硝酸イソソルビド錠|一硝酸イソソルビド錠「トーワ」,20.0mg,錠,一硝酸イソソルビド錠10mg「トーワ」,b55a9ae9d411
乾燥抗HBs人免疫グロブリン,乾燥HBグロブリン筋注用1000単位「ニチヤク」,6343423X2057,乾燥抗HBs人免疫グロブリン|乾燥HBグロブリン筋注用「ニチヤク」,1000.0単位,注射剤,乾燥HBグロブリン筋注用200単位「ニチヤク」,9b5f12d34e6e
人全血液,人全血液-LR「日赤」（2単位）,6341403X6026,人全血液|人全血液-LR「日赤」(),2.0単位,液剤,人全血液-LR「日赤」（1単位）,54fcba3d67bf
"血漿増量・体外循環灌流液
10%デキストラン40加乳酸リンゲル液",低分子デキストランL注（500mL）,3319536A3022,"血漿増量・体外循環灌流液
10%デキストラン40加乳酸リンゲル液|低分子デキストランL注()",500.0ml,注射剤,低分子デキストランL注（250mL）,b2c80f104c7f
ブドウ糖注射液,光糖液10%,3231401Q5071,ブドウ糖注射液|光糖液,10.0%,液剤,光糖液5%,d2ac30a4ba68
ブドウ糖注射液,光糖液20%,3231401T1028,ブドウ糖注射液|光糖液,20.0%,液剤,光糖液5%,d2ac30a4ba68
ブドウ糖注射液,光糖液20%,3231401H1270,ブドウ糖注射液|光糖液,20.0%,液剤,光糖液5%,d2ac30a4ba68
ブドウ糖注射液,光糖液30%,3231401T2024,ブドウ糖注射液|光糖液,30.0%,液剤,光糖液5%,d2ac30a4ba68
ブドウ糖注射液,光糖液5%,3231401J6070,ブドウ糖注射液|光糖液,5.0%,液剤,光糖液5%,d2ac30a4ba68
ブドウ糖注射液,光糖液5%,3231401A2040,ブドウ糖注射液|光糖液,5.0%,液剤,光糖液5%,d2ac30a4ba68
ブドウ糖注射液,光糖液5%,3231401Q6035,ブドウ糖注射液|光糖液,5.0%,液剤,光糖液5%,d2ac30a4ba68
ブドウ糖注射液,光糖液5%,3231401Q3109,ブドウ糖注射液|光糖液,5.0%,液剤,光糖液5%,d2ac30a4ba68
ブドウ糖注射液,光糖液5%,3231401A6096,ブドウ糖注射液|光糖液,5.0%,液剤,光糖液5%,d2ac30a4ba68
ブドウ糖注射液,光糖液50%,3231401H7139,ブドウ糖注射液|光糖液,50.0%,液剤,光糖液5%,d2ac30a4ba68
シスプラチン製剤,動注用アイエーコール100mg,4291401D1026,シスプラチン製剤|動注用アイエーコール,100.0mg,注射剤,動注用アイエーコール50mg,0ffc53d8808d
合成血液-LR「日赤」,合成血液-LR「日赤」（2単位）,6342402X6029,合成血液-LR「日赤」|合成血液-LR「日赤」(),2.0単位,液剤,合成血液-LR「日赤」（1単位）,2b8f99ae1ba7
日本薬局方　生理食塩液,大塚生食注,3311401A3111,日本薬局方　生理食塩液|大塚生食注,,注射剤,大塚生食注,ac54c6e2d21b
日本薬局方　生理食塩液,大塚生食注,3311401H1028,日本薬局方　生理食塩液|大塚生食注,,注射剤,大塚生食注,ac54c6e2d21b
日本薬局方　生理食塩液,大塚生食注,3311401A7028,日本薬局方　生理食塩液|大塚生食注,,注射剤,大塚生食注,ac54c6e2d21b
日本薬局方　生理食塩液,大塚生食注,3311401H2059,日本薬局方　生理食塩液|大塚生食注,,注射剤,大塚生食注,ac54c6e2d21b
日本薬局方　生理食塩液,大塚生食注,3311401A8024,日本薬局方　生理食塩液|大塚生食注,,注射剤,大塚生食注,ac54c6e2d21b
日本薬局方　生理食塩液,大塚生食注,3311401H3039,日本薬局方　生理食塩液|大塚生食注,,注射剤,大塚生食注,ac54c6e2d21b
日本薬局方　生理食塩液,大塚生食注,3311401A9020,日本薬局方　生理食塩液|大塚生食注,,注射剤,大塚生食注,ac54c6e2d21b
日本薬局方　生理食塩液,大塚生食注,3311401H6038,日本薬局方　生理食塩液|大塚生食注,,注射剤,大塚生食注,ac54c6e2d21b
生理食塩液,大塚生食注2ポート100mL,3311402G9036,生理食塩液|大塚生食注2ポート,100.0ml,注射剤,大塚生食注2ポート50mL,86a7bc39f607
生理食塩液,大塚生食注TN（100mLキット）,3311402G1027,生理食塩液|大塚生食注TN(キット),100.0ml,注射剤,大塚生食注TN（50mLキット）,b667af720001
ブドウ糖注射液,大塚糖液10%（20mL管）,3231401J7025,ブドウ糖注射液|大塚糖液(管),10.0%/20.0ml,液剤,大塚糖液5%（20mL管）,387b159bb5e4
ブドウ糖注射液,大塚糖液10%（500mL袋）,3231401Q5020,ブドウ糖注射液|大塚糖液(袋),10.0%/500.0ml,液剤,,387b159bb5e4
ブドウ糖注射液,大塚糖液20%,3231401H1033,ブドウ糖注射液|大塚糖液,20.0%,液剤,,387b159bb5e4
ブドウ糖注射液,大塚糖液40%,3231401H6027,ブドウ糖注射液|大塚糖液,40.0%,液剤,,387b159bb5e4
ブドウ糖注射液,大塚糖液5%2ポート100mL,3231400P4032,ブドウ糖注射液|大塚糖液2ポート,5.0%/100.0ml,液剤,大塚糖液5%2ポート50mL,7fa4fb6be8f5
ブドウ糖注射液,大塚糖液5%TN（100mL1キット）,3231400G1025,ブドウ糖注射液|大塚糖液TN(1キット),5.0%/100.0ml,液剤,大塚糖液5%TN（50mL1キット）,c497c7306b56
ブドウ糖注射液,大塚糖液5%（100mL瓶）,3231401A2066,ブドウ糖注射液|大塚糖液(瓶),5.0%/100.0ml,液剤,,387b159bb5e4
ブドウ糖注射液,大塚糖液5%（250mL袋）,3231401J6029,ブドウ糖注射液|大塚糖液(袋),5.0%/250.0ml,液剤,,387b159bb5e4
ブドウ糖注射液,大塚糖液5%（500mL袋）,3231401Q3028,ブドウ糖注射液|大塚糖液(袋),5.0%/500.0ml,液剤,,387b159bb5e4
ブドウ糖注射液,大塚糖液5%（50mL瓶）,3231401Q6043,ブドウ糖注射液|大塚糖液(瓶),5.0%/50.0ml,液剤,,387b159bb5e4
ブドウ糖注射液,大塚糖液50%（200mL袋）,3231401J3038,ブドウ糖注射液|大塚糖液(袋),50.0%/200.0ml,液剤,,387b159bb5e4
ブドウ糖注射液,大塚糖液50%（20mL管）,3231401H7023,ブドウ糖注射液|大塚糖液(管),50.0%/20.0ml,液剤,大塚糖液5%（20mL管）,387b159bb5e4
ブドウ糖注射液,大塚糖液50%（500mL袋）,3231401J4034,ブドウ糖注射液|大塚糖液(袋),50.0%/500.0ml,液剤,,387b159bb5e4
ブドウ糖注射液,大塚糖液70%,3231401J5030,ブドウ糖注射液|大塚糖液,70.0%,液剤,,387b159bb5e4
注射用水,大塚蒸留水（1000mL瓶）,7131400A6027,注射用水|大塚蒸留水(瓶),1000.0ml,(不明),,407037a6cc97
注射用水,大塚蒸留水（100mL瓶）,7131400A4105,注射用水|大塚蒸留水(瓶),100.0ml,(不明),,407037a6cc97
注射用水,大塚蒸留水（500mL瓶）,7131400A5020,注射用水|大塚蒸留水(瓶),500.0ml,(不明),,407037a6cc97
安息香酸ナトリウムカフェイン注射液,安息香酸Naカフェイン注200mg「フソー」,2115403A2045,安息香酸ナトリウムカフェイン注射液|安息香酸Naカフェイン注「フソー」,200.0mg,注射剤,安息香酸Naカフェイン注100mg「フソー」,522545e728cd
メポリズマブ（遺伝子組換え）,小児用ヌーカラ皮下注40mgシリンジ,2290401G3029,メポリズマブ（遺伝子組換え）|小児用ヌーカラ皮下注シリンジ,40.0mg,注射剤,,c8f8a275474b
ビランテロールトリフェニル酢酸塩・フルチカゾンフランカルボン酸エステル,小児用レルベア50エリプタ30吸入用,2290803G6020,ビランテロールトリフェニル酢酸塩・フルチカゾンフランカルボン酸エステル|小児用レルベア50エリプタ30吸入用,,吸入剤,,6d577b285e50
ペチジン塩酸塩/レバロルファン酒石酸塩配合注,弱ペチロルファン注射液,8219502A1028,ペチジン塩酸塩/レバロルファン酒石酸塩配合注|弱ペチロルファン注射液,,注射剤,,e0cbe1c6acd2
"グリチルリチン酸一アンモニウム・グリシン・
L
-システイン塩酸塩水和物配合剤",強力ネオミノファーゲンシー静注シリンジ40mL,3919502G2049,"グリチルリチン酸一アンモニウム・グリシン・
L
-システイン塩酸塩水和物配合剤|強力ネオミノファーゲンシー静注シリンジ",40.0ml,注射剤,強力ネオミノファーゲンシー静注シリンジ20mL,aa9f2bb97fb1
抗HBs人免疫グロブリン,抗HBs人免疫グロブリン筋注1000単位/5mL「JB」,6343404X1104,抗HBs人免疫グロブリン|抗HBs人免疫グロブリン筋注/「JB」,1000.0単位/5.0ml,注射剤,抗HBs人免疫グロブリン筋注200単位/1mL「JB」,8156afdaa1b7
新鮮凍結人血漿,新鮮凍結血漿−LR「日赤」240,6342406X8038,新鮮凍結人血漿|新鮮凍結血漿−LR「日赤」240,,(不明),,5a3dd2acad34
ヒドロコルチゾンリン酸エステルナトリウム,水溶性ハイドロコートン注射液500mg,2452402A5090,ヒドロコルチゾンリン酸エステルナトリウム|水溶性ハイドロコートン注射液,500.0mg,注射剤,水溶性ハイドロコートン注射液100mg,746d0c91cddf
プレドニゾロンコハク酸エステルナトリウム,水溶性プレドニン20mg,2456405D2023,プレドニゾロンコハク酸エステルナトリウム|水溶性プレドニン,20.0mg,(不明),水溶性プレドニン10mg,f873907be835
プレドニゾロンコハク酸エステルナトリウム,水溶性プレドニン50mg,2456405D3020,プレドニゾロンコハク酸エステルナトリウム|水溶性プレドニン,50.0mg,(不明),水溶性プレドニン10mg,f873907be835
沈降炭酸カルシウム錠,沈降炭酸カルシウム錠500mg「NIG」,2190024F1066,沈降炭酸カルシウム錠|沈降炭酸カルシウム錠「NIG」,500.0mg,錠,沈降炭酸カルシウム錠250mg「NIG」,45b3450f725b
沈降炭酸カルシウム,沈降炭酸カルシウム錠500mg「三和」,2190024F1040,沈降炭酸カルシウム|沈降炭酸カルシウム錠「三和」,500.0mg,錠,沈降炭酸カルシウム錠250mg「三和」,48eb75336dda
－,"治療用アレルゲンエキス皮下注「トリイ」ブタクサ花粉1：1,000",4490400A1177,"－|治療用アレルゲンエキス皮下注「トリイ」ブタクサ花粉1:1,000",,注射剤,,245de7bcb54d
－,"治療用アレルゲンエキス皮下注「トリイ」ブタクサ花粉1：10,000",4490400A1185,"－|治療用アレルゲンエキス皮下注「トリイ」ブタクサ花粉1:10,000",,注射剤,,245de7bcb54d
-,"治療用ダニアレルゲンエキス皮下注「トリイ」10,000JAU/mL",4490404A1027,"-|治療用ダニアレルゲンエキス皮下注「トリイ」10,000JAU/mL",,注射剤,,edf1904b10b9
-,"治療用ダニアレルゲンエキス皮下注「トリイ」100,000JAU/mL",4490404A1035,"-|治療用ダニアレルゲンエキス皮下注「トリイ」100,000JAU/mL",,注射剤,,edf1904b10b9
-,"治療用標準化アレルゲンエキス皮下注「トリイ」スギ花粉2,000JAU/mL",4490403A1049,"-|治療用標準化アレルゲンエキス皮下注「トリイ」スギ花粉2,000JAU/mL",,注射剤,,1dd83e3e3684
ヒト絨毛性性腺刺激ホルモン,"注射用HCG　10,000単位「F」",2413402X5052,"ヒト絨毛性性腺刺激ホルモン|注射用HCG10,「F」",0.0単位,注射剤,,67591fd7014e
ヒト絨毛性性腺刺激ホルモン,"注射用HCG　5,000単位「F」",2413402X4099,"ヒト絨毛性性腺刺激ホルモン|注射用HCG5,「F」",0.0単位,注射剤,,67591fd7014e
シクロホスファミド水和物,注射用エンドキサン500mg,4211401D2021,シクロホスファミド水和物|注射用エンドキサン,500.0mg,注射剤,注射用エンドキサン100mg,6d6011d6655f
注射用ラニムスチン,注射用サイメリン100mg,4219402D2024,注射用ラニムスチン|注射用サイメリン,100.0mg,注射剤,注射用サイメリン50mg,07eee35f5eea
アンピシリンナトリウム・クロキサシリンナトリウム水和物,注射用ビクシリンS1000,6191401D3049,アンピシリンナトリウム・クロキサシリンナトリウム水和物|注射用ビクシリンS1000,,注射剤,,e14264af4ad9
注射用ビンデシン硫酸塩,注射用フィルデシン3mg,4240402D2028,注射用ビンデシン硫酸塩|注射用フィルデシン,3.0mg,注射剤,注射用フィルデシン1mg,56e5d6970f8f
ナファモスタットメシル酸塩,注射用フサン50,3999407D2021,ナファモスタットメシル酸塩|注射用フサン50,,注射剤,,fc1ca9713144
ベンジルペニシリンカリウム,注射用ペニシリンGカリウム100万単位,6111400D3051,ベンジルペニシリンカリウム|注射用ペニシリンGカリウム100万単位,,注射剤,,df88281376e8
注射用水,注射用水,7131400H2020,注射用水|注射用水,,注射剤,注射用水,48f82da01a9d
注射用水,注射用水,7131400A6035,注射用水|注射用水,,注射剤,注射用水,48f82da01a9d
注射用水,注射用水,7131400A5047,注射用水|注射用水,,注射剤,注射用水,48f82da01a9d
注射用水,注射用水,7131400H1023,注射用水|注射用水,,注射剤,注射用水,5fad69368a3f
注射用水,注射用水PL「フソー」,7131400A4156,注射用水|注射用水PL「フソー」,,注射剤,注射用水PL「フソー」,dccc1189e67e
注射用水,注射用水PL「フソー」,7131400A6078,注射用水|注射用水PL「フソー」,,注射剤,注射用水PL「フソー」,dccc1189e67e
注射用水,注射用水PL「フソー」,7131400A5098,注射用水|注射用水PL「フソー」,,注射剤,注射用水PL「フソー」,dccc1189e67e
洗浄人赤血球液,洗浄赤血球液-LR「日赤」（2単位）,6342408X6026,洗浄人赤血球液|洗浄赤血球液-LR「日赤」(),2.0単位,液剤,洗浄赤血球液-LR「日赤」（1単位）,ae3cf1389276
人血小板濃厚液,濃厚血小板-LR「日赤」（10単位）,6342401X4030,人血小板濃厚液|濃厚血小板-LR「日赤」(),10.0単位,(不明),濃厚血小板-LR「日赤」（1単位）,5b82f5ebcf4c
人血小板濃厚液,濃厚血小板-LR「日赤」（15単位）,6342401X5036,人血小板濃厚液|濃厚血小板-LR「日赤」(),15.0単位,(不明),濃厚血小板-LR「日赤」（1単位）,5b82f5ebcf4c
人血小板濃厚液,濃厚血小板-LR「日赤」（20単位）,6342401X6032,人血小板濃厚液|濃厚血小板-LR「日赤」(),20.0単位,(不明),濃厚血小板-LR「日赤」（1単位）,5b82f5ebcf4c
人血小板濃厚液,濃厚血小板-LR「日赤」（2単位）,6342401X2037,人血小板濃厚液|濃厚血小板-LR「日赤」(),2.0単位,(不明),濃厚血小板-LR「日赤」（1単位）,5b82f5ebcf4c
人血小板濃厚液,濃厚血小板-LR「日赤」（5単位）,6342401X3033,人血小板濃厚液|濃厚血小板-LR「日赤」(),5.0単位,(不明),濃厚血小板-LR「日赤」（1単位）,5b82f5ebcf4c
人血小板濃厚液,濃厚血小板HLA-LR「日赤」（15単位）,6342409X2033,人血小板濃厚液|濃厚血小板HLA-LR「日赤」(),15.0単位,(不明),濃厚血小板HLA-LR「日赤」（10単位）,a3f20cc24f83
人血小板濃厚液,濃厚血小板HLA-LR「日赤」（20単位）,6342409X3030,人血小板濃厚液|濃厚血小板HLA-LR「日赤」(),20.0単位,(不明),濃厚血小板HLA-LR「日赤」（10単位）,a3f20cc24f83
炭酸ランタン水和物口腔内崩壊錠,炭酸ランタンOD錠500mg「FCI」,2190029F4076,炭酸ランタン水和物口腔内崩壊錠|炭酸ランタンOD錠「FCI」,500.0mg,OD錠,炭酸ランタンOD錠250mg「FCI」,bddcc0c2ece2
炭酸ランタン水和物口腔内崩壊錠,炭酸ランタンOD錠500mg「JG」,2190029F4050,炭酸ランタン水和物口腔内崩壊錠|炭酸ランタンOD錠「JG」,500.0mg,OD錠,炭酸ランタンOD錠250mg「JG」,c64c87f68f83
炭酸ランタン水和物口腔内崩壊錠,炭酸ランタンOD錠500mg「イセイ」,2190029F4033,炭酸ランタン水和物口腔内崩壊錠|炭酸ランタンOD錠「イセイ」,500.0mg,OD錠,炭酸ランタンOD錠250mg「イセイ」,ebfea2c9d47a
炭酸ランタン水和物口腔内崩壊錠,炭酸ランタンOD錠500mg「トーワ」,2190029F4084,炭酸ランタン水和物口腔内崩壊錠|炭酸ランタンOD錠「トーワ」,500.0mg,OD錠,炭酸ランタンOD錠250mg「トーワ」,1d93ffd0c4b1
炭酸ランタン水和物口腔内崩壊錠,炭酸ランタンOD錠500mg「フソー」,2190029F4068,炭酸ランタン水和物口腔内崩壊錠|炭酸ランタンOD錠「フソー」,500.0mg,OD錠,炭酸ランタンOD錠250mg「フソー」,bd623696debd
炭酸ランタン水和物顆粒,炭酸ランタン顆粒分包500mg「JG」,2190029D2080,炭酸ランタン水和物顆粒|炭酸ランタン顆粒分包「JG」,500.0mg,顆粒,炭酸ランタン顆粒分包250mg「JG」,e0530c162de3
炭酸ランタン水和物顆粒剤,炭酸ランタン顆粒分包500mg「YD」,2190029D2030,炭酸ランタン水和物顆粒剤|炭酸ランタン顆粒分包「YD」,500.0mg,顆粒,炭酸ランタン顆粒分包250mg「YD」,ee141f691988
炭酸ランタン水和物顆粒,炭酸ランタン顆粒分包500mg「ケミファ」,2190029D2048,炭酸ランタン水和物顆粒|炭酸ランタン顆粒分包「ケミファ」,500.0mg,顆粒,炭酸ランタン顆粒分包250mg「ケミファ」,e78409b95cef
炭酸ランタン水和物,炭酸ランタン顆粒分包500mg「サワイ」,2190029D2056,炭酸ランタン水和物|炭酸ランタン顆粒分包「サワイ」,500.0mg,顆粒,炭酸ランタン顆粒分包250mg「サワイ」,11bdccf64d10
炭酸ランタン水和物顆粒剤,炭酸ランタン顆粒分包500mg「トーワ」,2190029D2064,炭酸ランタン水和物顆粒剤|炭酸ランタン顆粒分包「トーワ」,500.0mg,顆粒,炭酸ランタン顆粒分包250mg「トーワ」,201dcbc77bc3
炭酸ランタン水和物顆粒剤,炭酸ランタン顆粒分包500mg「ニプロ」,2190029D2099,炭酸ランタン水和物顆粒剤|炭酸ランタン顆粒分包「ニプロ」,500.0mg,顆粒,炭酸ランタン顆粒分包250mg「ニプロ」,872a95225845
炭酸ランタン水和物顆粒剤,炭酸ランタン顆粒分包500mg「フソー」,2190029D2072,炭酸ランタン水和物顆粒剤|炭酸ランタン顆粒分包「フソー」,500.0mg,顆粒,炭酸ランタン顆粒分包250mg「フソー」,cb2f9db5bfd6
炭酸リチウム,炭酸リチウム錠200mg「フジナガ」,1179017F2079,炭酸リチウム|炭酸リチウム錠「フジナガ」,200.0mg,錠,炭酸リチウム錠100mg「フジナガ」,a7c2511787ed
炭酸リチウム製剤,炭酸リチウム錠200mg「大正」,1179017F2087,炭酸リチウム製剤|炭酸リチウム錠「大正」,200.0mg,錠,炭酸リチウム錠100mg「大正」,5056521f0d13
炭酸水素ナトリウム錠,炭酸水素ナトリウム錠500mg「VTRS」,2344005F1061,炭酸水素ナトリウム錠|炭酸水素ナトリウム錠「VTRS」,500.0mg,錠,,d11926e2cc6d
人全血液,照射人全血液-LR「日赤」（2単位）,6341404X4028,人全血液|照射人全血液-LR「日赤」(),2.0単位,液剤,照射人全血液-LR「日赤」（1単位）,6e26da9935b7
照射合成血液-LR「日赤」,照射合成血液-LR「日赤」（2単位）,6342414X6021,照射合成血液-LR「日赤」|照射合成血液-LR「日赤」(),2.0単位,液剤,照射合成血液-LR「日赤」（1単位）,d063d2c51a20
洗浄人赤血球液,照射洗浄赤血球液-LR「日赤」（2単位）,6342415X6026,洗浄人赤血球液|照射洗浄赤血球液-LR「日赤」(),2.0単位,液剤,照射洗浄赤血球液-LR「日赤」（1単位）,93c8de16cc6c
人血小板濃厚液,照射濃厚血小板-LRBS「日赤」（10単位）,6342411X4041,人血小板濃厚液|照射濃厚血小板-LRBS「日赤」(),10.0単位,(不明),照射濃厚血小板-LRBS「日赤」（5単位）,1cf46380918a
人血小板濃厚液,照射濃厚血小板-LRBS「日赤」（15単位）,6342411X5048,人血小板濃厚液|照射濃厚血小板-LRBS「日赤」(),15.0単位,(不明),照射濃厚血小板-LRBS「日赤」（5単位）,1cf46380918a
人血小板濃厚液,照射濃厚血小板-LRBS「日赤」（20単位）,6342411X6044,人血小板濃厚液|照射濃厚血小板-LRBS「日赤」(),20.0単位,(不明),照射濃厚血小板-LRBS「日赤」（5単位）,1cf46380918a
人血小板濃厚液,照射濃厚血小板-LR「日赤」（10単位）,6342411X4033,人血小板濃厚液|照射濃厚血小板-LR「日赤」(),10.0単位,(不明),照射濃厚血小板-LR「日赤」（1単位）,2b314412fd80
人血小板濃厚液,照射濃厚血小板-LR「日赤」（15単位）,6342411X5030,人血小板濃厚液|照射濃厚血小板-LR「日赤」(),15.0単位,(不明),照射濃厚血小板-LR「日赤」（1単位）,2b314412fd80
人血小板濃厚液,照射濃厚血小板-LR「日赤」（20単位）,6342411X6036,人血小板濃厚液|照射濃厚血小板-LR「日赤」(),20.0単位,(不明),照射濃厚血小板-LR「日赤」（1単位）,2b314412fd80
人血小板濃厚液,照射濃厚血小板-LR「日赤」（2単位）,6342411X2030,人血小板濃厚液|照射濃厚血小板-LR「日赤」(),2.0単位,(不明),照射濃厚血小板-LR「日赤」（1単位）,2b314412fd80
人血小板濃厚液,照射濃厚血小板-LR「日赤」（5単位）,6342411X3037,人血小板濃厚液|照射濃厚血小板-LR「日赤」(),5.0単位,(不明),照射濃厚血小板-LR「日赤」（1単位）,2b314412fd80
人血小板濃厚液,照射濃厚血小板HLA-LRBS「日赤」（10単位）,6342412X1047,人血小板濃厚液|照射濃厚血小板HLA-LRBS「日赤」(),10.0単位,(不明),照射濃厚血小板HLA-LRBS「日赤」（5単位）,c974b4b8f849
人血小板濃厚液,照射濃厚血小板HLA-LRBS「日赤」（15単位）,6342412X2043,人血小板濃厚液|照射濃厚血小板HLA-LRBS「日赤」(),15.0単位,(不明),照射濃厚血小板HLA-LRBS「日赤」（5単位）,c974b4b8f849
人血小板濃厚液,照射濃厚血小板HLA-LRBS「日赤」（20単位）,6342412X3040,人血小板濃厚液|照射濃厚血小板HLA-LRBS「日赤」(),20.0単位,(不明),照射濃厚血小板HLA-LRBS「日赤」（5単位）,c974b4b8f849
人血小板濃厚液,照射濃厚血小板HLA-LR「日赤」（15単位）,6342412X2035,人血小板濃厚液|照射濃厚血小板HLA-LR「日赤」(),15.0単位,(不明),照射濃厚血小板HLA-LR「日赤」（10単位）,eabde0f93528
人血小板濃厚液,照射濃厚血小板HLA-LR「日赤」（20単位）,6342412X3031,人血小板濃厚液|照射濃厚血小板HLA-LR「日赤」(),20.0単位,(不明),照射濃厚血小板HLA-LR「日赤」（10単位）,eabde0f93528
解凍人赤血球液,照射解凍赤血球液-LR「日赤」（2単位）,6342413X6027,解凍人赤血球液|照射解凍赤血球液-LR「日赤」(),2.0単位,液剤,照射解凍赤血球液-LR「日赤」（1単位）,eccd869f8f2e
人赤血球液,照射赤血球液-LR「日赤」（2単位）,6342410X4039,人赤血球液|照射赤血球液-LR「日赤」(),2.0単位,液剤,照射赤血球液-LR「日赤」（1単位）,e3bd3472415e
加熱人血漿たん白,献血アルブミネート4.4％静注11g/250mL,6343422X2060,加熱人血漿たん白|献血アルブミネート静注/,4.4%/11.0g/250.0ml,注射剤,献血アルブミネート4.4％静注4.4g/100mL,a1dc0f69cca5
人血清アルブミン,献血アルブミン20%静注10g/50mL「JB」,6343410X6179,人血清アルブミン|献血アルブミン静注/「JB」,20.0%/10.0g/50.0ml,注射剤,献血アルブミン20%静注4g/20mL「JB」; 献血アルブミン5%静注5g/100mL「JB」,4036af3f1431
人血清アルブミン,献血アルブミン20%静注10g/50mL「JB」（ヘパリン（ブタ小腸粘膜由来）を使用する製造方法前の製品）,6343410X6179,人血清アルブミン|献血アルブミン静注/「JB」(ヘパリン(ブタ小腸粘膜由来)を使用する製造方法前の製品),20.0%/10.0g/50.0ml,注射剤,,a2f246f2120f
人血清アルブミン,献血アルブミン20%静注10g／50mL「タケダ」,6343410X6209,人血清アルブミン|献血アルブミン静注/「タケダ」,20.0%/10.0g/50.0ml,注射剤,献血アルブミン20%静注4g／20mL「タケダ」; 献血アルブミン25％静注12.5g/50mL「タケダ」; 献血アルブミン5％静注12.5g/250mL「タケダ」,c2964197c1e9
人血清アルブミン,献血アルブミン25%静注12.5g/50mL「ベネシス」,6343410X5199,人血清アルブミン|献血アルブミン静注/「ベネシス」,25.0%/12.5g/50.0ml,注射剤,献血アルブミン25%静注5g/20mL「ベネシス」,a6ad67806582
人血清アルブミン,献血アルブミン25％静注25g/100mL「KMB」,6343410X7027,人血清アルブミン|献血アルブミン静注/「KMB」,25.0%/25.0g/100.0ml,注射剤,献血アルブミン20％静注10g/50mL「KMB」; 献血アルブミン25％静注12.5g/50mL「KMB」,efca88e5dbb3
人血清アルブミン,献血アルブミン5%静注12.5g/250mL「JB」,6343410X2130,人血清アルブミン|献血アルブミン静注/「JB」,5.0%/12.5g/250.0ml,注射剤,献血アルブミン20%静注4g/20mL「JB」; 献血アルブミン5%静注5g/100mL「JB」,274de6c7da30
ポリエチレングリコール処理人免疫グロブリン,献血グロベニン−I10%静注10g/100mL,6343428H4023,ポリエチレングリコール処理人免疫グロブリン|献血グロベニン−I静注/,10.0%/10.0g/100.0ml,注射剤,献血グロベニン−I10%静注2.5g/25mL,2b1b06c27049
ポリエチレングリコール処理人免疫グロブリン,献血グロベニン−I10%静注5g/50mL,6343428H3027,ポリエチレングリコール処理人免疫グロブリン|献血グロベニン−I静注/,10.0%/5.0g/50.0ml,注射剤,献血グロベニン−I10%静注2.5g/25mL,2b1b06c27049
乾燥ポリエチレングリコール処理人免疫グロブリン,献血グロベニン−I静注用2500mg,6343402X2071,乾燥ポリエチレングリコール処理人免疫グロブリン|献血グロベニン−I静注用,2500.0mg,注射剤,献血グロベニン−I静注用500mg,af51fa318ce4
乾燥ポリエチレングリコール処理人免疫グロブリン,献血グロベニン−I静注用5000mg,6343402X3035,乾燥ポリエチレングリコール処理人免疫グロブリン|献血グロベニン−I静注用,5000.0mg,注射剤,献血グロベニン−I静注用500mg,af51fa318ce4
乾燥濃縮人アンチトロンビンⅢ,献血ノンスロン1500注射用,6343424D3027,乾燥濃縮人アンチトロンビンⅢ|献血ノンスロン1500注射用,,注射剤,,7f2d3d80463c
乾燥スルホ化人免疫グロブリン,献血ベニロン−I静注用2500mg,6343400X3044,乾燥スルホ化人免疫グロブリン|献血ベニロン−I静注用,2500.0mg,注射剤,献血ベニロン−I静注用500mg,0d80c54721d6
乾燥スルホ化人免疫グロブリン,献血ベニロン−I静注用5000mg,6343400X5020,乾燥スルホ化人免疫グロブリン|献血ベニロン−I静注用,5000.0mg,注射剤,献血ベニロン−I静注用500mg,0d80c54721d6
ポリエチレングリコール処理人免疫グロブリン,献血ヴェノグロブリンIH10%静注10g／100mL,6343428A9027,ポリエチレングリコール処理人免疫グロブリン|献血ヴェノグロブリンIH静注/,10.0%/10.0g/100.0ml,注射剤,献血ヴェノグロブリンIH10%静注0.5g／5mL; 献血ヴェノグロブリンIH5%静注5g/100mL,a96dfdb0c075
ポリエチレングリコール処理人免疫グロブリン,献血ヴェノグロブリンIH10%静注2.5g／25mL,6343428A7024,ポリエチレングリコール処理人免疫グロブリン|献血ヴェノグロブリンIH静注/,10.0%/2.5g/25.0ml,注射剤,献血ヴェノグロブリンIH10%静注0.5g／5mL; 献血ヴェノグロブリンIH5%静注5g/100mL,a96dfdb0c075
ポリエチレングリコール処理人免疫グロブリン,献血ヴェノグロブリンIH10%静注20g／200mL,6343428H1024,ポリエチレングリコール処理人免疫グロブリン|献血ヴェノグロブリンIH静注/,10.0%/20.0g/200.0ml,注射剤,献血ヴェノグロブリンIH10%静注0.5g／5mL; 献血ヴェノグロブリンIH5%静注5g/100mL,a96dfdb0c075
ポリエチレングリコール処理人免疫グロブリン,献血ヴェノグロブリンIH10%静注5g／50mL,6343428A8020,ポリエチレングリコール処理人免疫グロブリン|献血ヴェノグロブリンIH静注/,10.0%/5.0g/50.0ml,注射剤,献血ヴェノグロブリンIH10%静注0.5g／5mL; 献血ヴェノグロブリンIH5%静注5g/100mL,a96dfdb0c075
生理食塩液,生理食塩液PL「フソー」,3311401H9037,生理食塩液|生理食塩液PL「フソー」,,液剤,生理食塩液PL「フソー」,ba70a59ad082
生理食塩液,生理食塩液PL「フソー」,3311401A8091,生理食塩液|生理食塩液PL「フソー」,,液剤,生理食塩液PL「フソー」,ba70a59ad082
生理食塩液,生理食塩液PL「フソー」,3311401H2083,生理食塩液|生理食塩液PL「フソー」,,液剤,生理食塩液PL「フソー」,ba70a59ad082
生理食塩液,生理食塩液PL「フソー」,3311401A7168,生理食塩液|生理食塩液PL「フソー」,,液剤,生理食塩液PL「フソー」,ba70a59ad082
生理食塩液,生理食塩液PL「フソー」,3311401A3162,生理食塩液|生理食塩液PL「フソー」,,液剤,生理食塩液PL「フソー」,ba70a59ad082
塩化ナトリウム,生理食塩液「NP」(20mL：プラスチックアンプル),3311401A2220,塩化ナトリウム|生理食塩液「NP」(:プラスチックアンプル),20.0ml,液剤,,cee8050f02b7
塩化ナトリウム,生理食塩液「NP」（500mL）,3311401A9128,塩化ナトリウム|生理食塩液「NP」(),500.0ml,液剤,生理食塩液「NP」（250mL）,32874dc726aa
生理食塩液,生理食塩液「VTRS」（100mL）,3311401A3197,生理食塩液|生理食塩液「VTRS」(),100.0ml,液剤,生理食塩液「VTRS」（20mL）,364f207eec80
生理食塩液,生理食塩液「VTRS」（250mL）,3311401A5084,生理食塩液|生理食塩液「VTRS」(),250.0ml,液剤,生理食塩液「VTRS」（20mL）,364f207eec80
生理食塩液,生理食塩液「VTRS」（500mL）,3311401A7184,生理食塩液|生理食塩液「VTRS」(),500.0ml,液剤,生理食塩液「VTRS」（20mL）,364f207eec80
生理食塩液,生理食塩液「ヒカリ」,3311401H2032,生理食塩液|生理食塩液「ヒカリ」,,液剤,生理食塩液「ヒカリ」,c53319248e52
生理食塩液,生理食塩液「ヒカリ」,3311401H6062,生理食塩液|生理食塩液「ヒカリ」,,液剤,生理食塩液「ヒカリ」,c53319248e52
生理食塩液,生理食塩液「ヒカリ」,3311401A8040,生理食塩液|生理食塩液「ヒカリ」,,液剤,生理食塩液「ヒカリ」,c53319248e52
生理食塩液,生理食塩液「ヒカリ」,3311401A7079,生理食塩液|生理食塩液「ヒカリ」,,液剤,生理食塩液「ヒカリ」,c53319248e52
生理食塩液,生理食塩液「ヒカリ」,3311401A9101,生理食塩液|生理食塩液「ヒカリ」,,液剤,生理食塩液「ヒカリ」,c53319248e52
生理食塩液,生理食塩液バッグ「フソー」,3311401H6070,生理食塩液|生理食塩液バッグ「フソー」,,液剤,生理食塩液バッグ「フソー」,65c1e80380af
生理食塩液,生理食塩液バッグ「フソー」,3311401H8049,生理食塩液|生理食塩液バッグ「フソー」,,液剤,生理食塩液バッグ「フソー」,65c1e80380af
生理食塩液,生理食塩液バッグ「フソー」,3311401A9110,生理食塩液|生理食塩液バッグ「フソー」,,液剤,生理食塩液バッグ「フソー」,65c1e80380af
生理食塩液,生食注キット「フソー」,3311402G5049,生理食塩液|生食注キット「フソー」,,注射剤,生食注キット「フソー」,4e812f0bf1be
塩化ナトリウム,生食注シリンジ「NP」（10mL）,3311402G7025,塩化ナトリウム|生食注シリンジ「NP」(),10.0ml,注射剤,生食注シリンジ「NP」（5mL）,a3d0d5b4e8ef
塩化ナトリウム,生食注シリンジ「NP」（20mL）,3311402G8021,塩化ナトリウム|生食注シリンジ「NP」(),20.0ml,注射剤,生食注シリンジ「NP」（5mL）,a3d0d5b4e8ef
日本薬局方　生理食塩液,生食注シリンジ「オーツカ」10mL,3311402G7050,日本薬局方　生理食塩液|生食注シリンジ「オーツカ」,10.0ml,注射剤,生食注シリンジ「オーツカ」5mL,45ee083bb3da
日本薬局方　生理食塩液,生食注シリンジ「オーツカ」20mL,3311402G8056,日本薬局方　生理食塩液|生食注シリンジ「オーツカ」,20.0ml,注射剤,生食注シリンジ「オーツカ」5mL,45ee083bb3da
生理食塩液,生食注シリンジ「テルモ」10mL,3311402G7084,生理食塩液|生食注シリンジ「テルモ」,10.0ml,注射剤,生食注シリンジ「テルモ」5mL,4de2c2fc538d
生理食塩液,生食溶解液キットH(100mL),3311402G2023,生理食塩液|生食溶解液キットH(),100.0ml,液剤,生食溶解液キットH(50mL),10dec1953346
ゼラチン,眼科用ゼルフィルム,7990702X1026,ゼラチン|眼科用ゼルフィルム,,(不明),,e889ed9a50b2
硝酸イソソルビド,硝酸イソソルビド注100mg/100mL「タカタ」,2171404A6052,硝酸イソソルビド|硝酸イソソルビド注/「タカタ」,100.0mg/100.0ml,注射剤,硝酸イソソルビド注5mg/10mL「タカタ」,0463d7b418f8
硝酸イソソルビド,硝酸イソソルビド注50mg/100mL「タカタ」,2171404A4033,硝酸イソソルビド|硝酸イソソルビド注/「タカタ」,50.0mg/100.0ml,注射剤,硝酸イソソルビド注5mg/10mL「タカタ」,0463d7b418f8
硝酸イソソルビド,硝酸イソソルビド注50mg/50mL「タカタ」,2171404A5056,硝酸イソソルビド|硝酸イソソルビド注/「タカタ」,50.0mg/50.0ml,注射剤,硝酸イソソルビド注5mg/10mL「タカタ」,0463d7b418f8
硝酸イソソルビド,硝酸イソソルビド注5mg/5mL「タカタ」,2171404A2030,硝酸イソソルビド|硝酸イソソルビド注/「タカタ」,5.0mg/5.0ml,注射剤,硝酸イソソルビド注5mg/10mL「タカタ」,0463d7b418f8
精製ブドウ糖,糖液注20%「AFP」,3231401H1327,精製ブドウ糖|糖液注「AFP」,20.0%,注射剤,糖液注5%「AFP」,d7b139cb2fb7
精製ブドウ糖,糖液注50%「AFP」,3231401H7147,精製ブドウ糖|糖液注「AFP」,50.0%,注射剤,糖液注5%「AFP」,d7b139cb2fb7
トロンビン,経口用トロンビン細粒1万単位,3323001C1061,トロンビン|経口用トロンビン細粒1万単位,,(不明),,196f4e5b0b4f
トロンビン,経口用トロンビン細粒1万単位「サワイ」,3323001C1053,トロンビン|経口用トロンビン細粒1万単位「サワイ」,,(不明),,72c02e2f09d6
解凍人赤血球液,解凍赤血球液-LR「日赤」（2単位）,6342403X6023,解凍人赤血球液|解凍赤血球液-LR「日赤」(),2.0単位,液剤,解凍赤血球液-LR「日赤」（1単位）,492c017f5d0a
人赤血球液,赤血球液-LR「日赤」（2単位）,6342405X4038,人赤血球液|赤血球液-LR「日赤」(),2.0単位,液剤,赤血球液-LR「日赤」（1単位）,9a7c2889e2cd
酢酸亜鉛水和物製剤,酢酸亜鉛錠50mg「ケミファ」,3929007F2050,酢酸亜鉛水和物製剤|酢酸亜鉛錠「ケミファ」,50.0mg,錠,酢酸亜鉛錠25mg「ケミファ」,e44f591a565d
酢酸亜鉛水和物,酢酸亜鉛錠50mg「サワイ」,3929007F2033,酢酸亜鉛水和物|酢酸亜鉛錠「サワイ」,50.0mg,錠,酢酸亜鉛錠25mg「サワイ」,ab48b384ddf2
酢酸亜鉛水和物製剤,酢酸亜鉛錠50mg「ノーベル」,3929007F2041,酢酸亜鉛水和物製剤|酢酸亜鉛錠「ノーベル」,50.0mg,錠,酢酸亜鉛錠25mg「ノーベル」,4f7e6699159d
酢酸亜鉛水和物製剤,酢酸亜鉛顆粒5%「ノーベル」,3929007D1044,酢酸亜鉛水和物製剤|酢酸亜鉛顆粒「ノーベル」,5.0%,顆粒,,4f7e6699159d
酸化マグネシウム製剤,酸化マグネシウム錠300mg「ヨシダ」,2344009F5030,酸化マグネシウム製剤|酸化マグネシウム錠「ヨシダ」,300.0mg,錠,酸化マグネシウム錠200mg「ヨシダ」; 酸化マグネシウム錠250mg「ヨシダ」,e02149d96d9b
酸化マグネシウム製剤,酸化マグネシウム錠330mg「TX」,2344009F2058,酸化マグネシウム製剤|酸化マグネシウム錠「TX」,330.0mg,錠,酸化マグネシウム錠250mg「TX」,8788e2fcb012
酸化マグネシウム,酸化マグネシウム錠330mg「ケンエー」,2344009F2082,酸化マグネシウム|酸化マグネシウム錠「ケンエー」,330.0mg,錠,酸化マグネシウム錠250mg「ケンエー」,0d6387602fb8
酸化マグネシウム,酸化マグネシウム錠330mg「モチダ」,2344009F2066,酸化マグネシウム|酸化マグネシウム錠「モチダ」,330.0mg,錠,酸化マグネシウム錠250mg「モチダ」,cb09c6989b25
酸化マグネシウム製剤,酸化マグネシウム錠330mg「ヨシダ」,2344009F2090,酸化マグネシウム製剤|酸化マグネシウム錠「ヨシダ」,330.0mg,錠,酸化マグネシウム錠200mg「ヨシダ」; 酸化マグネシウム錠250mg「ヨシダ」,6b01b510c822
酸化マグネシウム製剤,酸化マグネシウム錠400mg「ヨシダ」,2344009F6037,酸化マグネシウム製剤|酸化マグネシウム錠「ヨシダ」,400.0mg,錠,酸化マグネシウム錠200mg「ヨシダ」; 酸化マグネシウム錠250mg「ヨシダ」,e02149d96d9b
酸化マグネシウム,酸化マグネシウム錠500mg「ケンエー」,2344009F4050,酸化マグネシウム|酸化マグネシウム錠「ケンエー」,500.0mg,錠,酸化マグネシウム錠250mg「ケンエー」,0d6387602fb8
酸化マグネシウム製剤,酸化マグネシウム錠500mg「ヨシダ」,2344009F4069,酸化マグネシウム製剤|酸化マグネシウム錠「ヨシダ」,500.0mg,錠,酸化マグネシウム錠200mg「ヨシダ」; 酸化マグネシウム錠250mg「ヨシダ」,6b01b510c822
エポプロステノールナトリウム,静注用フローラン0.5mg,2190413F1028,エポプロステノールナトリウム|静注用フローラン,0.5mg,注射剤,静注用フローラン0.5mg,b049094dce33
エポプロステノールナトリウム,静注用フローラン1.5mg,2190413F3020,エポプロステノールナトリウム|静注用フローラン,1.5mg,注射剤,静注用フローラン0.5mg,b049094dce33
エポプロステノールナトリウム,静注用フローラン1.5mg,2190413F4027,エポプロステノールナトリウム|静注用フローラン,1.5mg,注射剤,静注用フローラン0.5mg,b049094dce33
エポプロステノールナトリウム,静注用フローラン専用溶解液,2190415A1020,エポプロステノールナトリウム|静注用フローラン専用溶解液,,注射剤,,b049094dce33
